#SampleID,OTU_1,OTU_1291,OTU_535,OTU_1318,OTU_435,OTU_1189,OTU_1226,OTU_1397,OTU_1296,OTU_701,OTU_1201,OTU_481,OTU_544,OTU_1404,OTU_72,OTU_1198,OTU_1311,OTU_941,OTU_113,OTU_924,OTU_1293,OTU_496,OTU_85,OTU_752,OTU_1309,OTU_1408,OTU_1371,OTU_433,OTU_1160,OTU_1433,OTU_14,OTU_465,OTU_56,OTU_773,OTU_663,OTU_42,OTU_486,OTU_107,OTU_99,OTU_1184,OTU_1040,OTU_1216,OTU_1375,OTU_87,OTU_578,OTU_1343,OTU_1134,OTU_407,OTU_726,OTU_101
S_118,0.028057204610265032,0.0,0.0,0.0,0.0,2.975439531927657e-07,0.0,1.7852637191565936e-06,2.975439531927657e-07,0.0,0.0,0.0,0.0,0.0,0.0,1.1901758127710623e-06,0.0,0.0,0.0,1.6960005331987642e-05,2.975439531927657e-07,0.0,0.0,0.0,0.0,0.0,0.0,0.0,2.975439531927657e-07,0.0,2.975439531927657e-07,0.0,0.0,2.975439531927657e-07,0.0,0.00018864286632421344,0.0,2.975439531927657e-07,0.0,0.0,0.0,2.975439531927657e-07,0.0,0.0,2.975439531927657e-07,0.0,0.0,0.0,0.0,2.975439531927657e-07
S_121,0.09016830692441903,0.0,0.0,0.0,0.0,8.494343616585715e-07,0.0,0.0,0.0,0.0,0.0,3.227850574302572e-05,0.0,7.644909254927144e-06,0.0,0.0,0.0,0.0,0.0,3.397737446634286e-06,0.0,0.0,0.0,0.0,0.0,8.494343616585715e-07,0.0,0.0,0.0,0.0,8.494343616585715e-07,0.0,0.0,0.0,0.0,0.0013395579883355676,8.494343616585715e-07,0.0,0.0,0.0,0.0,0.0,0.0,0.0,0.0,0.0,0.0,0.0,0.0,0.0
S_126,0.06353169058204541,0.0,0.0,4.135343165249553e-07,0.0,0.0,0.0,0.0,4.135343165249553e-07,0.0,0.0,0.0,0.0,0.0,0.0,0.0,0.0,4.135343165249553e-07,0.0,1.8195509927098035e-05,0.0,0.0,0.0,8.270686330499106e-07,0.0,0.0,0.0,0.0,0.0,0.0,0.001277821038062112,0.0,0.0,8.270686330499106e-07,0.0,0.0014134602938822975,0.0,0.0,0.0,0.0,8.270686330499106e-07,0.0,0.0,1.2406029495748658e-06,0.0,8.270686330499106e-07,0.0,0.0,0.0,0.0
S_127,0.03422506269593994,0.0,0.0,0.0,0.0,0.0,0.0,0.0,0.0,0.0,0.0,0.0,0.0,3.871613427142527e-06,0.0,2.903710070356895e-06,0.0,0.0,0.0,1.9358067135712632e-05,0.0,0.0,0.0,0.0,0.0,2.903710070356895e-06,0.0,0.0,0.0,0.0,0.0,0.0,0.0,0.0,9.679033567856315e-07,0.0007268954209460094,0.0,0.0,0.0,0.0,0.0,0.0,0.0,0.0,0.0,9.679033567856315e-07,0.0,0.0,0.0,0.0
S_131,0.036021450139997475,0.0,0.0,0.0,0.0,0.0,0.0,0.0,0.0,0.0,5.904574982788164e-07,0.0,1.1809149965576329e-06,0.0,0.0,0.0,0.0,5.904574982788164e-07,0.0,1.4170979958691593e-05,0.0,0.0,0.0,0.0,0.0,0.0,1.7713724948364491e-06,0.0,0.0,0.0,0.0,0.0,0.0,0.0,0.0,8.26640497590343e-06,0.0,0.0,0.0,0.0,1.1809149965576329e-06,0.0,5.904574982788164e-07,0.0,0.0,0.0,0.0,0.0,5.904574982788164e-07,0.0
S_137,0.09284077321642087,0.0,0.0,0.0,0.0,0.0,0.0,0.0,0.0,2.2645748034349066e-06,0.0,0.0,0.0,0.0,0.0,0.0,1.585202362404435e-05,0.0,0.0,2.9439472444653796e-05,0.0,0.0,1.8116598427479253e-05,0.0,2.2645748034349066e-06,0.0,0.0,0.0,0.0,0.0,0.0003238341968911917,0.0,0.0,0.0,0.0,7.473096851335193e-05,0.0,0.0,0.0,2.2645748034349066e-06,0.0,0.0,0.0,0.0,0.0,0.0,0.0,0.0,0.0,0.0
S_141,0.0573825788062857,0.0,0.0,0.0,0.0,0.0,0.0,0.0,9.172187176823719e-07,0.0,0.0,0.0,0.0,8.254968459141345e-06,0.0,4.5860935884118593e-07,0.0,9.172187176823719e-07,0.0,5.961921664935416e-06,0.0,0.0,0.0,0.0,0.0,4.5860935884118593e-07,0.0,0.0,0.0,4.5860935884118593e-07,0.0,9.172187176823719e-07,0.0,0.0,0.0,0.0002637003813336819,0.0,0.0,0.0,0.0,0.0,4.5860935884118593e-07,0.0,0.0,0.0,0.0,0.0,4.5860935884118593e-07,0.0,0.0
S_143,0.017937910263893908,0.0,0.0,0.0,0.0,8.952840019911116e-07,0.0,0.0,0.0,8.952840019911116e-07,0.0,5.371704011946669e-06,0.0,7.162272015928893e-06,0.0,0.0,0.0,0.0,0.0,1.0743408023893339e-05,8.952840019911116e-07,0.0,0.0,0.0,0.0,2.6858520059733343e-06,0.0,0.0,0.0,0.0,8.952840019911116e-07,0.0,0.0,0.0,3.5811360079644463e-06,0.0017995208440021344,8.952840019911116e-07,0.0,0.0,0.0,1.7905680039822231e-06,0.0,0.0,0.0,0.0,8.952840019911116e-07,0.0,0.0,0.0,0.0
S_144,0.1516954884025621,0.0,0.0,7.582006987577638e-07,0.0,0.0,0.0,0.0,0.0,0.0,0.0,0.0,0.0,7.582006987577638e-07,0.0,0.0,0.0,0.0,0.0,1.8955017468944094e-05,0.0,7.582006987577638e-07,0.0,0.0,0.0,0.0,0.0,0.0,0.0,0.0,0.0,0.0,0.0,0.0,7.582006987577638e-07,0.001731730395962733,0.0,0.0,0.0,0.0,7.582006987577638e-07,0.0,0.0,0.0,7.582006987577638e-07,0.0,0.0,0.0,7.582006987577638e-07,0.0
S_146,0.08990291909778206,0.0,0.0,0.0,0.0,0.0,0.0,0.0,0.0,0.0,0.0,1.0995684926711928e-06,0.0,0.0,0.0,0.0,0.0,0.0,0.0,4.031751139794374e-06,3.665228308903976e-07,0.0,7.330456617807952e-07,0.0,0.0,0.0,0.0,1.4660913235615905e-06,0.0,3.665228308903976e-07,0.0,0.0,0.0,3.665228308903976e-07,5.864365294246362e-06,0.000568843433541897,0.0,0.0,0.0,0.0,0.0,0.0,0.0,0.0,3.665228308903976e-07,7.330456617807952e-07,0.0,3.665228308903976e-07,0.0,0.0
S_153,0.05891222725413471,0.0,0.0,0.0,0.0,0.0,0.0,0.0,0.0,2.4434667319560965e-07,0.0,0.0,4.886933463912195e-07,0.0,0.0,0.0,0.0,0.0,2.4434667319560965e-07,2.4434667319560983e-06,0.0,0.0,0.0,0.0,2.4434667319560965e-07,0.0,2.6878134051517084e-06,0.0,0.0,0.0,0.0,0.0,0.0,0.0,0.0,0.0006054910561787211,0.0,0.0,0.0,0.0,0.0,0.0,9.77386692782439e-07,0.0,0.0,0.0,2.4434667319560965e-07,0.0,0.0,4.886933463912195e-07
S_155,0.0706121172140526,0.0,5.041507995705644e-07,0.0,0.0,0.0,0.0,7.562261993558466e-07,0.0,5.041507995705644e-07,0.0,0.0,0.0,0.0,0.0,0.0,4.209659176414212e-05,0.0,0.0,3.5290555969939505e-06,0.0,0.0,0.0,0.0,0.0,0.0,2.520753997852822e-07,8.06641279312903e-06,0.0,0.0,0.0,2.520753997852822e-07,0.0,0.0,1.5124523987116932e-06,0.0009767921741679684,0.0,0.0,0.0,0.0,0.0,0.0,0.0,0.0,0.0,0.0,0.0,0.0,0.0,0.0
S_158,0.16228597072115972,0.0,0.0,0.0,0.0,0.0,0.0,0.0,0.0,0.0,0.0,0.0,4.2698575596867375e-07,0.0,0.0,0.0,1.430402282495057e-05,0.0,2.1349287798433688e-07,9.180193753326488e-06,0.0,0.0,0.0,0.0,0.0,0.0,0.0,0.0,0.0,0.0,0.0,0.0,0.0,0.0,0.0,0.0005333052092048737,0.0,0.0,0.0,0.0,0.0,0.0,0.0,0.0,4.2698575596867375e-07,0.0,0.0,0.0,0.0,0.0
S_186,0.11242047961016163,0.0,0.0,0.0,0.0,0.0,0.0,4.0419538643302015e-07,0.0,0.0,8.083907728660403e-07,0.0,0.0,0.0,0.0,0.0,1.6976206230186843e-05,0.0,0.0,1.0913275433691544e-05,0.0,0.0,0.0,0.0,0.0,0.0,0.0,0.0,1.6167815457320806e-06,0.0,0.0,0.0,0.0,0.0,0.0,0.005006364056359389,0.0,0.0,0.0,0.0,0.0,0.0,0.0,0.0,8.083907728660403e-07,4.0419538643302015e-07,0.0,8.083907728660403e-07,4.0419538643302015e-07,0.0
S_187,0.032291361037173685,0.0,0.0,0.0,0.0,0.0,4.2216447950285907e-07,0.0,0.0,0.0,0.0,0.0,0.0,0.0,4.2216447950285907e-07,0.0,0.0,0.0,0.0,2.2796881893154396e-05,0.0,0.0,0.0,0.0,4.2216447950285907e-07,0.0,0.0,0.0,0.0,0.0,0.0,8.443289590057181e-07,0.0,0.0,4.2216447950285907e-07,0.0009545138881559645,0.0,0.0,0.0,0.0,0.0,0.0,0.0,0.0,0.0,0.0,0.0,4.2216447950285907e-07,0.0,0.0
S_193,0.10285876886051958,0.0,0.0,0.0,0.0,0.0,4.822891371606193e-07,0.0,0.0,4.822891371606193e-07,4.822891371606193e-07,0.0,0.0,4.822891371606193e-07,0.0,4.822891371606193e-07,0.0,0.0,0.0,4.388831148161634e-05,0.0,0.0,0.0,4.822891371606193e-07,0.0,0.0,0.0,0.0,0.0,0.0,4.822891371606193e-07,0.0,0.0,0.0,0.0,0.0009394992391888859,9.645782743212385e-07,0.0,0.0,0.0,0.0,0.0,0.0,0.0,0.0,4.822891371606193e-07,0.0,0.0,0.0,0.0
S_194,0.03216598269296307,0.0,0.0,2.8542510930354556e-07,0.0,0.0,1.4271255465177278e-07,0.0,0.0,0.0,0.0,0.0,0.0,0.0,0.0,0.0,2.8542510930354556e-07,0.0,1.4271255465177278e-07,8.705465833758141e-06,8.562753279106369e-07,0.0,7.135627732588641e-07,0.0,3.1396762023390017e-06,0.0,0.00019323279899850041,5.280364522115594e-06,0.0,0.0,0.0,0.0,0.0,0.0,0.0,8.562753279106369e-07,0.0,0.0,0.0,0.0,0.0,0.0,0.00025417105983480744,0.0,5.708502186070911e-07,0.0,0.0,0.0,1.4271255465177278e-07,0.0
S_195,8.797349583360854e-05,0.0,0.0,0.0,2.775189143016043e-07,0.0,0.0,0.0,0.0,0.0,0.0,0.0,0.0,2.2201513144128343e-06,0.0,0.0,0.0,0.0,0.0,1.6651134858096255e-05,0.0,0.0,0.0,2.775189143016043e-07,0.0,8.325567429048126e-07,0.0,0.0,0.0,0.0,0.0,0.0,0.0,0.0,5.550378286032086e-07,4.717821543127272e-06,0.0,0.0,2.775189143016043e-07,0.0,2.775189143016043e-07,0.0,0.0,0.0,0.0,0.0,0.0,0.0,0.0,0.0
S_198,0.055611550822470365,0.0,0.0,0.0,0.0,3.9603725126385386e-07,0.0,0.0,0.0,0.0,0.0,2.3762235075831238e-06,3.9603725126385386e-07,0.0,0.0,0.0,0.0,0.0,0.0,1.0693005784124057e-05,3.9603725126385386e-07,0.0,0.0,0.0,0.0,7.920745025277077e-07,0.0,0.0,3.9603725126385386e-07,0.0,0.0,0.0,0.0,0.0,0.0,0.0010756371744326274,0.0,7.920745025277077e-07,0.0,0.0,0.0,0.0,0.0,3.9603725126385386e-07,0.0,3.9603725126385386e-07,0.0,3.564335261374685e-06,0.0,0.0
S_200,0.02958599704084196,0.0,0.0,0.0,0.0,0.0,0.0,0.0,2.9777690926179242e-05,0.0,0.0,0.0,5.583317048658608e-06,0.0,0.0,0.0,1.8611056828862026e-06,0.0,0.0,2.29536367555965e-05,0.0,6.203685609620675e-07,0.0,0.0,0.0,0.0,3.7222113657724053e-06,0.0,0.0,0.0,0.0,0.0,1.240737121924135e-06,0.0,6.203685609620675e-07,0.0022389101365121017,0.0,0.0,0.0,0.0,6.203685609620675e-07,0.0,3.7222113657724053e-06,0.0,0.0,0.0,6.203685609620675e-07,0.0,6.203685609620675e-07,0.0
S_205,0.34509025290968365,0.0,0.0,0.0,0.0,0.0,0.0,0.0,3.5248158439228133e-06,0.0,0.0,0.0,0.0,0.0,0.0,0.0,0.0,0.0,0.0,0.0,0.0,0.0,2.0734210846604785e-07,0.0,0.0,0.0,7.256973796311675e-06,0.0,0.0,0.0,0.0,2.0734210846604785e-07,0.0,0.0,0.0,4.146842169320957e-07,0.0,0.0,0.0,0.0,0.0,0.0,8.086342230175866e-06,0.0,0.0,8.293684338641913e-07,0.0,0.0,0.0,2.0734210846604785e-07
S_224,0.08995218822953728,4.0777629392515264e-07,0.0,0.0,0.0,0.0,0.0,0.0,0.0,0.0,0.0,0.0,0.0,0.0,0.0,0.0,5.708868114952138e-06,0.0,0.0,1.54954991691558e-05,4.0777629392515264e-07,0.0,0.0,8.155525878503053e-07,0.0,0.0,4.036985309859012e-05,0.0,0.0,0.0,3.221432722008706e-05,0.0,0.0,0.0,0.0,2.6505459105134922e-05,0.0,4.0777629392515264e-07,0.0,0.0,0.0,0.0,1.4272170287380344e-05,0.0,0.0,8.155525878503053e-07,0.0,4.0777629392515264e-07,0.0,0.0
S_225,0.04376317287716375,0.0,0.0,8.378693485188773e-07,0.0,4.1893467425943864e-07,0.0,0.0,0.0,0.0,0.0,0.0,0.0,0.0,0.0,4.1893467425943864e-07,2.8487557849641833e-05,0.0,0.0,1.8014190993155865e-05,0.0,0.0,0.0,0.0,0.0,4.1893467425943864e-07,0.0,0.0,0.0,0.0,0.0,0.0,0.0,0.0,0.0,0.0004051098300088772,0.0,0.0,0.0,0.0,0.0,0.0,4.1893467425943864e-07,0.0,0.0,0.0,0.0,0.0,0.0,0.0
S_227,0.0295429859967798,0.0,0.0,0.0,0.0,0.0,1.0075708876498005e-06,0.0,0.0,0.0,0.0,0.0,0.0,0.0,0.0,0.0,0.0,0.0,0.0,1.2594636095622508e-05,0.0,1.0075708876498005e-06,0.0,0.0,0.0,0.0,0.0,7.5567816573735035e-06,0.0,0.0,0.0,0.0,0.0,0.0,0.0,0.0012755847437646475,0.0,5.037854438249004e-07,0.0,5.037854438249004e-07,0.0,0.0,0.0,0.0,0.0,0.0,0.0,0.0,0.0,0.0
S_229,0.01979080134093652,0.0,0.0,0.0,0.0,0.0,0.0,0.0,0.0,0.0,0.0,0.0,1.5319736301379043e-06,0.0,0.0,0.0,0.0,0.0,0.0,2.6809538527413327e-06,0.0,0.0,0.0,0.0,0.0,0.0,0.0,0.0,3.829934075344761e-07,0.0,0.0,0.0,0.0,0.0,0.0,3.8299340753447615e-06,0.0,0.0,0.0,0.0,0.0,0.0,0.0,0.0,0.0,3.829934075344761e-07,3.829934075344761e-07,0.0,0.0,0.0
S_231,0.00976401824840658,0.0,0.0,0.0,0.0,0.0,0.0,0.0,2.6308180870848143e-07,0.0,0.0,0.0,0.0,0.0,0.0,0.0,0.0,2.6308180870848143e-07,0.0,2.0257299270553068e-05,7.892454261254442e-07,0.0,0.0,2.6308180870848143e-07,0.0,2.6308180870848143e-07,0.0,0.0,0.0,0.0,0.0,5.261636174169628e-06,0.0,0.0,0.0,2.6308180870848143e-07,0.0,0.0,0.0,0.0,2.6308180870848143e-07,0.0,2.6308180870848143e-07,0.0,0.0,0.0,0.0,0.0,2.6308180870848143e-07,0.0
S_235,0.08028794424009154,0.0,0.0,0.0,0.0,0.0,0.0,0.0,0.0,5.687001107827816e-07,0.0,0.0,1.1374002215655632e-06,0.0,4.549600886262253e-06,0.0,5.687001107827816e-07,0.0,0.0,2.2748004431311265e-06,0.0,0.0,0.0,0.0,0.0,0.0,0.0,2.2748004431311265e-06,0.0,0.0,0.0,0.0,0.0,0.0,0.0,0.0005578948086779088,0.0,0.0,0.0,0.0,0.0,5.687001107827816e-07,0.0,0.0002934492571639153,0.0,0.0,0.0,5.687001107827816e-07,0.0,0.0
S_239,0.006459844939100804,6.155164305955983e-07,0.0,0.0,0.0,0.0,0.0,0.0,6.155164305955983e-07,0.0,0.0,6.155164305955983e-07,0.0,0.0,0.0,0.0,0.0,6.155164305955983e-07,0.0,2.3389624362632738e-05,6.155164305955983e-07,0.0,0.0,0.0,0.0,6.155164305955983e-07,6.155164305955983e-07,0.0,6.155164305955983e-07,0.0,0.0,0.0,0.0,0.0,0.0,0.0014113791753557069,0.0,0.0,0.0,0.0,0.0,0.0,0.0,0.0,0.0,1.2310328611911965e-06,0.0,0.0,0.0,0.0
S_243,0.05772769414733271,0.0,0.0,2.573200477277225e-07,0.0,0.0,0.0,5.146400954554449e-07,0.0,0.0,2.573200477277225e-07,0.0,0.0,0.0,0.0,7.719601431831674e-07,0.0,0.0,0.0,7.719601431831673e-06,0.0,0.0,0.0,0.0,0.0,0.0,0.0,0.0,0.0,0.0,0.0,0.0,0.0,0.0,0.0,0.0030942735739258624,0.0,0.0,0.0,0.0,0.0,5.146400954554449e-07,0.0,0.0,0.0,0.0,0.0,2.573200477277225e-07,0.0,0.0
S_244,0.000526971172651737,0.0,0.0,0.0,0.0,0.0,0.0,0.0,2.2012162600323186e-07,0.0,0.0,0.0,0.0,0.0,4.4024325200646373e-07,0.0,0.0,0.0,0.0,0.0,1.1006081300161592e-06,0.0,0.0,0.0,0.0,0.0,8.562731251525716e-05,0.0,0.0,0.0,0.0,0.0,0.0,0.0,0.0,0.000801462840277767,2.861581138042014e-06,0.0,0.0,0.0,0.0,0.0,0.00013845650275603279,0.0,0.0,0.0,0.0,4.4024325200646373e-07,0.0,0.0
S_248,0.0049904403438906005,0.0,2.3797998778686706e-07,0.0,0.0,0.0,0.0,0.0,0.0,0.0,0.0,0.0,2.3797998778686706e-07,0.0,2.3797998778686706e-07,0.0,0.0,0.0,0.0,4.521619767950474e-06,2.3797998778686706e-07,0.0,0.0,0.0,2.3797998778686706e-07,2.3797998778686706e-07,0.0,0.0,2.3797998778686706e-07,0.0,0.0,0.0,0.0,0.0,0.0,0.0014466803457563644,7.377379621392877e-06,0.0,2.3797998778686706e-07,0.0,0.0,0.0,0.0,0.0,2.3797998778686706e-07,0.0,0.0,0.0,0.0,0.0
S_249,0.013923634388324786,0.0,0.0,0.0,0.0,0.0,0.0,0.0,0.0,0.0,0.0,0.0,0.0,0.0,0.0,0.0,0.0,0.0,1.8167581404390374e-06,1.635082326395134e-05,0.0,0.0,0.0,0.0,1.0900548842634227e-05,0.0,0.0,0.0,0.0,1.8167581404390374e-06,0.0,0.0,0.0,0.0,0.0,0.0008883947306746894,1.8167581404390374e-06,0.0,0.0,0.0,0.0,0.0,0.0,0.0,0.0,0.0,0.0,1.8167581404390374e-06,0.0,0.0
S_258,0.0592674651629143,3.2601441831366427e-07,0.0,0.0,0.0,0.0,0.0,0.0,0.0,0.0,0.0,0.0,0.0,0.0,6.520288366273287e-07,0.0,3.2601441831366427e-07,0.0,0.0,6.520288366273287e-07,0.0,0.0,0.0,0.0,0.0,0.0,2.9341297648229784e-06,0.0,0.0,0.0,0.0,0.0,0.0,0.0,0.0,0.00023668646769572032,0.0,0.0,0.0,0.0,0.0,0.0,2.2821009281956503e-06,0.0,0.0,0.0,0.0,0.0,0.0,0.0
S_263,0.025492409858182755,0.0,1.8221879812854008e-06,0.0,0.0,0.0,1.0933127887712404e-06,0.0,0.0,0.0,0.0,0.0,0.0,0.0,1.0933127887712404e-06,0.0,0.0,0.0,3.6443759625708007e-07,2.6603944526766847e-05,0.0,3.6443759625708007e-07,1.0568690291455323e-05,0.0,0.0,0.0,0.0,3.6443759625708007e-07,0.0,0.0,0.0,0.0,3.6443759625708007e-07,0.0,0.0,9.220271185304128e-05,0.0,0.0,7.288751925141604e-07,0.0,3.6443759625708007e-07,0.0,0.0,0.0,0.0,0.0,0.0,0.0,2.9155007700566414e-06,0.0
S_264,0.11384739110433953,0.0,0.0,0.0,0.0,0.0,0.0,0.0,0.0,0.0,0.0,0.0,0.0,0.0,0.0,0.0,0.0,0.0,0.0,1.2234551024602867e-05,0.0,0.0,0.0,0.0,0.0,0.0,4.078183674867622e-06,0.0,0.0,0.0,4.5675657158517374e-05,0.0,0.0,8.156367349735244e-07,0.0,0.000535057698142632,0.0,0.0,0.0,0.0,0.0,0.0,0.0,0.0,0.0,0.0,0.0,0.0,0.0,0.0
S_268,0.01596952999802428,0.0,0.0,0.0,4.390490198230632e-07,0.0,0.0,0.0,4.390490198230632e-07,0.0,0.0,0.0,0.0,0.0,0.0,0.0,0.0,0.0,0.0,1.3171470594691895e-06,0.0,0.0,0.0,0.0,0.0,0.0,0.0,1.7561960792922531e-06,0.0,0.0,0.0,4.390490198230632e-07,0.0,0.0,0.0,0.0007371633042829233,0.0,0.0,0.0,0.0,0.0,0.0,8.780980396461266e-07,4.390490198230632e-07,0.0,4.390490198230632e-07,0.0,0.0,0.0,0.0
S_269,0.030476667610159387,3.9698151138007043e-07,0.0,3.9698151138007043e-07,0.0,0.0,0.0,0.0,0.0,0.0,0.0,0.0,0.0,3.9698151138007043e-07,0.0,0.0,3.9698151138007043e-07,0.0,0.0,6.351704182081127e-06,0.0,0.0,0.0,0.0,3.9698151138007043e-07,7.939630227601409e-07,0.0,0.0,0.0,0.0,3.9698151138007043e-07,0.0,0.0,0.0,0.0,7.145667204841269e-06,0.0,0.0,0.0,0.0,0.0,0.0,0.0,0.0,0.0,0.0,0.0,0.0,0.0,0.0
S_278,0.0246771710276266,0.0,0.0,0.0,4.955354731546135e-07,0.0,4.955354731546135e-07,0.0,0.0,0.0,1.4866064194638403e-06,0.0,0.0,0.0,0.0,9.91070946309227e-07,0.00017690616391619705,0.0,0.0,3.964283785236908e-05,0.0,0.0,4.955354731546135e-07,4.955354731546135e-07,0.0,0.0,0.0,0.0,0.0,4.955354731546135e-07,0.0012561824244469453,0.0,0.0,0.0,0.0,0.000937057579735374,0.0,0.0,0.0,3.4687483120822946e-06,0.0,4.955354731546135e-07,0.0,1.4866064194638403e-06,0.0,0.0,0.0,0.0,0.0,0.0
S_286,0.20411643271065494,0.0,0.0,0.0,0.0,0.0,0.0,0.0,0.0,0.0,0.0,0.0,0.0,0.0,2.5206250141785155e-06,0.0,0.0,0.0,0.0,2.1425312620517386e-05,0.0,0.0,0.0,0.0,0.0,0.0,0.0,0.0,0.0,0.0,0.0,1.2603125070892578e-06,0.0,0.0,0.0,0.00019912937612010277,0.0,0.0,2.5206250141785155e-06,0.0,0.0,0.0,0.0,0.0,0.0,0.0,0.0,0.0,0.0,0.0
S_288,0.0879385337083172,0.0,0.0,2.3389711894884768e-07,0.0,0.0,0.0,0.0,0.0,0.0,0.0,0.0,2.3389711894884768e-07,0.0,0.0,0.0,0.0,0.0,2.3389711894884768e-07,9.355884757953905e-07,0.0,0.0,0.0,2.3389711894884768e-07,0.0,0.0,0.0,0.0,0.0,0.0,0.0,0.0,0.0,0.0,0.0,2.3389711894884768e-07,0.0,0.0,0.0,2.3389711894884768e-07,0.0,0.0,0.0,2.3389711894884768e-07,0.0,0.0,0.0,0.0,0.0,0.0
S_290,0.08031474546122919,0.0,0.0,0.0,0.0,0.0,0.0,5.421909502547032e-06,0.0,3.614606335031355e-07,0.0,1.8073031675156772e-06,0.0,0.0,0.0,0.0,0.0,0.0,0.0,7.22921267006271e-07,0.0,0.0,0.0,0.0,0.0,0.0,0.0,0.0,1.0843819005094064e-06,0.0,0.0,0.0,3.614606335031355e-07,0.0,0.0,0.00017350110408150503,0.0,0.0,0.0,0.0,0.0,0.0,0.0,0.0,0.0,0.0,3.614606335031355e-07,0.0,0.0,2.891685068025084e-06
S_297,0.019321388236876857,0.0,0.0,0.0,0.0,1.7701684138228913e-06,0.0,0.0,0.0,1.7701684138228913e-06,0.0,1.4161347310583127e-05,0.0,0.0,0.0,0.0,0.0,0.0,0.0,1.7701684138228912e-05,0.0,1.7701684138228913e-06,0.0,0.0,1.7701684138228913e-06,0.0,0.0,0.0,0.0,0.0,7.080673655291565e-06,0.0,0.0,0.0,0.0,0.0007788741020820722,0.0,0.0,0.0,0.0,0.0,0.0,0.0,0.0,0.0,0.0,0.0,0.0,0.0,0.0
S_299,0.11406550224022692,0.0,0.0,4.337322224005343e-07,4.337322224005343e-07,0.0,0.0,8.674644448010686e-06,0.0,0.0,0.0,0.0,0.0,5.6385188912069466e-06,0.0,0.0,3.0361255568037407e-06,0.0,0.0,4.684308001925771e-05,4.337322224005343e-07,0.0,0.0,0.0,0.0,1.3011966672016032e-06,0.0,0.0,4.337322224005343e-07,0.0,0.0,0.0,0.0,4.337322224005343e-07,4.337322224005343e-06,0.0,0.0,0.0,4.337322224005343e-07,0.0,0.0,0.0,0.0,0.0,0.0,0.0,8.674644448010686e-07,0.0,0.0,1.1710770004814428e-05
S_304,0.011825708220090549,0.0,0.0,0.0,0.0,0.0,0.0,0.0,0.0,0.0,2.226267102183879e-07,0.0,0.0,0.0,0.0,2.226267102183879e-07,0.0,0.0,0.0,1.7810136817471031e-06,0.0,0.0,9.795575249609066e-06,0.0,0.0,0.0,0.0,0.0,2.226267102183879e-07,0.0,0.0,0.0,4.452534204367758e-07,2.226267102183879e-07,0.0,0.0047000951061306065,0.0,0.0,0.0,4.452534204367758e-07,0.0,0.0,0.0,0.0,0.0,0.0,2.226267102183879e-07,0.0,0.0,0.0
S_305,0.09222723001872987,0.0,0.0,2.2097552740229124e-07,0.0,0.0,0.0,0.0,0.0,2.2097552740229124e-07,0.0,0.0,0.0,0.0,0.0,0.0,0.0,0.0,2.2097552740229124e-07,3.314632911034369e-06,0.0,0.0,0.0,0.0,0.0,0.0,0.0,0.0,2.2097552740229124e-07,0.0,0.0,0.0,0.0,0.0,0.0,0.00015004238310615576,0.0,0.0,0.0,4.419510548045825e-07,0.0,0.0,0.0,0.0,0.0,0.0,2.2097552740229124e-07,0.0,0.0,0.0
S_312,0.00808527565255242,2.0378252980523283e-06,4.890780715325587e-06,0.0,0.0,0.0,0.0,0.0,4.075650596104656e-07,4.075650596104656e-07,0.0,0.0,2.8529554172732588e-06,0.0,0.0,0.0,0.0,0.0,0.0,2.445390357662793e-06,0.0,5.7059108345465175e-06,0.0,0.0,4.075650596104656e-07,0.0,0.0,0.0,1.1411821669093035e-05,0.0,0.0,0.0,1.1411821669093035e-05,0.0,0.0,0.0008391764577379487,0.0,4.075650596104656e-07,0.0,0.0,0.0,0.0,0.0,0.0,5.2983457749360535e-06,0.0,5.2983457749360535e-06,1.6302602384418624e-06,0.0,0.0
S_317,0.15098634392428684,0.0,0.0,0.0,0.0,0.0,0.0,0.0,0.0,0.0,0.0,6.461050204944513e-07,0.0,0.0,0.0,0.0,0.0,0.0,0.0,1.9383150614833543e-06,0.0,0.0,0.0,0.0,1.2922100409889026e-06,0.0,0.0,2.5844200819778048e-06,0.0,0.0,0.0,0.0,0.0,0.0,6.461050204944513e-07,6.461050204944513e-07,0.0,0.0,0.0,0.0,0.0,6.461050204944513e-07,0.0,0.0,0.0,0.0,0.0,6.461050204944513e-07,0.0,0.0
S_327,0.06265335932146891,0.0,0.0,0.0,0.0,0.0,0.0,4.629715365099354e-06,0.0,0.0,5.787144206374194e-07,0.0,0.0,0.0,0.0,0.0,2.8935721031870963e-06,0.0,0.0,2.314857682549677e-06,0.0,0.0,5.787144206374194e-07,0.0,0.0,0.0,0.0,0.0,0.0,0.0,0.0,0.0,0.0,0.0,0.0,0.0006232754310265005,0.0,0.0,0.0,0.0,0.0,0.0,0.0,0.0,0.0,0.0,0.0,5.787144206374194e-07,0.0,0.0
S_330,0.061861493471945826,0.0,0.0,0.0,1.4923825065907343e-06,0.0,0.0,0.0,0.0,1.4923825065907343e-06,0.0,0.0,0.0,0.0,0.0,0.0,0.0,7.46191253295367e-07,0.0,3.880194517135909e-05,0.0,0.0,0.0,0.0,0.0,0.0,0.0,0.0,7.46191253295367e-07,0.0,0.0005969530026362937,0.0,0.0,0.0,0.0,2.2385737598861013e-06,7.46191253295367e-07,0.0,0.0,0.0,0.0,0.0,0.0,0.0,0.0,0.0,0.0,0.0,1.4923825065907343e-06,6.7157212796583036e-06
S_332,0.004091720023754385,0.0,0.0,0.0,4.946769054892565e-07,0.0,0.0,0.0,0.0,2.4733845274462824e-07,0.0,0.0,2.4733845274462824e-07,0.0,2.4733845274462824e-07,0.0,0.0,4.946769054892565e-07,0.0,1.4840307164677694e-05,0.0,0.0,0.0,0.0,4.946769054892565e-07,0.0,0.0,0.0,0.0,0.0,0.0,0.0,4.946769054892565e-07,2.4733845274462824e-07,0.0,0.00013034736459641909,0.0,0.0,4.946769054892565e-07,0.0,0.0,0.0,0.0,0.0,0.0,4.946769054892565e-07,0.0,0.0,4.946769054892565e-07,0.0
S_334,0.00014890116213184297,0.0,0.0,0.0,0.0,4.3923646646561353e-07,0.0,0.0,0.0,0.0,0.0,2.1961823323280674e-06,0.0,0.0,1.3177093993968404e-06,0.0,0.0,0.0,4.3923646646561353e-07,1.0541675195174724e-05,0.0,0.0,0.0,4.3923646646561353e-07,0.0,0.0,0.0,0.0,0.0,4.3923646646561353e-07,0.0,0.0,0.0,0.0,0.0,0.003883728836488953,0.0,8.784729329312271e-07,0.0,0.0,0.0,0.0,0.0,0.0,3.5138917317249083e-06,0.0,0.0,0.0,0.0,0.0
S_342,0.07649269046484064,0.0,0.0,0.0,0.0,0.0,0.0,0.0,0.0,1.4401606067108601e-06,0.0,0.0,0.0,0.0,0.0,1.4401606067108601e-06,0.0,0.0,0.0,1.0081124246976023e-05,0.0,0.0,0.0,0.0,0.0,0.0,1.4401606067108601e-06,0.0,0.0,0.0,0.0,0.0,0.0,0.0,0.0,0.0018722087887241183,0.0,0.0,0.0,0.0,0.0,0.0,1.4401606067108601e-06,0.0,0.0,0.0,0.0,0.0,0.0,0.0
S_344,0.2747372890668744,0.0,0.0,0.0,0.0,0.0,0.0,3.73779516433964e-07,0.0,0.0,0.0,0.0,0.0,0.0,0.0,3.73779516433964e-07,0.0,0.0,0.0,1.495118065735856e-06,0.0,0.0,0.0,0.0,0.0,0.0,0.0,0.0,0.0,0.0,0.0,0.0,0.0,0.0,0.0,6.728031295811353e-06,0.0,0.0,0.0,0.0,0.0,0.0,3.73779516433964e-07,0.0,0.0,0.0,0.0,1.121338549301892e-06,0.0,0.0
S_347,0.002847139506103205,0.0,0.0,4.147326301679833e-07,0.0,0.0,0.0,0.0,0.0,0.0,0.0,0.0,0.0,4.147326301679833e-07,8.294652603359667e-07,0.0,0.0,8.294652603359667e-07,0.0,1.24419789050395e-06,0.0,0.0,4.147326301679833e-07,0.0,0.0,0.0,0.0,5.806256822351766e-06,0.0,0.0,0.0,0.0,0.0,0.0,0.0,9.538850493863615e-05,8.294652603359667e-07,0.0,0.0,0.0,8.294652603359667e-07,0.0,0.0,0.00031644099681817127,4.147326301679833e-07,0.0,0.0,0.0,0.0,4.147326301679833e-07
S_349,0.012816620147026132,0.0,1.140032034900181e-06,0.0,0.0,3.800106783000602e-07,0.0,0.0,0.0,0.0,0.0,0.0,3.800106783000602e-07,0.0,0.0,0.0,0.0,0.0,0.0,1.786050188010283e-05,0.0,3.800106783000602e-07,0.0,0.0,0.0,0.0,0.0,0.0,0.0,3.800106783000602e-07,0.0,0.0,3.800106783000602e-07,0.0,0.0,0.010703380764999494,0.0,0.0,1.140032034900181e-06,0.0,0.0,0.0,0.0,0.0,0.0,0.0,3.800106783000602e-07,0.0,0.0,0.0
S_350,0.01350406101784917,0.0,0.0,0.0,4.827361484896393e-07,0.0,0.0,0.0,0.0,4.827361484896393e-07,0.0,0.0,0.0,0.0,0.0,0.0,0.0,4.827361484896393e-07,0.0,1.2068403712240982e-05,0.0,0.0,0.0,1.9309445939585566e-06,0.0,4.827361484896393e-07,0.0,9.654722969792783e-07,0.0,0.0,0.0,0.0,0.0,0.0,0.0,0.0009789889091369882,0.0,0.0,0.0,0.0,0.0,0.0,0.0,0.0,0.0,0.0,9.654722969792783e-07,0.0,4.827361484896393e-07,0.0
S_353,0.007340815480371697,0.0,0.0,0.0,0.0,0.0,0.0,0.0,0.0,0.0,0.0,0.0,0.0,0.0,4.076871865140341e-07,0.0,0.0,0.0,2.853810305598238e-06,1.2230615595421021e-05,0.0,0.0,0.0,4.076871865140341e-07,0.0,0.0,0.0,0.0,0.0,0.0,0.0,0.0,0.0,0.0,0.0,0.0007896900802776839,4.076871865140341e-07,0.0,0.0,0.0,0.0,0.0,0.0,5.666851892545073e-05,0.0,4.076871865140341e-07,0.0,0.0,2.0384359325701702e-06,4.076871865140341e-07
S_354,0.0028527799770061936,0.0,0.0,0.0,0.0,0.0,0.0,0.0,0.0,0.0,3.2249377990122015e-07,6.449875598024403e-07,0.0,3.2249377990122015e-07,0.0,0.0,0.0,0.0,0.0,9.674813397036604e-06,0.0,0.0,0.0,0.0,3.2249377990122015e-07,3.2249377990122015e-07,0.0,0.0,0.0,0.0,0.0,0.0,0.0,0.0,3.2249377990122015e-07,0.00759634098557324,0.0,0.0,0.0,0.0,0.0,0.0,0.0,3.2249377990122015e-07,0.0,0.0,0.0,0.0,3.2249377990122015e-07,0.0
S_356,0.17851598736575702,0.0,0.0,0.0,0.0,0.0,2.7617038939748736e-07,0.0,0.0,5.523407787949747e-07,2.7617038939748736e-07,0.0,1.3808519469874369e-06,0.0,0.0,2.7617038939748736e-07,0.0,0.0,0.0,2.7617038939748736e-07,0.0,0.0,0.0,0.0,0.0,0.0,0.0,0.0,0.0,2.7617038939748736e-07,0.0,0.0,0.0,0.0,0.0,0.00163989977224228,0.0,0.0,0.0,1.3808519469874369e-06,0.0,0.0,0.0,7.318515319033414e-05,0.0,0.0,2.7617038939748736e-07,0.0,0.0,0.0
S_365,0.06794118884010869,8.761743657081707e-07,0.0,0.0,0.0,0.0,0.0,2.0444068533190655e-06,1.460290609513618e-06,0.0,0.0,0.0,0.0,0.0,0.0,0.0,0.0,2.920581219027236e-07,0.0,1.6355254826552524e-05,1.460290609513618e-06,0.0,0.0,0.0,2.0444068533190655e-06,0.0,8.090009976705444e-05,0.0,0.0,2.920581219027236e-07,0.0,2.920581219027236e-07,0.0,0.0,0.0,1.8399661679871587e-05,0.0,2.920581219027236e-07,0.0,0.0,0.0,0.0,9.462683149648244e-05,0.0,0.0,2.920581219027236e-07,0.0,0.0,2.920581219027236e-07,0.0
S_367,0.01959038955179224,0.0,0.0,0.0,2.6666652444452033e-07,2.6666652444452033e-07,0.0,0.0,0.0,0.0,0.0,0.0,0.0,0.0,5.066663964445886e-06,0.0,0.0,0.0,0.0,5.333330488890407e-07,0.0,0.0,0.0,0.0,0.0,0.0,0.0,0.0,0.0,0.0,0.0,0.0,0.0,0.0,0.0,0.001781065716764951,2.6666652444452033e-07,0.0,2.6666652444452033e-07,0.0,0.0,5.333330488890407e-07,0.0,5.5199970560015695e-05,0.0,0.0,0.0,2.6666652444452033e-07,1.0666660977780813e-06,0.0
S_370,0.001980747159726356,0.0,0.0,0.0,0.0,2.764862032002172e-07,0.0,1.658917219201303e-06,0.0,0.0,0.0,8.294586096006518e-07,0.0,0.0,0.0,0.0,0.0,0.0,0.0,1.963052042721542e-05,0.0,0.0,0.0,0.0,0.0,0.0,2.2118896256017376e-06,0.0,0.0,0.0,0.0,0.0,0.0,0.0,0.0,2.7648620320021717e-06,0.0,0.0,2.764862032002172e-07,0.0,0.0,2.764862032002172e-07,2.764862032002172e-07,0.0,0.0,0.0,0.0,3.0413482352023894e-06,0.0,0.0
S_372,0.0009894179941320963,0.0,0.0,0.0,0.0,2.227415565358164e-07,0.0,1.5591908957507147e-06,0.0,0.0,0.0,0.0,0.0,0.0,2.227415565358164e-07,0.0,0.0,0.0,0.0,6.23676358300286e-06,0.0,0.0,4.454831130716328e-07,0.0,0.0,0.0,0.0,0.0,2.227415565358164e-07,4.454831130716328e-07,0.0,0.0,0.0,0.0,0.0,0.00011783028340744687,0.0,2.227415565358164e-07,0.0,0.0,0.0,1.3364493392148986e-06,0.0,0.0,0.0,0.0,0.0,0.0,0.0,0.0
S_378,0.026883515519274287,5.376595571943419e-07,0.0,0.0,0.0,0.0,4.301276457554735e-06,0.0,0.0,0.0,0.0,0.0,1.0753191143886835e-06,0.0,0.0,0.0,1.7742765387413283e-05,0.0,0.0,2.742063741691144e-05,0.0,0.0,0.0,1.0753191143886835e-06,0.0,0.0,0.0,1.0753191143886835e-06,0.0,0.0,0.0,5.376595571943419e-07,5.376595571943419e-07,0.0,0.0,5.161531749065682e-05,5.376595571943419e-07,0.0,0.0,2.688297785971709e-06,0.0,0.0,0.0,0.0,0.0,0.0,0.0,0.0,0.0,0.0
S_380,0.030381665156498518,0.0,0.0,0.0,5.684447238666066e-07,0.0,0.0,0.0,0.0,0.0,0.0,5.684447238666066e-07,0.0,0.0,0.0,0.0,0.0,0.0,0.0,2.1600899506931047e-05,0.0,0.0,0.0,0.0,0.0,0.0,0.0,0.0,0.0,0.0,0.0,5.684447238666066e-07,0.0,0.0,0.0,0.0007241985782060567,0.0,0.0,0.0,0.0,0.0,0.0,0.0,0.0,0.0,1.1368894477332131e-06,5.684447238666066e-07,0.0,0.0,0.0
S_381,0.022008438049696617,0.0,0.0,0.0,0.0,0.0,0.0,0.0,0.0,7.347657346408245e-07,0.0,0.0,0.0,0.0,0.0,0.0,7.3476573464082445e-06,0.0,0.0,1.6899611896738958e-05,7.347657346408245e-07,7.347657346408245e-07,0.0,0.0,0.0,0.0,0.0,0.0,0.0,0.0,0.0,0.0,0.0,0.0,1.469531469281649e-06,0.0008545325493872787,0.0,0.0,0.0,0.0,0.0,0.0,0.0,0.0,0.0,0.0,0.0,0.0,0.0,0.0
S_384,0.03480574365597943,0.0,0.0,0.0,0.0,9.278727403979088e-07,0.0,0.0,0.0,0.0,0.0,0.0,6.185818269319393e-07,0.0,0.0,0.0,0.0,0.0,0.0,6.185818269319393e-06,0.0,6.804400096251333e-06,0.0,0.0,0.0,0.0,0.0,0.0,3.0929091346596973e-07,3.0929091346596973e-07,0.0,0.0,0.0,0.0,0.0,0.006976365844138411,0.0,3.0929091346596973e-07,0.0,0.0,0.0,0.0,0.0,0.0,2.1650363942617875e-05,0.0,0.0,0.0,0.0,0.0
S_389,0.0004520817669859292,0.0,1.043265616121375e-06,0.0,0.0,0.0,0.0,0.0,6.955104107475832e-07,0.0,0.0,0.0,0.0,0.0,0.0,0.0,0.0,0.0,3.477552053737916e-07,4.1730624644855e-06,2.08653123224275e-06,6.955104107475832e-07,0.0,0.0,0.0,0.0,0.0,0.0,3.477552053737916e-07,0.0,0.0,3.477552053737916e-07,0.0,3.477552053737916e-07,0.0,0.001018227241334462,0.0,0.0,0.0,0.0,3.477552053737916e-07,0.0,0.0,0.0,3.477552053737916e-07,0.0,0.0,3.4775520537379165e-06,0.0,0.0
S_393,0.006390897530555182,0.0,0.0,0.0,6.2890154797827e-07,0.0,0.0,3.1445077398913513e-06,0.0,0.0,0.0,2.4527160371152536e-05,0.0,0.0,0.0,0.0,0.0,0.0,0.0,9.433523219674053e-06,0.0,0.0,6.2890154797827e-07,0.0,0.0,0.0,1.8867046439348102e-06,0.0,0.0,0.0,0.0,0.0,6.2890154797827e-07,0.0,0.0,0.007522920316916069,2.515606191913081e-06,0.0,0.0,0.0,0.0,0.0,2.515606191913081e-06,6.2890154797827e-07,0.0,0.0,0.0,0.0,0.0,0.0
S_395,0.060966368832848485,0.0,0.0,0.0,0.0,0.0,3.010551078364343e-07,0.0,0.0,0.0,6.021102156728686e-07,0.0,0.0,0.0,0.0,3.010551078364343e-07,0.0,3.010551078364343e-07,0.0,5.7200470488922525e-06,0.0,0.0,0.0,0.0,0.0,0.0,0.0,0.0,0.0,0.0,0.0,0.0,0.0,0.0,0.0,0.0004545932128330159,0.0,0.0,0.0,3.010551078364343e-07,0.0,3.010551078364343e-07,0.0,0.0,0.0,0.0,0.0,1.2042204313457372e-06,0.0,0.0
S_397,0.15814658266209428,0.0,0.0,0.0,5.538276134017421e-07,0.0,0.0,0.0,5.538276134017421e-07,0.0,1.1076552268034842e-06,0.0,0.0,0.0,0.0,0.0,0.0,0.0,5.538276134017421e-07,1.1630379881436585e-05,0.0,0.0,2.2153104536069685e-06,5.538276134017421e-07,0.0,0.0,0.0,0.0,0.0,0.0,0.0,5.538276134017421e-07,0.0,0.0,0.0,0.0005172749909172271,0.0,0.0,0.0,0.0,0.0,0.0,0.0,0.0,0.0,0.0,0.0,0.0,0.0,0.0
S_398,0.15135781401150986,0.0,0.0,0.0,0.0,0.0,0.0,0.0,0.0,0.0,0.0,5.92794362229218e-06,0.0,0.0,0.0,0.0,0.0,0.0,0.0,8.521418957045009e-06,0.0,0.0,0.0,0.0,0.0,0.0,0.0,0.0,0.0,0.0,0.0,0.0,0.0,3.704964763932613e-07,0.0,6.298440098685441e-06,0.0,0.0,3.704964763932613e-07,0.0,0.0,0.0,0.0,0.0,0.0,3.704964763932613e-07,0.0,0.0,0.0,0.0
S_420,0.092993380744407,0.0,0.0,0.0,0.0,0.0,0.0,0.0,0.0,0.0,0.0,0.0,0.0,0.0,0.0,7.05451944260831e-07,0.0,0.0,0.0,7.75997138686914e-06,0.0,0.0,0.0,0.0,0.0,7.05451944260831e-07,0.0,0.0,0.0,0.0,0.0,0.0,0.0,0.0,0.0,0.0003372060293566772,0.0,0.0,0.0,7.05451944260831e-07,0.0,0.0,0.0,0.0,0.0,0.0,7.05451944260831e-07,0.0,0.0,0.0
S_421,0.024265613394253042,0.0,0.0,0.0,0.0,0.0,0.0,0.0,0.0,0.0,0.0,2.3313490444499675e-07,0.0,0.0,0.0,0.0,0.0,0.0,4.662698088899935e-07,8.859126368909875e-06,0.0,1.002480089113486e-05,3.403769604896952e-05,0.0,0.0,0.0,0.0,0.0,2.3313490444499675e-07,0.0,0.0,0.0,6.994047133349902e-07,0.0,0.0,2.1215276304494698e-05,0.0,0.0,0.0,0.0,0.0,0.0,0.0,2.3313490444499675e-07,0.0,0.0,4.662698088899935e-07,0.0,0.0,0.0
S_422,0.026182787221673227,0.0,3.0091007242303623e-06,0.0,0.0,0.0,0.0,0.0,0.0,0.0,0.0,0.0,1.8054604345382172e-06,0.0,0.0,0.0,6.018201448460724e-07,0.0,6.018201448460724e-07,7.2218417381528704e-06,0.0,0.0,0.0,0.0,0.0,0.0,0.0,0.0,0.0,0.0,2.4072805793842897e-06,0.0,0.0,0.0,0.0,0.0004519669287794005,0.0,0.0,6.018201448460724e-07,0.0,0.0,0.0,0.0,0.0,1.0832762607229304e-05,0.0,0.0,0.0,6.018201448460724e-07,0.0
S_424,0.08672966816474789,0.0,0.0,0.0,7.695622729791295e-07,0.0,0.0,0.0,0.0,0.0,0.0,0.0,0.0,0.0,0.0,0.0,0.0,3.8478113648956474e-07,0.0,7.4262759342486e-05,0.0,0.0,0.0,0.0,0.0,3.8478113648956474e-07,0.0,0.0,0.0,0.0,0.0,0.0,0.0,3.8478113648956474e-07,0.0,1.846949455149911e-05,0.0,7.695622729791295e-07,0.0,7.695622729791295e-07,0.0,0.0,0.0,3.8478113648956474e-07,0.0,0.0,0.0,0.0,0.0,0.0
S_432,0.06363024104097208,0.0,0.0,2.5705553170651456e-07,0.0,0.0,0.0,0.0,0.0,0.0,2.5705553170651456e-07,0.0,0.0,0.0,0.0,2.5705553170651456e-07,0.0,0.0,0.0,5.141110634130291e-07,0.0,0.0,0.0,0.0,2.5705553170651456e-07,0.0,0.0,0.0,0.0,0.0,0.0,0.0,0.0,0.0,0.0,0.00028404636253569866,0.0,0.0,0.0,2.5705553170651456e-07,0.0,0.0,0.0,0.0006223314422614717,0.0,0.0,0.0,0.0,2.5705553170651456e-07,0.0
S_434,0.12355491157739315,0.0,2.3768879026388683e-07,0.0,0.0,0.0,0.0,0.0,0.0,0.0,0.0,2.3768879026388683e-07,0.0,0.0,0.0,0.0,0.0,0.0,0.0,4.7537758052777365e-06,0.0,0.0,6.964281554731884e-05,0.0,0.0,0.0,0.0,4.7537758052777365e-07,0.0,0.0,2.3768879026388683e-07,0.0,4.7537758052777365e-07,0.0,0.0,4.040709434486076e-06,0.0,0.0,0.0,0.0,0.0,2.3768879026388683e-07,0.0,0.0,0.0,0.0,0.0,0.0,0.0,4.7537758052777365e-07
S_436,0.06519182616876495,0.0,0.0,0.0,0.0,0.0,0.0,0.0,0.0,0.0,3.6521622261243546e-07,0.0,0.0,0.0,0.0,7.304324452248709e-07,1.278256779143524e-05,0.0,0.0,2.3008622024583443e-05,0.0,0.0,0.0,0.0,0.0,0.0,0.0,0.0,0.0,0.0,0.0,3.6521622261243546e-07,0.0,3.6521622261243546e-07,0.0,7.304324452248709e-06,0.0,0.0,0.0,1.0956486678373064e-06,0.0,0.0,0.0,0.0,0.0,3.6521622261243546e-07,0.0,0.0,0.0,0.0
S_439,0.215412628952224,0.0,0.0,0.0,0.0,0.0,0.0,0.0,0.0,0.0,0.0,0.0,0.0,0.0,0.0,0.0,0.0,0.0,4.0365371193898696e-07,4.440190831328856e-06,0.0,0.0,0.0,0.0,0.0,0.0,0.0,2.0182685596949348e-07,4.0365371193898696e-07,0.0,0.0,0.0,0.0,0.0,0.0,8.073074238779739e-07,0.0,0.0,0.0,0.0,0.0,0.0,0.0,0.0,0.0,0.0,0.0,0.0,0.0,2.0182685596949348e-07
S_441,0.04350170643620909,0.0,0.0,0.0,3.734404659342005e-07,0.0,0.0,0.0,0.0,0.0,0.0,0.0,0.0,0.0,0.0,0.0,0.0,0.0,0.0,2.2406427956052035e-06,0.0,3.734404659342005e-07,3.734404659342005e-07,0.0,0.0,0.0,0.0,0.0,0.0,0.0,0.0,0.0,0.0,0.0,0.0,0.008220918417075491,0.0,3.734404659342005e-07,0.0,0.0,3.734404659342005e-07,0.0,0.0,0.0,0.0,0.0,0.0,1.1203213978026017e-06,0.0,0.0
S_446,0.18045718217979104,0.0,0.0,0.0,0.0,0.0,0.0,0.0,0.0,0.0,8.971921027356733e-07,0.0,0.0,0.0,0.0,4.4859605136783676e-07,0.0,0.0,8.971921027356733e-07,1.1663497335563753e-05,0.0,0.0,0.0,0.0,0.0,0.0,0.0,0.0,0.0,0.0,0.0009169303289958582,0.0,0.0,0.0,0.0,4.4859605136783676e-07,0.0,0.0,0.0,4.4859605136783676e-07,0.0,4.4859605136783676e-07,0.0,0.0,0.0,0.0,0.0,4.4859605136783676e-07,0.0,0.0
S_451,0.03658933470670423,4.1300247429782354e-07,0.0,0.0,0.0,0.0,0.0,0.0,0.0,0.0,2.0650123714891177e-07,2.478014845786941e-06,0.0,0.0,0.0,0.0,0.0,0.0,0.0,1.0531563094594501e-05,0.0,0.0,0.0,0.0,0.0,0.0,1.0325061857445586e-06,0.0,0.0,1.2390074228934706e-06,0.0,0.0,0.0,0.0,0.0,1.528109154901947e-05,0.0,0.0,2.0650123714891177e-07,0.0,0.0,0.0,1.4455086600423824e-06,0.0,0.0,2.0650123714891177e-07,0.0,0.0,0.0,0.0
S_456,0.022895814110090843,0.0,0.0,0.0,0.0,0.0,5.327457502871499e-07,0.0,0.0,0.0,5.327457502871499e-07,0.0,0.0,0.0,5.327457502871499e-07,0.0,0.0,0.0,0.0,1.544962675832735e-05,0.0,0.0,0.0,0.0,0.0,0.0,0.0,0.0,0.0,1.0654915005743e-06,0.0,0.0,0.0,0.0,0.0,1.38513895074659e-05,0.0,2.1309830011486e-06,0.0,0.0,0.0,0.0,0.0,5.327457502871499e-07,0.0,0.0,5.327457502871499e-07,0.0,0.0,0.0
S_457,0.0557680171652152,0.0,0.0,0.0,0.0,0.0,0.0,0.0,0.0,0.0,0.0,0.0,9.015344115684894e-07,0.0,0.0,0.0,0.0,0.0,0.0,9.015344115684894e-07,0.0,0.0,0.0,0.0,0.0,0.0,0.0,0.0,0.0,9.015344115684894e-07,0.0,0.0,9.015344115684894e-07,0.0,0.0,0.0010223400227186673,0.0,0.0,0.0,0.0,0.0,0.0,0.0,0.0,0.0,0.0,0.0,7.212275292547917e-06,0.0,0.0
S_458,0.013517819780556212,0.0,0.0,0.0,3.679720105769875e-07,0.0,0.0,0.0,0.0,0.0,0.0,0.0,0.0,0.0,0.0,0.0,0.0,3.679720105769875e-07,0.0,2.9805732856735993e-05,0.0,3.679720105769875e-07,0.0,0.0,0.0,0.0,0.0,3.679720105769875e-07,0.0,0.0,0.0,0.0,0.0,0.0,0.0,0.018599145274613836,0.0,0.0,0.0,7.35944021153975e-07,0.0,0.0,0.0,0.0,0.0,0.0,7.35944021153975e-07,0.0,0.0,2.5758040740389124e-06
S_462,0.037593596554668,0.0,0.0,0.0,0.0,0.0,6.797135415250597e-07,0.0,0.0,0.0,0.0,0.0,0.0,0.0,0.0,6.797135415250597e-07,0.0,0.0,0.0,2.8547968744052502e-05,0.0,0.0,0.0,0.0,0.0,0.0,0.0,1.4953697913551313e-05,0.0,0.0,0.0,0.0,0.0,6.797135415250597e-07,0.0,6.797135415250597e-07,0.0,4.757994790675418e-06,0.0,0.0,0.0,0.0,0.0,0.0,0.0,6.797135415250597e-07,0.0,0.0,0.0,0.0
S_463,0.02758966489850445,0.0,0.0,0.0,0.0,0.0,0.0,0.0,0.0,0.0,0.0,0.0,0.0,0.0,0.0,0.0,1.0675875439579172e-06,3.55862514652639e-07,0.0,8.896562866315976e-06,0.0,0.0,7.11725029305278e-07,0.0,0.0,0.0,0.0,0.0,1.0675875439579172e-06,0.0,0.0,0.0,0.0,3.55862514652639e-07,0.0,0.005663196058182098,0.0,0.0,0.0,0.0,0.0,7.11725029305278e-07,0.0,0.0,0.0,0.0,3.55862514652639e-07,0.0,0.0,0.0
S_468,0.008168242947723534,0.0,8.679873254561874e-06,0.0,0.0,0.0,1.4466455424269794e-06,0.0,0.0,0.0,0.0,0.0,1.3502025062651809e-05,0.0,0.0,0.0,0.0,0.0,4.822151808089931e-07,8.679873254561874e-06,0.0,6.461683422840508e-05,0.0,0.0,0.0,0.0,0.0,1.4466455424269794e-06,0.0,0.0,0.0,4.822151808089931e-07,0.0,0.0,4.822151808089931e-07,0.0021882924905112107,0.0,0.0,4.822151808089931e-07,4.822151808089931e-07,0.0,0.0,0.0,0.0,3.134398675258455e-05,0.0,0.0,0.0,0.0,0.0
S_470,0.07666398250630294,0.0,0.0,3.635431643887658e-06,0.0,0.0,0.0,0.0,0.0,0.0,0.0,0.0,0.0,0.0,0.0,0.0,0.0,0.0,0.0,7.270863287775316e-06,0.0,0.0,1.817715821943829e-06,0.0,0.0,0.0,0.0,0.0,0.0,0.0,0.0,0.0,0.0,0.0,0.0,0.0012578593487851295,0.0,0.0,0.0,0.0,0.0,0.0,0.0,0.0,0.0,0.0,0.0,0.0,0.0,0.0
S_472,0.01165016689988725,0.0,0.0,0.0,0.0,1.589598430875597e-07,0.0,0.0,0.0,0.0,0.0,1.589598430875597e-07,0.0,0.0,0.0,0.0,0.0,0.0,0.0,6.358393723502388e-07,0.0,0.0,0.0,0.0,0.0,0.0,0.0,0.0,0.0,0.0,0.0,0.0,1.589598430875597e-07,0.0,0.0,1.080926932995406e-05,0.0,0.0,0.0,0.0,0.0,0.0,0.0,0.0,0.0,0.0,0.0,0.0,0.0,0.0
S_475,0.08451397898700043,0.0,0.0,0.0,0.0,0.0,0.0,0.0,0.0,0.0,0.0,0.0,0.0,0.0,0.0,0.0,1.0175786715510445e-06,0.0,0.0,3.154493881808237e-05,0.0,0.0,0.0,0.0,2.035157343102089e-06,0.0,0.0,0.0,0.0,0.0,0.0,0.0,0.0,1.0175786715510445e-06,0.0,0.00023506067312829127,1.0175786715510445e-06,0.0,0.0,0.0,0.0,0.0,0.0,0.0,0.0,1.0175786715510445e-06,0.0,0.0,1.0175786715510445e-06,0.0
S_476,0.1250963156358706,0.0,0.0,0.0,0.0,0.0,0.0,1.66981116847634e-06,0.0,0.0,0.0,0.0,5.566037228254467e-07,0.0,5.566037228254467e-07,1.8553457427514888e-07,0.0,0.0,0.0,1.688364625903855e-05,0.0,0.0,0.0,0.0,0.0,0.0,2.411949465576936e-06,0.0,0.0,0.0,0.0,0.0,0.0,1.8553457427514888e-07,0.0,0.0015117357111939134,0.0,0.0,0.0,5.566037228254467e-07,0.0,9.276728713757444e-07,4.2672952083284245e-06,0.0,0.0,0.0,0.0,0.0,0.0,0.0
S_478,0.06759057883339584,0.0,0.0,0.0,8.52802639935852e-07,0.0,0.0,0.0,0.0,0.0,0.0,1.2792039599037785e-06,0.0,0.0,0.0,0.0,0.0,0.0,0.0,5.9696184795509655e-06,0.0,2.1106865338412343e-05,0.0,0.0,0.0,0.0,0.0,0.0,0.0,0.0,0.0,0.0,0.0,2.1320065998396303e-07,0.0,2.643688183801142e-05,0.0,0.0,0.0,0.0,0.0,0.0,0.0,0.0,0.0,4.2640131996792607e-07,0.0,2.1320065998396303e-07,0.0,0.0
S_479,0.0008674033445677607,0.0,0.0,0.0,0.0,0.0,0.0,0.0,0.0,6.708455874460639e-07,0.0,0.0,0.0,6.70845587446064e-06,0.0,0.0,0.0,0.0,1.3416911748921279e-06,3.35422793723032e-06,0.0,0.0,0.0,6.708455874460639e-07,0.0,4.695919112122448e-06,0.0,0.0,0.0,0.0,0.0,0.0,0.0,0.0,2.0125367623381923e-06,0.00255323830581972,0.0,0.0,1.3416911748921279e-06,0.0,0.0,1.3416911748921279e-06,0.0,0.0,0.0,0.0,0.0,0.0,0.0,6.708455874460639e-07
S_483,0.04362343633353443,0.0,0.0,0.0,0.0,0.0,0.0,2.20380210958957e-06,0.0,0.0,1.3773763184934812e-07,0.0,1.2396386866441329e-06,0.0,0.0,0.0,0.0,6.886881592467405e-07,1.3773763184934812e-07,3.5811784280830497e-06,0.0,0.0,0.0,0.0,0.0,0.0,0.0,0.0,0.0,0.0,0.0,0.0,1.3773763184934812e-07,0.0,0.0,9.641634229454369e-07,0.0,1.3773763184934812e-07,0.0,1.3773763184934812e-07,0.0,0.0,0.0,0.0,0.0,0.0,0.0,0.0,0.0,0.0
S_484,0.019993648709416646,0.0,1.8452325924909e-07,0.0,0.0,0.0,5.5356977774727e-07,0.0,0.0,0.0,1.8452325924909e-07,0.0,0.0,0.0,0.0,0.0,0.0,0.0,0.0,9.04163970320541e-06,0.0,0.0,0.0,0.0,0.0,0.0,1.4761860739927196e-06,0.0,0.0,0.0,0.0,0.0,1.8452325924909e-07,0.0,1.8452325924909e-07,3.6904651849818e-07,1.8452325924909e-07,0.0,0.0,0.0,0.0,3.6904651849818e-07,1.10713955549454e-06,0.0,0.0,0.0,0.0,0.0,0.0,0.0
S_485,0.010141977103878591,0.0,0.0,0.0,1.3219469634878251e-06,0.0,0.0,0.0,0.0,0.0,0.0,0.0,0.0,0.0,0.0,0.0,0.0,0.0,0.0,1.5863363561853898e-05,0.0,0.0,1.3219469634878251e-06,0.0,0.0,0.0,0.0,0.0,0.0,0.0,6.609734817439125e-06,0.0,0.0,0.0,0.0,0.0005578616185918621,0.0,0.0,0.0,1.3219469634878251e-06,0.0,0.0,0.0,0.0,0.0,0.0,0.0,0.0,0.0,0.0
S_487,0.02707050386061264,0.0,0.0,0.0,4.3394735437486203e-07,0.0,0.0,4.3394735437486203e-07,0.0,0.0,0.0,0.0,0.0,0.0,0.0,0.0,0.0,4.3394735437486203e-07,0.0,1.605605211186989e-05,0.0,0.0,2.386710449061741e-05,0.0,0.0,0.0,0.0,0.0,4.3394735437486203e-07,0.0,0.0,4.3394735437486203e-07,0.0,0.0,0.0,0.0007463894495247625,0.0,0.0,0.0,0.0,0.0,0.0,0.0,0.0,0.0,0.0,0.0,0.0,0.0,0.0
S_488,0.014987356754939727,0.0,1.625879448355362e-06,0.0,0.0,0.0,0.0,0.0,0.0,0.0,0.0,0.0,0.0,4.064698620888405e-07,0.0,0.0,7.72292737968797e-06,0.0,0.0,4.633756427812782e-05,0.0,0.0,0.0,0.0,0.0,4.064698620888405e-07,0.0,0.0,0.0,8.12939724177681e-07,0.0,0.0,4.064698620888405e-07,0.0,0.0,3.251758896710724e-06,0.0,4.064698620888405e-07,2.0323493104442027e-06,0.0,0.0,0.0,0.0,0.0,0.0,0.0,8.12939724177681e-07,0.0,1.625879448355362e-06,0.0
S_495,0.03530803115278147,0.0,0.0,0.0,0.0,0.0,0.0,0.0,0.0,0.0,0.0,0.0,0.0,0.0,0.0,3.5124680321503225e-07,0.0,0.0,0.0,5.619948851440516e-06,0.0,7.024936064300645e-07,0.0,0.0,0.0,0.0,0.0,0.0,1.404987212860129e-06,0.0,0.0,0.0,0.0,0.0,0.0,0.003237793032036167,3.5124680321503225e-07,0.0,0.0,0.0,0.0,7.024936064300645e-07,0.0,0.0,0.0,0.0,3.5124680321503225e-07,0.0,0.0,3.5124680321503225e-07
S_497,0.04403536134268205,0.0,0.0,0.0,6.901120742008502e-07,0.0,0.0,0.0,6.901120742008502e-07,0.0,6.901120742008502e-07,0.0,0.0,0.0,6.901120742008502e-07,0.0,0.0,6.901120742008502e-07,0.0,3.588582785844421e-05,0.0,0.0,0.0,0.0,0.0,0.0,0.0,0.0,0.0,0.0,0.0,0.0,0.0,0.0,0.0,0.0005341467454314581,0.0,6.901120742008502e-07,0.0,6.901120742008502e-07,0.0,0.0,0.0,0.0,1.3802241484017004e-06,0.0,0.0,2.070336222602551e-06,0.0,0.0
S_51,0.01926046263955451,0.0,3.6101408857480665e-07,0.0,0.0,0.0,0.0,0.0,0.0,0.0,0.0,0.0,0.0,0.0,0.0,7.220281771496133e-07,0.0,0.0,0.0,7.220281771496133e-07,3.6101408857480665e-07,0.0,0.0,0.0,0.0,0.0,0.0,0.0,0.0,0.0,0.0,0.0,0.0,0.0,0.0,0.0012772678453776658,0.0,0.0,3.6101408857480665e-07,0.0,0.0,3.6101408857480665e-07,0.0,0.0,3.2491267971732602e-06,0.0,0.0,0.0,0.0,3.6101408857480665e-07
S_517,0.031853274904843736,0.0,0.0,0.0,2.249556837303051e-07,0.0,0.0,0.0,0.0,0.0,2.249556837303051e-07,0.0,0.0,0.0,0.0,4.499113674606102e-07,0.0,0.0,0.0,1.1697695553975866e-05,0.0,0.0,0.0,0.0,0.0,0.0,0.0,0.0,0.0,0.0,0.0,0.0,0.0,2.249556837303051e-07,0.0,0.0008235627581366471,0.0,0.0,0.0,0.0,0.0,0.0,0.0,0.0,2.249556837303051e-07,0.0,0.0,2.249556837303051e-07,0.0,0.0
S_524,0.028481694207298687,0.0,0.0,0.0,0.0,0.0,0.0,0.0,0.0,6.153414468154234e-07,0.0,1.8460243404462703e-06,0.0,0.0,0.0,0.0,0.0,0.0,0.0,1.969092629809355e-05,0.0,0.0,0.0,0.0,0.0,0.0,0.0,0.0,0.0,0.0,0.0,0.0,0.0,0.0,0.0,0.0032748471799516838,0.0,0.0,0.0,0.0,0.0,0.0,0.0,0.0,0.0,0.0,6.153414468154234e-07,0.0,0.0,6.153414468154234e-07
S_526,0.055384529518035436,0.0,0.0,0.0,0.0,2.818852371909234e-07,0.0,0.0,0.0,2.818852371909234e-07,0.0,0.0,0.0,0.0,0.0,0.0,2.818852371909234e-07,0.0,0.0,1.719499946864633e-05,0.0,0.0,0.0,0.0,0.0,0.0,0.0,0.0,5.637704743818468e-07,0.0,0.0,0.0,0.0,5.637704743818468e-07,0.0,1.409426185954617e-06,0.0,0.0,0.0,0.0,0.0,0.0,0.0,0.0,0.0,8.456557115727701e-07,1.973196660336464e-06,0.0,0.0,5.073934269436621e-06
S_529,0.019698727634504743,0.0,0.0,0.0,0.0,0.0,0.0,2.7836822771857193e-07,0.0,2.7836822771857193e-07,0.0,0.0,0.0,0.0,0.0,0.0,0.0,0.0,0.0,2.616661340554576e-05,0.0,2.7836822771857193e-07,0.0,0.0,0.0,0.0,0.0,2.7836822771857193e-07,0.0,0.0,0.0,0.0,0.0,0.0,0.0,0.00680109253962015,0.0,0.0,5.567364554371439e-07,0.0,0.0,0.0,0.0,0.0,0.0,0.0,0.0,0.0,0.0,0.0
S_53,0.02649755370394152,0.0,0.0,0.0,0.0,0.0,4.196767985039362e-07,0.0,0.0,0.0,4.196767985039362e-07,0.0,0.0,0.0,0.0,0.0,0.0,0.0,0.0,2.8957699096771593e-05,0.0,0.0,4.196767985039362e-07,0.0,0.0,0.0,0.0,0.0,0.0,8.393535970078724e-07,0.0,0.0,0.0,0.0,0.0,0.0034430284549262927,0.0,4.196767985039362e-07,0.0,0.0,8.393535970078724e-07,4.196767985039362e-07,0.0,0.0,0.0,0.0,0.0,0.0,4.196767985039362e-07,0.0
S_530,0.007444340913146052,0.0,8.619627063215483e-07,0.0,0.0,0.0,0.0,0.0,3.878832178446966e-06,0.0,0.0,0.0,0.0,3.878832178446966e-06,0.0,0.0,0.0,0.0,0.0,2.154906765803871e-06,0.0,3.878832178446966e-06,0.0,0.0,0.0,0.0,0.0,4.3098135316077416e-07,0.0,0.0,0.0,4.3098135316077416e-07,0.0,0.0,2.154906765803871e-06,0.0050127441186129645,1.9394160892234835e-05,0.0,0.0,0.0,0.0,0.0,0.0,0.0,0.0,4.3098135316077416e-07,0.0,0.0,0.0,0.0
S_536,0.019514461609943082,0.0,5.094627613289234e-07,0.0,0.0,5.094627613289234e-07,0.0,0.0,0.0,0.0,0.0,9.679792465249545e-06,0.0,0.0,0.0,0.0,0.0,0.0,0.0,5.094627613289234e-07,0.0,0.0,0.0,0.0,0.0,0.0,0.0,4.075702090631386e-06,0.0,0.0,0.0,0.0,0.0,0.0,0.0,0.0033751907938041176,1.0189255226578468e-06,0.0,0.0,0.0,0.0,0.0,0.0,3.871916986099818e-05,0.0,0.0,0.0,5.094627613289234e-07,0.0,0.0
S_54,0.05421564466424314,0.0,0.0,0.0,0.0,0.0,0.0,5.42742608659784e-07,0.0,5.42742608659784e-07,0.0,0.0,0.0,2.5508902607009852e-05,0.0,5.42742608659784e-07,0.0,0.0,0.0,1.6282278259793517e-06,0.0,0.0,0.0,0.0,0.0,1.4111307825154385e-05,0.0,0.0,0.0,0.0,0.0,0.0,0.0,5.42742608659784e-07,1.35685652164946e-05,0.0007039371634317398,0.0,0.0,0.0,0.0,0.0,0.0,0.0,5.644523130061754e-05,0.0,0.0,0.0,0.0,0.0,0.0
S_543,0.11374492621205765,0.0,0.0,0.0,0.0,0.0,0.0,0.0,0.0,0.0,0.0,0.0,1.180465422101972e-06,0.0,0.0,0.0,0.0,5.90232711050986e-07,0.0,9.443723376815777e-06,0.0,0.0,0.0,0.0,0.0,0.0,5.90232711050986e-07,0.0,0.0,0.0,0.0,1.7706981331529582e-06,0.0,0.0,0.0,0.0010022151433645744,0.0,0.0,0.0,0.0,0.0,0.0,2.9511635552549305e-06,0.0,5.90232711050986e-07,0.0,0.0,5.90232711050986e-07,0.0,0.0
S_547,0.07329671914745202,0.0,0.0,2.543947326044246e-07,0.0,0.0,0.0,0.0,0.0,0.0,0.0,0.0,0.0,0.0,2.543947326044246e-07,0.0,0.0,2.543947326044246e-07,0.0,8.395026175946014e-06,0.0,0.0,0.0,2.543947326044246e-07,2.543947326044246e-07,0.0,0.0,0.0,0.0,0.0,0.0,2.543947326044246e-07,0.0,2.543947326044246e-07,0.0,0.0087048789602582,0.0,2.543947326044246e-07,2.543947326044246e-07,0.0,0.0,0.0,0.0,0.0,0.0,0.0,0.0,0.0,2.543947326044246e-07,0.0
S_550,0.14585611232460696,0.0,3.3208552198447664e-06,0.0,0.0,0.0,0.0,4.151069024805958e-06,0.0,0.0,0.0,0.0,5.811496634728341e-06,0.0,0.0,0.0,0.0,0.0,0.0,0.0,0.0,8.302138049611916e-07,0.0,0.0,0.0,0.0,0.0,8.302138049611916e-07,0.0,0.0,0.0,0.0,0.0,0.0,0.0,1.2453207074417876e-05,0.0,0.0,0.0,0.0,0.0,0.0,0.0,0.0,6.641710439689533e-06,0.0,0.0,0.0,0.0,0.0
S_551,0.15345860128299335,0.0,0.0,0.0,0.0,5.275032270009911e-07,0.0,0.0,0.0,0.0,0.0,0.0,0.0,0.0,0.0,0.0,0.0,0.0,0.0,2.637516135004956e-06,0.0,0.0,0.0,0.0,0.0,0.0,0.0,0.0,5.275032270009911e-07,5.275032270009911e-07,0.0,0.0,0.0,0.0,0.0,0.001188464770433233,0.0,0.0,0.0,0.0,0.0,0.0,0.0,0.0,0.0,5.275032270009911e-07,0.0,1.5825096810029737e-06,0.0,0.0
S_552,0.08628688273586678,0.0,0.0,0.0,0.0,0.0,0.0,0.0,0.0,0.0,0.0,0.0,0.0,0.0,0.0,3.9512807088597593e-07,0.0,0.0,0.0,1.7780763189868916e-05,0.0,0.0,0.0,0.0,0.0,0.0,0.0,1.185384212657928e-06,0.0,0.0,0.0,0.0,0.0,0.0,0.0,0.0062264281410212095,0.0,0.0,0.0,7.902561417719519e-07,0.0,0.0,0.0,0.0,0.0,0.0,0.0,0.0,3.9512807088597593e-07,0.0
S_558,0.04487268564001946,0.0,0.0,0.0,0.0,0.0,0.0,1.2153922131441426e-06,0.0,0.0,0.0,0.0,4.0513073771471423e-07,0.0,0.0,0.0,0.0,0.0,1.2153922131441426e-06,5.671830328005999e-06,0.0,0.0,0.0,0.0,0.0,0.0,0.0,0.0,0.0,0.0,0.0,0.0,0.0,0.0,0.0,4.253872746004499e-05,0.0,0.0,8.102614754294285e-07,0.0,0.0,0.0,0.0,0.0,0.0,0.0,0.0,0.0,0.0,0.0
S_561,0.04712484057941765,0.0,0.0,0.0,0.0,0.0,3.8812071175128603e-07,1.5524828470051441e-06,0.0,0.0,0.0,0.0,3.8812071175128603e-07,0.0,0.0,0.0,0.0,0.0,0.0,0.0,0.0,0.0,3.8812071175128603e-07,0.0,0.0,0.0,1.5524828470051441e-06,0.0,0.0,0.0,0.0,0.0,0.0,0.0,0.0,1.164362135253858e-06,0.0,0.0,0.0,0.0,0.0,3.8812071175128603e-07,1.5524828470051441e-06,2.7168449822590027e-06,0.0,0.0,0.0,0.0,0.0,0.0
S_563,0.04016492730008061,0.0,0.0,0.0,0.0,0.0,0.0,0.0,1.0776744647190935e-06,0.0,0.0,1.8320465900224586e-05,0.0,0.0,0.0,0.0,0.0,0.0,0.0,7.543721253033654e-06,0.0,0.0,0.0,0.0,0.0,0.0,0.0,0.0,0.0,0.0,1.0776744647190935e-06,0.0,0.0,0.0,0.0,0.0030756829223082924,1.0776744647190935e-06,0.0,0.0,0.0,0.0,0.0,1.0776744647190935e-06,0.0,0.0,0.0,0.0,0.0,0.0,0.0
S_577,0.040679049277105736,3.546467771296805e-07,0.0,0.0,0.0,0.0,7.09293554259361e-07,0.0,0.0,3.546467771296805e-07,0.0,0.0,0.0,5.319701656945208e-06,0.0,0.0,0.0,0.0,3.546467771296805e-07,1.45405178623169e-05,0.0,0.0,0.0,0.0,0.0,7.09293554259361e-07,0.0,0.0,0.0,7.09293554259361e-07,1.9150925965002748e-05,0.0,0.0,0.0,3.1918209941671245e-06,0.0009192444463201318,0.0,0.0,0.0,1.0639403313890416e-06,7.09293554259361e-07,0.0,0.0,0.0,0.0,0.0,0.0,0.0,0.0,3.546467771296805e-07
S_58,0.02077690658982036,0.0,0.0,0.0,3.6321358302572175e-07,7.264271660514435e-07,0.0,0.0,0.0,0.0,0.0,0.0,0.0,0.0,2.1792814981543303e-06,0.0,0.0,0.0,0.0,1.5254970487080313e-05,0.0,3.6321358302572165e-06,4.7217765793343816e-05,0.0,0.0,0.0,3.6321358302572175e-07,0.0,3.6321358302572165e-06,1.997674706641469e-05,0.0,0.0,0.0,0.0,0.0,0.0005219379188079621,0.0,0.0,5.0849901623601035e-06,0.0,3.6321358302572175e-07,0.0,0.0,0.0,0.0,0.0,7.264271660514435e-07,0.0,0.0,0.0
S_584,0.038053518913379374,0.0,0.0,4.394576740735793e-07,0.0,0.0,4.394576740735793e-07,0.0,0.0,0.0,0.0,0.0,0.0,0.0,0.0,8.789153481471586e-07,0.0,0.0,0.0,9.228611155545165e-06,0.0,0.0,0.0,0.0,0.0,0.0,0.0,0.0,0.0,0.0,0.0,0.0,0.0,0.0,0.0,0.0016268723094203905,0.0,0.0,0.0,0.0,4.394576740735793e-07,0.0,0.0,0.0,0.0,8.789153481471586e-07,0.0,0.0,0.0,4.394576740735793e-07
S_587,0.008293908279993555,0.0,1.4647078640165219e-06,0.0,0.0,0.0,7.323539320082609e-07,0.0,0.0,0.0,0.0,7.323539320082609e-07,0.0,0.0,0.0,0.0,0.0,0.0,7.323539320082609e-07,4.174417412447088e-05,0.0,0.0,0.0,7.323539320082609e-07,0.0,0.0,0.0,7.323539320082609e-07,0.0,0.0,7.323539320082609e-07,0.0,0.0,7.323539320082609e-07,0.0,0.0012003280945615394,5.8588314560660875e-06,0.0,0.0,0.0,0.0,0.0,0.0,0.0,0.0,0.0,0.0,0.0,0.0,7.323539320082609e-07
S_589,0.009447265788955451,0.0,0.0,5.279571805608278e-07,0.0,0.0,0.0,0.0,0.0,0.0,0.0,0.0,0.0,0.0,5.279571805608278e-07,0.0,0.0,0.0,5.279571805608278e-07,7.919357708412417e-06,0.0,0.0,0.0,0.0,0.0,0.0,0.0,3.695700263925794e-06,0.0,0.0,0.0,0.0,0.0,0.0,0.0,8.236132016748914e-05,0.0,0.0,0.0,0.0,0.0,0.0,0.0,0.0,1.0559143611216556e-06,0.0,0.0,0.0,0.0,0.0
S_59,0.03135746409060269,6.036601929700417e-06,0.0,0.0,0.0,6.707335477444907e-07,0.0,0.0,6.707335477444907e-07,6.707335477444907e-07,0.0,0.0,0.0,1.6768338693612272e-05,0.0,0.0,0.0,0.0,0.0,2.012200643233472e-05,1.3414670954889817e-06,0.0,0.0,0.0,0.0,3.3536677387224537e-06,0.0,0.0,0.0,0.0,6.707335477444907e-07,0.0,0.0,0.0,1.2743937407145325e-05,0.001101344485396454,0.0,0.0,0.0,0.0,6.707335477444907e-07,0.0,0.0,0.0,0.0,6.707335477444907e-07,6.707335477444907e-07,1.3414670954889817e-06,0.0,0.0
S_591,0.09546539311165188,0.0,0.0,0.0,2.862178656046839e-07,0.0,0.0,0.0,0.0,0.0,2.862178656046839e-07,0.0,0.0,0.0,0.0,0.0,0.0,0.0,2.0035250592327874e-06,1.5169546877048246e-05,0.0,0.0,0.0,0.0,0.0,0.0,0.0,0.0,0.0,0.0,0.0,0.0,0.0,0.0,2.862178656046839e-07,0.0005043158791954532,0.0,0.0,0.0,0.0,0.0,2.862178656046839e-07,0.0,0.0,0.0,0.0,0.0,0.0,0.0,0.0
S_598,0.06952458813162365,0.0,0.0,0.0,3.3505664132521605e-07,0.0,0.0,0.0,0.0,0.0,1.0051699239756479e-06,0.0,0.0,0.0,0.0,0.0,0.0,0.0,0.0,2.7809701229992934e-05,0.0,0.0,6.031019543853889e-06,0.0,0.0,0.0,0.0,0.0,0.0,0.0,0.0,3.3505664132521605e-07,0.0,3.3505664132521605e-07,0.0,0.008078885735633609,0.0,0.0,0.0,0.0,0.0,0.0,0.0,0.0,0.0,6.701132826504321e-07,0.0,0.0,3.3505664132521605e-07,0.0
S_60,0.04994560181960663,3.5717780954279096e-07,0.0,3.5717780954279096e-07,0.0,0.0,0.0,0.0,0.0,0.0,0.0,3.5717780954279096e-07,0.0,0.0,1.0715334286283728e-06,0.0,0.0,3.5717780954279096e-07,0.0,2.3573735429824203e-05,0.0,0.0,0.0,3.5717780954279096e-07,0.0,0.0,0.0,0.0,0.0,0.0,0.0,0.0,3.5717780954279096e-07,0.0,0.0,0.0011904736392061225,0.0,0.0,0.0,0.0,0.0,0.0,0.0,3.5717780954279096e-07,0.0,0.0,0.0,3.5717780954279096e-07,0.0,0.0
S_600,0.0241437879431734,0.0,0.0,0.0,0.0,0.0,0.0,0.0,3.185490473153641e-07,0.0,0.0,0.0,0.0,0.0,3.185490473153641e-07,0.0,0.0,0.0,0.0,9.237922372145562e-06,0.0,0.0,3.185490473153641e-07,0.0,0.0,0.0,0.0,0.0,0.0,0.0,0.0,0.0,0.0,0.0,3.185490473153641e-07,0.004165984440790333,0.0,3.185490473153641e-07,3.185490473153641e-07,0.0,0.0,0.0,0.0,3.185490473153641e-07,0.0,0.0,0.0,0.0,0.0,0.0
S_602,0.07627778583358844,0.0,0.0,0.0,0.0,0.0,0.0,0.0,0.0,0.0,0.0,0.0,0.0,0.0,0.0,6.71317554685528e-07,0.0,0.0,0.0,1.4768986203081616e-05,0.0,0.0,0.0,0.0,0.0,0.0,0.0,0.0,0.0,0.0,0.0,0.0,0.0,0.0,0.0,0.00014433327425738852,0.0,0.0,0.0,0.0,0.0,0.0,0.0,0.0,6.71317554685528e-07,0.0,0.0,6.71317554685528e-07,0.0,0.0
S_604,0.012696831775664856,0.0,1.6784316331995792e-07,0.0,0.0,0.0,0.0,0.0,0.0,0.0,0.0,0.0,1.1749021432397057e-06,0.0,0.0,0.0,3.4072162153951455e-05,0.0,5.035294899598739e-07,0.0,0.0,1.6784316331995792e-07,0.0,0.0,0.0,0.0,0.0,0.0,0.0,3.3568632663991584e-07,0.0,0.0,0.0,0.0,0.0,2.6854906131193267e-06,0.0,3.3568632663991584e-07,0.0,0.0,0.0,0.0,1.0070589799197478e-06,0.0,3.3568632663991584e-07,0.0,0.0,0.0,1.6784316331995792e-07,3.3568632663991584e-07
S_614,0.012978214573698974,6.891941253092758e-07,0.0,0.0,0.0,0.0,0.0,0.0,0.0,0.0,0.0,6.891941253092758e-07,0.0,0.0,1.3783882506185517e-06,0.0,0.0,0.0,0.0,1.7229853132731893e-05,0.0,0.0,0.0,0.0,6.891941253092758e-07,0.0,0.0,0.0,0.0,0.0,0.0,0.0,0.0,0.0,0.0,0.0001626498135729891,0.0,6.891941253092758e-07,0.0,0.0,0.0,6.891941253092758e-07,0.0,0.0,0.0,0.0,0.0,0.0,0.0,0.0
S_617,0.07290109368078197,1.06844894909827e-05,0.0,0.0,0.0,0.0,0.0,0.0,1.6437676139973387e-06,0.0,0.0,0.0,0.0,0.0,0.0,0.0,0.0,0.0,0.0,2.3012746595962746e-05,0.0,0.0,0.0,1.6437676139973387e-06,0.0,0.0,2.0547095174966732e-05,0.0,0.0,8.218838069986694e-07,0.0,0.0,0.0,0.0,0.0,8.218838069986694e-07,0.0,0.0,0.0,0.0,0.0,0.0,2.7122165630956093e-05,4.109419034993347e-06,0.0,0.0,0.0,0.0,0.0,1.6437676139973387e-06
S_618,0.043135148535305534,0.0,0.0,3.7222695570834227e-07,0.0,0.0,3.7222695570834227e-07,0.0,0.0,0.0,0.0,0.0,0.0,0.0,1.1166808671250271e-06,0.0,0.0,0.0,0.0,7.0723121584585035e-06,0.0,0.0,3.7222695570834227e-07,0.0,3.7222695570834227e-07,0.0,0.0,0.0,0.0,2.2333617342500543e-06,0.0,0.0,0.0,0.0,0.0,0.0016407764207623731,0.0,0.0,0.0,0.0,0.0,3.7222695570834227e-07,0.0,0.0,0.0,0.0,0.0,0.0,0.0,0.0
S_628,0.038092091869072364,0.0,0.0,0.0,7.682645288425711e-07,0.0,0.0,0.0,0.0,0.0,1.5365290576851422e-06,0.0,0.0,0.0,0.0,7.682645288425711e-07,0.0,0.0,1.5365290576851422e-06,2.0743142278749415e-05,0.0,0.0,0.0,0.0,0.0,0.0,0.0,3.841322644212856e-06,0.0,0.0,0.0,0.0,0.0,7.682645288425711e-07,0.0,0.0007252417152273871,0.0,7.682645288425711e-07,0.0,0.0,0.0,0.0,0.0,0.0,0.0,7.682645288425711e-07,0.0,0.0,0.0,0.0
S_638,0.10749587285815568,0.0,0.0,0.0,0.0,6.46887436410965e-07,0.0,6.46887436410965e-07,0.0,0.0,0.0,0.0,0.0,0.0,0.0,0.0,0.0,0.0,0.0,4.6575895421589476e-05,0.0,0.0,3.88132461846579e-06,0.0,0.0,6.46887436410965e-07,0.0,0.0,0.0,0.0,0.0,0.0,0.0,0.0,1.29377487282193e-06,2.458172258361667e-05,0.0,0.0,0.0,0.0,0.0,0.0,1.29377487282193e-06,0.0,0.0,0.0,0.0,0.0,0.0,6.46887436410965e-07
S_640,0.00020361045176294217,0.0,0.0,0.0,6.006208016605963e-07,1.8018624049817885e-06,0.0,0.0,0.0,0.0,0.0,0.0,0.0,0.0,0.0,0.0,0.0,0.0,0.0,8.829125784410766e-05,0.0,0.0,0.0,0.0,0.0,0.0,0.0,0.0,6.006208016605963e-07,0.0,0.0,0.0,0.0,0.0,6.006208016605963e-07,0.0,0.0,0.0,0.0,0.0,0.0,0.0,0.0,0.0,0.0,0.0,0.0,0.0,1.8018624049817885e-06,0.0
S_643,0.08553188360095673,0.0,0.0,6.232012852903307e-07,0.0,0.0,0.0,1.558003213225827e-05,0.0,0.0,1.2464025705806617e-06,0.0,0.0,0.0,0.0,0.0,0.0,0.0,0.0,4.736329768206514e-05,0.0,0.0,0.0,0.0,0.0,6.232012852903307e-07,1.2464025705806615e-05,0.0,0.0,2.4928051411613233e-06,0.0,6.855214138193639e-06,0.0,0.0,0.0,0.0003421375056243916,0.0,0.0,0.0,4.3624089970323154e-06,6.232012852903307e-07,0.0,2.2435246270451912e-05,0.0,0.0,6.232012852903307e-07,6.232012852903307e-07,0.0,0.0,0.0
S_646,0.0013176085582243505,0.0,0.0,0.0,0.0,0.0,0.0,2.905777266360979e-06,0.0,0.0,6.457282814135507e-07,0.0,0.0,0.0,0.0,0.0,0.0,0.0,0.0,9.685924221203265e-07,0.0,0.0,0.0,0.0,0.0,0.0,0.0,0.0,0.0,0.0,0.0,0.0,0.0,0.0,0.0,0.0,0.0,0.0,3.2286414070677536e-07,6.457282814135507e-07,0.0,0.0,3.2286414070677536e-07,0.0,0.0,0.0,0.0,0.0,0.0,0.0
S_655,0.04023270553256689,0.0,0.0,0.0,0.0,0.0,0.0,0.0,0.0,8.939210685574884e-07,0.0,0.0,0.0,0.0,4.469605342787442e-07,0.0,4.469605342787442e-07,0.0,0.0,3.5756842742299536e-06,0.0,0.0,0.0,0.0,0.0,0.0,0.0,0.0,0.0,0.0,0.0,0.0,0.0,0.0,0.0,0.011801098986561684,0.0,0.0,0.0,0.0,0.0,0.0,4.469605342787442e-07,0.0,0.0,0.0,0.0,0.0,0.0,0.0
S_77,0.05444878958515552,0.0,0.0,9.035643807692585e-07,0.0,0.0,0.0,0.0,0.0,0.0,0.0,0.0,0.0,0.0,0.0,0.0,4.5178219038462923e-07,0.0,0.0,1.5360594473077395e-05,0.0,0.0,0.0,0.0,0.0,0.0,0.0,0.0,0.0,4.0660397134616635e-06,0.0,4.5178219038462923e-07,0.0,0.0,0.0,9.035643807692585e-07,0.0,0.0,0.0,0.0,0.0,4.5178219038462923e-07,0.0,0.00013192039959231174,0.0,0.0,0.0,0.0,0.0,0.0
S_80,0.07988259338978371,0.0,0.0,0.0,0.0,0.0,5.776747206076214e-07,0.0,0.0,5.776747206076214e-07,0.0,0.0,0.0,0.0,0.0,0.0,2.3106988824304856e-06,0.0,0.0,2.6573037147950587e-05,0.0,0.0,0.0,0.0,0.0,0.0,0.0,0.0,0.0,0.0,0.0001195786671657776,0.0,0.0,5.776747206076214e-07,0.0,0.003073807188353153,0.0,5.776747206076214e-07,0.0,1.1553494412152428e-06,0.0,0.0,0.0,0.0,0.0,5.776747206076214e-07,0.0,0.0,0.0,0.0
S_88,0.004890964438724331,4.464188060171898e-07,0.0,0.0,0.0,4.464188060171898e-07,8.928376120343796e-07,0.0,0.0,0.0,0.0,0.0,0.0,0.0,0.0,4.464188060171898e-07,4.464188060171898e-07,0.0,0.0,3.392782925730643e-05,0.0,0.0,0.0,4.464188060171898e-07,4.464188060171898e-07,0.0,0.0,0.0,0.0,8.928376120343796e-07,0.0,0.0,0.0,4.464188060171898e-07,0.0,0.00013035429135701944,0.0,0.0,0.0,0.0,4.464188060171898e-07,0.0,0.0,0.00044150819915100066,0.0,1.3392564180515694e-06,0.0,0.0,0.0,0.0
S_92,0.0046702896660842045,6.357092559267663e-05,0.0,0.0,0.0,2.7167062219092576e-07,0.0,0.0,1.6300237331455546e-06,0.0,0.0,0.0,0.0,0.0,0.0,0.0,0.0,0.0,0.0,7.525276234688644e-05,5.433412443818515e-07,0.0,2.7167062219092583e-06,0.0,5.433412443818515e-07,0.0,8.122951603508679e-05,0.0,0.0,0.0,0.0,1.412687235392814e-05,0.0,0.0,0.0,5.433412443818515e-07,8.421789287918699e-06,0.0,0.0,0.0,0.0,2.7167062219092576e-07,0.00015295056029349119,0.0,0.0,0.0,2.7167062219092576e-07,5.433412443818515e-07,0.0,2.7167062219092576e-07
