,OTU_419,OTU_247,OTU_687,OTU_14,OTU_231,OTU_595,OTU_617,OTU_619,OTU_207,OTU_103,OTU_243,OTU_616,OTU_543,OTU_115,OTU_530,OTU_49,OTU_218,OTU_570,OTU_182,OTU_348,OTU_53,OTU_342,OTU_261,OTU_481,OTU_471,OTU_295,OTU_192,OTU_235,OTU_568,OTU_216,OTU_256,OTU_447,OTU_581,OTU_178,OTU_386,OTU_123,OTU_201,OTU_110,OTU_237,OTU_75,OTU_347,OTU_232,OTU_561,OTU_7,OTU_576,OTU_624,OTU_525,OTU_171,OTU_458,OTU_408
7906.518589,0.015810276679841896,0.0,0.0002325040688212044,0.0,0.0,0.0,0.0,0.0004650081376424088,0.0006975122064636131,0.0,0.0,0.0,0.005812601720530109,0.0,0.006510113926993723,0.0002325040688212044,0.0,0.0,0.0002325040688212044,0.0,0.0,0.0006975122064636131,0.0,0.0002325040688212044,0.0,0.0,0.0,0.0,0.0006975122064636131,0.07370378981632178,0.0,0.0,0.0,0.0,0.0,0.0,0.01116019530341781,0.0,0.0006975122064636131,0.0,0.0,0.0,0.0,0.0,0.0004650081376424088,0.0006975122064636131,0.0,0.001162520344106022,0.0,0.0
7858.518581,0.0048568507157464216,0.0,0.0,0.0,0.013803680981595092,0.0,0.0,0.0,0.0005112474437627811,0.0,0.0005112474437627811,0.0,0.0007668711656441718,0.0,0.0010224948875255623,0.0,0.0,0.0,0.0,0.0010224948875255623,0.0,0.0005112474437627811,0.0,0.0,0.0,0.0,0.0,0.0,0.0,0.002044989775051125,0.0,0.0,0.0,0.0,0.0,0.00025562372188139056,0.0,0.05061349693251534,0.0,0.0,0.0,0.0010224948875255623,0.0,0.0,0.0,0.0,0.0,0.0007668711656441718,0.0,0.0005112474437627811
100003.518448,0.06673433138797259,0.0,0.0,0.0,0.0,0.0,0.0,0.0,0.0,0.00025374270489723417,0.0,0.0,0.0,0.0,0.003552397868561279,0.0,0.0,0.0,0.0,0.00025374270489723417,0.0,0.0,0.0,0.0,0.0005074854097944683,0.0,0.0,0.0005074854097944683,0.0012687135244861712,0.0005074854097944683,0.0,0.0,0.00025374270489723417,0.0,0.0,0.0,0.0,0.0,0.0,0.0,0.0,0.0015224562293834052,0.0,0.0,0.0,0.0005074854097944683,0.0,0.0,0.0,0.0
100085.51859600001,0.05199543899657925,0.0,0.0,0.0,0.0,0.0,0.0,0.0,0.0,0.0,0.0,0.0,0.0,0.0,0.00022805017103762827,0.0,0.0,0.0006841505131128849,0.0,0.0,0.0,0.0,0.04538198403648803,0.0,0.0,0.0,0.0,0.0,0.0,0.0,0.0,0.0,0.0,0.007297605473204105,0.0,0.0,0.017787913340935,0.0,0.0,0.0,0.0,0.0,0.0,0.0,0.0,0.0,0.0,0.00524515393386545,0.0,0.0
100099.518597,0.003487358326068004,0.0,0.0,0.0,0.0,0.0,0.0,0.0,0.0028334786399302533,0.0,0.0,0.0,0.0,0.0,0.0006538796861377508,0.0,0.0,0.0013077593722755016,0.0,0.0,0.0,0.0,0.06277244986922406,0.0,0.0,0.0,0.0,0.0,0.00021795989537925025,0.0,0.0,0.00021795989537925025,0.0,0.0,0.0,0.0004359197907585005,0.01155187445510026,0.0,0.0006538796861377508,0.0,0.0,0.0,0.0008718395815170009,0.0,0.0,0.0,0.00021795989537925025,0.002615518744551003,0.0,0.15823888404533565
100175.518515,0.0,0.0,0.0,0.0,0.0,0.0,0.0,0.0,0.05505473277527367,0.0,0.0,0.0,0.0,0.0,0.0,0.0,0.0,0.0,0.0,0.0,0.0,0.0,0.0,0.0,0.0003219575016097875,0.0,0.0,0.0016097875080489374,0.0,0.0,0.0,0.0,0.0,0.0,0.0,0.0,0.016097875080489377,0.0,0.0003219575016097875,0.0,0.0,0.0,0.0,0.0,0.0,0.0,0.017063747585318742,0.0,0.0,0.0
100203.518476,0.027010982487384986,0.0,0.0,0.003265063817156426,0.0,0.0,0.0,0.0,0.0,0.0,0.0,0.0,0.0,0.0,0.0,0.0,0.0,0.0,0.0,0.0,0.0,0.0,0.04630454140694568,0.0,0.0,0.0,0.0,0.005342831700801425,0.0005936479667557139,0.0,0.0,0.0,0.0,0.0,0.0,0.0,0.0020777678836449986,0.0011872959335114278,0.0,0.0,0.0008904719501335707,0.0,0.0,0.0,0.0,0.0,0.0,0.0,0.0,0.12288512911843275
100079.518554,0.0,0.0,0.0,0.0,0.0,0.0,0.0003091190108191654,0.0,0.0009273570324574963,0.0,0.0,0.0,0.0,0.0030911901081916537,0.0,0.0,0.0,0.0,0.0,0.0,0.0,0.0,0.0,0.0,0.0003091190108191654,0.0,0.0,0.0,0.0,0.0,0.0,0.0,0.0,0.0,0.0,0.0003091190108191654,0.0,0.0,0.0,0.0,0.0,0.0,0.0,0.007109737248840804,0.0,0.0,0.0,0.0,0.0,0.0
100182.518578,0.03950834064969271,0.0,0.0,0.0,0.0,0.0,0.0,0.0,0.0,0.0,0.0,0.0,0.0,0.0,0.0,0.0,0.0,0.0,0.07901668129938542,0.0,0.0,0.0,0.0,0.0,0.0,0.0,0.0,0.0,0.0,0.0,0.0,0.0,0.000585308750365818,0.007901668129938543,0.0,0.0,0.0,0.0,0.0,0.0,0.0,0.0,0.0,0.019022534386889084,0.0,0.0,0.0,0.0,0.0,0.0
100216.518525,0.011329479768786128,0.0,0.0,0.0,0.0,0.0,0.00023121387283236996,0.0,0.00023121387283236996,0.0,0.0,0.00023121387283236996,0.0,0.0,0.0,0.00023121387283236996,0.00023121387283236996,0.0,0.0,0.0,0.0,0.0,0.0,0.0,0.0,0.0,0.0,0.0,0.0,0.0,0.0,0.00023121387283236996,0.0,0.0,0.00023121387283236996,0.0,0.0,0.0,0.00023121387283236996,0.0,0.0,0.0,0.013179190751445087,0.00023121387283236996,0.0,0.0,0.00023121387283236996,0.0,0.0,0.0
7662.518467,0.0002579979360165118,0.0,0.0,0.0,0.0010319917440660474,0.0,0.0,0.0007739938080495358,0.0,0.0,0.0,0.0,0.0,0.0,0.0005159958720330237,0.0,0.0,0.0,0.0,0.0,0.0,0.0,0.002321981424148607,0.0,0.0,0.0,0.0002579979360165118,0.0,0.0,0.0,0.0,0.0,0.0,0.0,0.0,0.0,0.0,0.0005159958720330237,0.0,0.0,0.0,0.0005159958720330237,0.0002579979360165118,0.0,0.0,0.0,0.0,0.0051599587203302365,0.0,0.0
100009.518585,0.011471808640468636,0.0,0.0,0.0,0.0,0.0,0.0,0.0,0.002684891383939468,0.0,0.000244081034903588,0.0,0.0,0.0,0.0,0.0,0.0,0.0,0.0,0.0,0.0,0.0,0.0,0.0,0.0,0.0,0.0,0.0,0.0,0.0,0.0,0.0,0.0,0.0,0.0,0.0,0.0,0.0,0.0,0.0,0.0,0.0,0.0,0.0,0.0,0.0,0.0,0.0,0.0,0.0
100115.518501,0.0,0.0,0.0,0.0,0.0,0.0,0.0,0.0,0.0,0.0,0.0,0.0,0.0,0.0,0.0,0.0,0.0,0.0,0.2620725659096841,0.0,0.0,0.0,0.0,0.0,0.0,0.0,0.0,0.0,0.0,0.0,0.0,0.0005220569042025581,0.0,0.0,0.0,0.0,0.0,0.0,0.0,0.0,0.0,0.0,0.0,0.00026102845210127906,0.0,0.0,0.0,0.0,0.0,0.0
100100.518579,0.0,0.0,0.0,0.0,0.0,0.0,0.000564334085778781,0.0,0.0,0.0,0.0,0.0,0.0,0.0002821670428893905,0.0,0.0,0.0,0.0,0.0,0.0,0.0,0.0,0.0,0.0,0.0,0.0,0.0,0.0,0.0,0.0,0.0,0.0002821670428893905,0.0,0.0,0.0,0.0,0.0,0.0,0.0,0.0,0.0016930022573363429,0.0,0.0,0.0028216704288939053,0.0,0.0,0.0,0.0,0.0,0.0
100089.518493,0.01326770811042157,0.0,0.0,0.0,0.0,0.0,0.0,0.0,0.0008559811684142949,0.0,0.0,0.0,0.0,0.0,0.002139952921035737,0.0,0.0,0.0,0.0,0.0,0.0,0.0008559811684142949,0.0,0.0,0.0,0.0027819387973464587,0.0,0.00021399529210357367,0.0,0.0,0.0,0.0,0.0,0.0,0.0,0.0,0.04130109137598973,0.0,0.0,0.0,0.0,0.0,0.00042799058420714745,0.0,0.0,0.0,0.0,0.006633854055210785,0.0,0.0
100188.518595,0.018458197611292075,0.0,0.0,0.0,0.0007238508867173362,0.0,0.0,0.0,0.0007238508867173362,0.0,0.0,0.0,0.0,0.0,0.0003619254433586681,0.0003619254433586681,0.0,0.0,0.0003619254433586681,0.0,0.0,0.0,0.0,0.0,0.0,0.0,0.0,0.0,0.0,0.0003619254433586681,0.0,0.0,0.0003619254433586681,0.0,0.0,0.0,0.0,0.0054288816503800215,0.0,0.0,0.0,0.0,0.0,0.0,0.0,0.004343105320304018,0.0,0.0,0.0003619254433586681,0.26384364820846906
100209.518521,0.0,0.0,0.0,0.0,0.0,0.0,0.0,0.0,0.0,0.0,0.0,0.0,0.0,0.000513083632632119,0.0,0.0,0.0,0.0,0.0,0.0,0.0,0.0,0.0,0.0,0.0,0.0,0.000513083632632119,0.0,0.0,0.0,0.0,0.0002565418163160595,0.0,0.0,0.0,0.0,0.0,0.0,0.0,0.0,0.0,0.0,0.0,0.040533606977937404,0.0,0.013083632632119035,0.006413545407901488,0.0,0.0,0.0
100070.518622,0.06082603254067585,0.0,0.0,0.0,0.0,0.0,0.0,0.0,0.0,0.0,0.0,0.0,0.0,0.0,0.0,0.0,0.0017521902377972466,0.0,0.0,0.0,0.0,0.0,0.0,0.0,0.0,0.0,0.0,0.0022528160200250315,0.0,0.0,0.0,0.0005006257822277847,0.0,0.0,0.0,0.0,0.0,0.0,0.0,0.0,0.0,0.0,0.0,0.0,0.0,0.0,0.0,0.0,0.0,0.0
100144.518438,0.03769083969465649,0.0,0.0,0.0,0.0,0.0,0.0,0.0,0.0,0.0,0.0,0.0,0.0,0.0,0.0,0.0,0.0007156488549618322,0.0,0.0007156488549618322,0.0,0.0,0.0,0.0,0.0004770992366412214,0.0007156488549618322,0.0,0.0,0.0007156488549618322,0.0,0.0,0.0,0.0002385496183206107,0.0,0.0,0.0,0.0,0.0038167938931297713,0.0,0.0,0.0,0.0007156488549618322,0.0,0.0,0.0004770992366412214,0.0,0.0002385496183206107,0.0,0.0,0.0,0.0
100187.51852,0.00036483035388544326,0.0,0.0,0.0,0.0,0.0,0.0,0.0,0.0,0.0,0.00036483035388544326,0.0,0.0,0.0,0.0,0.0,0.0,0.0,0.2375045603794236,0.0,0.0,0.0,0.0,0.0,0.00036483035388544326,0.0,0.0007296607077708865,0.0,0.0,0.0,0.0,0.004013133892739875,0.0,0.0,0.0,0.0,0.0,0.0,0.0,0.0,0.0,0.0,0.0,0.00036483035388544326,0.0,0.0,0.00036483035388544326,0.0,0.0,0.001459321415541773
100164.518477,0.03845308723357504,0.0,0.00021973192704900026,0.0,0.0,0.0,0.0,0.0,0.0,0.00021973192704900026,0.0,0.0,0.0,0.0,0.0004394638540980005,0.0,0.00021973192704900026,0.0,0.0,0.0,0.0,0.0,0.0,0.0,0.0,0.0,0.0,0.0,0.0,0.0,0.0,0.0,0.0,0.0,0.0,0.0,0.0,0.0,0.0,0.0,0.0,0.012085255987695012,0.0,0.0,0.0,0.0,0.0,0.0,0.0,0.0
100166.518474,0.009307135470527405,0.0,0.0,0.0,0.0,0.0,0.0,0.0,0.0002585315408479835,0.0,0.0,0.0002585315408479835,0.0,0.0,0.0002585315408479835,0.0002585315408479835,0.0,0.0,0.03335056876938987,0.0002585315408479835,0.0,0.0,0.0,0.0002585315408479835,0.0,0.0,0.0,0.0,0.0002585315408479835,0.0,0.0007755946225439503,0.0,0.0002585315408479835,0.012926577042399173,0.0,0.0,0.0,0.0,0.0,0.0,0.008273009307135471,0.0,0.0002585315408479835,0.0,0.0002585315408479835,0.0002585315408479835,0.0,0.0,0.0,0.0
100192.51862100001,0.0,0.0,0.0,0.0,0.0,0.0,0.00026448029621793185,0.0,0.0,0.0,0.0,0.0,0.0,0.0015868817773075905,0.0,0.0,0.0,0.0,0.0,0.0,0.0,0.006876487701666226,0.0,0.0,0.0,0.0,0.0,0.0,0.0,0.0,0.0,0.0,0.0,0.0,0.0,0.0,0.0,0.0,0.0,0.0,0.0,0.0,0.0,0.005025125628140704,0.0,0.0,0.00026448029621793185,0.0,0.0,0.0
100084.518559,0.05142425006301991,0.0,0.0,0.0,0.0,0.0,0.0,0.00025207965717166626,0.0,0.0,0.0,0.0,0.0,0.0,0.0,0.0,0.0,0.0,0.0,0.0,0.0,0.0,0.0,0.0,0.0,0.0,0.0,0.0,0.00025207965717166626,0.0,0.0,0.0,0.0,0.0,0.00025207965717166626,0.0,0.0,0.0,0.00025207965717166626,0.0,0.0,0.0,0.0,0.0,0.0,0.0,0.0,0.0073103100579783205,0.0,0.0
100167.518552,0.09555895865237364,0.0,0.0,0.0,0.0,0.0,0.0,0.0,0.0,0.0003062787136294028,0.0,0.011638591117917305,0.0,0.0,0.011332312404287902,0.0,0.0,0.0,0.0,0.0,0.0,0.0,0.0,0.0,0.0,0.0,0.0003062787136294028,0.0,0.0,0.0,0.0003062787136294028,0.0,0.0,0.0,0.011638591117917305,0.0,0.0,0.0,0.0,0.0,0.0,0.0,0.0,0.0,0.0,0.0,0.0006125574272588055,0.0,0.0,0.0
100212.518635,0.011079730610471432,0.0,0.0,0.0,0.0,0.0,0.0,0.0,0.0008689984792526613,0.000651748859439496,0.0,0.0,0.0,0.0,0.0,0.0,0.005213990875515968,0.0,0.0,0.0,0.0,0.0,0.0,0.0,0.0,0.0,0.0,0.0,0.0002172496198131653,0.0,0.0,0.0,0.0,0.0,0.0002172496198131653,0.0,0.0,0.0,0.0004344992396263306,0.0,0.0,0.0,0.0002172496198131653,0.0,0.0,0.0,0.0,0.0,0.0,0.0
7870.518456999999,0.017914561322921452,0.00022967386311437759,0.0,0.0009186954524575103,0.0,0.0,0.0006890215893431327,0.0,0.0,0.0006890215893431327,0.0006890215893431327,0.0,0.0,0.0,0.004363803399173174,0.0,0.0,0.0,0.002756086357372531,0.00022967386311437759,0.00022967386311437759,0.0,0.0,0.00022967386311437759,0.0,0.0,0.0006890215893431327,0.0,0.00022967386311437759,0.0,0.0,0.0,0.0,0.0,0.0036747818098300414,0.0,0.001607717041800643,0.0045934772622875505,0.0,0.0,0.0,0.0,0.0,0.00022967386311437759,0.0013780431786862655,0.00022967386311437759,0.0,0.0,0.00022967386311437759,0.0
7844.518483,0.025172231054584,0.0,0.0,0.0,0.0,0.0,0.0,0.0018547959724430317,0.0,0.00026497085320614734,0.0,0.0,0.0,0.0,0.0010598834128245894,0.00026497085320614734,0.0005299417064122947,0.0,0.0,0.0,0.0,0.0045045045045045045,0.0,0.0,0.0,0.0042395336512983575,0.0,0.00026497085320614734,0.0,0.0,0.0,0.0,0.0,0.0,0.000794912559618442,0.0,0.005564387917329093,0.0,0.00026497085320614734,0.0,0.00026497085320614734,0.0,0.0005299417064122947,0.0,0.0,0.0,0.0,0.026232114467408585,0.0,0.0201377848436672
100160.518588,0.0,0.0,0.0,0.0,0.0,0.0,0.0,0.0,0.0,0.0,0.0,0.0,0.0,0.0,0.0,0.0,0.0,0.0,0.30412647374062163,0.0,0.0,0.22347266881028935,0.0,0.0,0.0,0.0,0.0,0.0,0.0,0.0,0.0,0.0,0.0,0.0,0.0,0.0,0.0,0.0,0.0,0.0,0.0,0.0,0.0,0.03992497320471597,0.0,0.0,0.0,0.0,0.0,0.0
7879.518469,0.01264189886480908,0.0002579979360165118,0.0002579979360165118,0.0,0.02089783281733746,0.0,0.0002579979360165118,0.0,0.0,0.0,0.0,0.0,0.0010319917440660474,0.0,0.005933952528379772,0.0005159958720330237,0.0,0.0028379772961816306,0.0,0.0005159958720330237,0.0,0.0,0.0,0.0,0.0,0.0,0.0007739938080495358,0.0,0.0,0.0,0.0020639834881320948,0.0005159958720330237,0.0,0.0002579979360165118,0.0,0.0,0.0,0.0036119711042311656,0.0,0.0007739938080495358,0.0,0.0,0.0005159958720330237,0.0,0.0002579979360165118,0.0,0.0002579979360165118,0.0002579979360165118,0.0015479876160990713,0.025541795665634675
100151.51855,0.15577777777777774,0.0,0.0,0.0,0.0,0.0,0.0,0.0,0.0006666666666666666,0.0,0.0,0.0,0.0,0.0,0.0,0.0,0.0,0.0,0.0,0.0,0.0,0.0,0.0,0.0,0.0,0.0,0.0,0.0,0.0004444444444444444,0.0,0.0,0.0002222222222222222,0.0004444444444444444,0.0,0.0006666666666666666,0.0,0.0,0.0,0.0,0.0,0.0,0.0011111111111111113,0.0,0.0,0.0,0.003555555555555556,0.0,0.0,0.0,0.0
7862.518458,0.029083752460091844,0.0,0.0,0.0,0.0,0.0,0.00021867483052700638,0.0,0.00021867483052700638,0.0,0.00021867483052700638,0.0,0.0,0.0,0.0024054231357970696,0.0,0.0,0.0,0.0,0.0004373496610540127,0.0,0.0,0.0,0.0008746993221080254,0.00021867483052700638,0.0,0.0004373496610540127,0.0,0.0,0.0,0.00021867483052700638,0.0,0.0004373496610540127,0.0,0.000656024491581019,0.0,0.0,0.0,0.0,0.0,0.00021867483052700638,0.0,0.0,0.0,0.0,0.0,0.0,0.0,0.0,0.0
100104.51841799999,0.09121153313002496,0.0,0.0,0.0,0.0,0.0,0.0,0.0016634322151372332,0.0,0.0,0.0,0.0,0.0,0.0,0.0,0.0,0.0,0.0,0.0,0.0008317161075686166,0.0,0.0,0.00027723870252287214,0.0,0.0,0.0,0.00027723870252287214,0.0,0.0,0.0,0.0,0.0,0.0,0.0,0.0,0.0,0.0,0.0,0.0,0.0,0.0,0.0,0.0,0.0,0.0,0.0,0.0,0.0,0.0,0.0
100117.518496,0.01183691363437089,0.0,0.0,0.0,0.0,0.0,0.0,0.0,0.006137658921525646,0.0,0.0,0.0,0.0,0.0,0.0035072336694432268,0.0,0.0008768084173608067,0.0,0.0,0.0,0.0,0.00131521262604121,0.0,0.0,0.0,0.0008768084173608067,0.0,0.0,0.0,0.0,0.0,0.0,0.0,0.007891275756247259,0.0,0.0,0.0,0.0,0.00263042525208242,0.0,0.0,0.0,0.0,0.0,0.0,0.00526085050416484,0.0,0.0,0.0,0.0
7899.5185599999995,0.00619342544068604,0.00023820867079561695,0.0,0.0,0.0,0.0,0.0,0.0,0.0,0.00023820867079561695,0.0,0.0,0.0,0.0,0.00023820867079561695,0.0,0.00023820867079561695,0.0,0.0,0.00023820867079561695,0.0,0.0,0.0,0.0,0.0,0.0014292520247737015,0.0,0.00023820867079561695,0.0,0.0009528346831824678,0.0,0.0,0.0,0.0,0.0,0.0,0.0,0.008099094807050978,0.0,0.0,0.0,0.0,0.0007146260123868509,0.0,0.0,0.0,0.0,0.0,0.0,0.0
100225.518544,0.049435028248587566,0.0,0.00023540489642184562,0.0,0.0,0.0,0.0011770244821092278,0.0,0.0,0.0,0.0,0.0,0.0,0.00047080979284369113,0.0,0.0,0.0,0.0,0.0018832391713747645,0.0,0.0,0.0,0.0,0.0,0.00047080979284369113,0.0,0.0009416195856873825,0.0,0.0,0.0,0.0,0.0,0.0,0.0,0.0,0.0,0.0,0.0,0.0,0.0,0.0,0.0614406779661017,0.0,0.00023540489642184562,0.0,0.0,0.0,0.0,0.0,0.0
100177.518639,0.004199475065616798,0.0,0.0,0.0,0.0,0.0,0.0010498687664041997,0.0,0.0,0.0,0.0,0.0,0.0,0.0,0.0,0.0,0.0,0.0,0.0,0.0,0.0,0.0,0.0,0.0,0.0,0.0,0.0,0.0,0.0,0.004199475065616798,0.0,0.0,0.0,0.0028871391076115485,0.0007874015748031496,0.0,0.0,0.0,0.0,0.0,0.0,0.0,0.0,0.0,0.0,0.0,0.0,0.0,0.0,0.0
100178.518498,0.011258660508083142,0.0,0.0,0.0,0.0,0.0,0.0,0.0,0.0,0.0,0.0,0.0,0.0014434180138568132,0.0,0.0011547344110854505,0.0,0.0,0.0,0.0,0.0,0.0,0.0,0.0,0.0005773672055427253,0.0,0.0,0.0,0.0,0.0,0.0028868360277136264,0.0,0.0,0.00028868360277136264,0.0,0.0,0.0,0.0,0.00028868360277136264,0.0,0.0,0.0,0.0,0.005484988452655889,0.0,0.0,0.0,0.0,0.0,0.0005773672055427253,0.2208429561200924
7909.518566,0.0012857602057216328,0.0,0.0,0.0006428801028608164,0.0,0.0,0.0,0.0,0.0,0.0009643201542912248,0.0,0.0003214400514304082,0.0,0.0,0.0025715204114432656,0.0003214400514304082,0.0,0.0,0.0,0.0003214400514304082,0.0,0.0003214400514304082,0.027643844423015103,0.0,0.0,0.0003214400514304082,0.0016072002571520412,0.0,0.0,0.0,0.0016072002571520412,0.0,0.0,0.0,0.0006428801028608164,0.0,0.0,0.0006428801028608164,0.0,0.0,0.0,0.0196078431372549,0.0,0.0012857602057216328,0.0,0.0,0.0,0.0,0.0009643201542912248,0.0009643201542912248
7861.518583,0.1110370863868532,0.0,0.0,0.0,0.0,0.0002220741727737064,0.0,0.0004441483455474128,0.0,0.0002220741727737064,0.0006662225183211193,0.0,0.0008882966910948258,0.0,0.005329780146568954,0.0,0.0,0.0,0.0,0.0002220741727737064,0.0,0.0,0.0,0.0004441483455474128,0.0,0.0,0.0002220741727737064,0.0,0.0002220741727737064,0.0,0.0,0.0,0.0008882966910948258,0.0,0.0,0.0,0.0,0.0,0.0,0.0,0.0002220741727737064,0.03242282922496114,0.0,0.0,0.0,0.0,0.0002220741727737064,0.0002220741727737064,0.0,0.0
100052.51854800001,0.018035583719229836,0.0,0.0,0.0,0.0,0.0,0.0,0.0,0.00024372410431391665,0.0,0.0,0.0,0.0,0.0,0.0,0.00024372410431391665,0.0,0.0,0.0,0.0,0.0,0.0,0.0,0.0,0.0,0.0,0.0,0.0,0.0,0.0,0.0,0.0,0.0,0.0,0.0,0.0,0.0,0.0,0.00024372410431391665,0.0,0.0,0.0,0.0,0.0,0.0,0.0,0.0,0.0,0.0,0.00024372410431391665
7910.518536,0.02383069535834964,0.0,0.0,0.0,0.01849546505424151,0.0,0.00017784101013693755,0.0,0.0,0.00035568202027387515,0.0,0.00035568202027387515,0.0,0.0,0.001244887070958563,0.0,0.0,0.006402276364929753,0.00017784101013693755,0.0,0.0,0.0,0.0,0.0014227280810955006,0.0,0.0,0.0,0.00017784101013693755,0.0,0.00017784101013693755,0.0,0.0,0.0,0.0,0.0,0.00035568202027387515,0.0,0.0021340921216432512,0.0,0.0,0.0,0.0,0.0,0.009959096567668505,0.0,0.00017784101013693755,0.0,0.0,0.0,0.0
100204.518576,0.11808986120912725,0.0,0.0,0.0,0.0,0.0,0.0,0.0,0.0,0.0,0.005645730416372618,0.0,0.0,0.0,0.00047047753469771814,0.0,0.0,0.0,0.0,0.0,0.0,0.05504587155963303,0.0007057163020465772,0.0,0.00023523876734885907,0.0,0.005410491649023759,0.0,0.0,0.0,0.0,0.00023523876734885907,0.0,0.0,0.0,0.0,0.0,0.0,0.00023523876734885907,0.0,0.0,0.0,0.0,0.0,0.0,0.0,0.0,0.003058103975535168,0.0,0.0007057163020465772
100184.518455,0.033131124591693886,0.0,0.0,0.0,0.0,0.0,0.0,0.0,0.0,0.0,0.0,0.0,0.0,0.0,0.0,0.0,0.00046663555762949143,0.0,0.0018665422305179653,0.0,0.0,0.0,0.0,0.0,0.0,0.0,0.0,0.0,0.0,0.0011665888940737286,0.0,0.0,0.0,0.06789547363509099,0.0,0.0,0.0,0.0,0.0,0.0,0.0,0.0,0.00046663555762949143,0.0,0.0,0.0,0.0,0.0,0.0,0.0
100183.518534,0.0702470900551358,0.0,0.0,0.0,0.0,0.00020420665713702263,0.0,0.0,0.00020420665713702263,0.0,0.0,0.00020420665713702263,0.00020420665713702263,0.0,0.0004084133142740453,0.0,0.0,0.0,0.0,0.0,0.0,0.0004084133142740453,0.0,0.0,0.00020420665713702263,0.0,0.0,0.0,0.0,0.0008168266285480906,0.0,0.0004084133142740453,0.0,0.0,0.0,0.0,0.0,0.0,0.0006126199714110679,0.0,0.0,0.0,0.0,0.0,0.0,0.0,0.00020420665713702263,0.0,0.0,0.0
100162.518486,0.02005994927369149,0.0,0.0,0.0,0.0,0.0,0.0,0.0,0.0011528706479133038,0.0,0.0,0.0,0.0,0.00023057412958266084,0.0036891860733225725,0.0,0.0006917223887479826,0.0,0.0,0.0006917223887479826,0.0,0.0,0.0,0.0,0.0,0.0,0.0,0.0,0.0,0.0,0.0,0.0,0.00023057412958266084,0.0212128199216048,0.0013834447774959651,0.0,0.0,0.0,0.0,0.0,0.005764353239566521,0.008992391053723773,0.00023057412958266084,0.0,0.0,0.00023057412958266084,0.0009222965183306431,0.0,0.0,0.0
100086.51844500001,0.029113067027758968,0.0,0.0,0.0,0.0,0.0,0.0,0.0,0.0,0.00022568269013766647,0.0,0.0,0.0,0.0,0.0022568269013766643,0.0,0.0,0.0,0.0,0.00045136538027533294,0.0,0.0,0.0,0.0,0.0,0.0009027307605506659,0.0,0.0,0.00022568269013766647,0.0,0.0,0.0,0.0,0.0,0.0,0.0,0.0,0.0,0.0,0.00045136538027533294,0.00022568269013766647,0.0,0.0,0.0,0.0,0.0011284134506883321,0.0,0.0,0.0011284134506883321,0.0
100077.518436,0.07971014492753623,0.0,0.0,0.0,0.0,0.0,0.0,0.0008525149190110827,0.0,0.00021312872975277067,0.0,0.0,0.0,0.00021312872975277067,0.0010656436487638534,0.0,0.0008525149190110827,0.0,0.0,0.0,0.0,0.0,0.0,0.0,0.0,0.0,0.0,0.0,0.00021312872975277067,0.0006393861892583121,0.0,0.0,0.0,0.0,0.00042625745950554135,0.0,0.0,0.0,0.0,0.00021312872975277067,0.0,0.0,0.00021312872975277067,0.0,0.0,0.0,0.0,0.0,0.0,0.06884057971014493
100229.518461,0.026815377313716183,0.0,0.0,0.0,0.0,0.0,0.0,0.0016611295681063125,0.0,0.0011865211200759373,0.0,0.0,0.0,0.0,0.0007119126720455624,0.0,0.0002373042240151875,0.0,0.0,0.0,0.0,0.0,0.0,0.0,0.0,0.0002373042240151875,0.0,0.00094921689606075,0.0,0.0,0.0,0.0,0.0,0.0,0.0,0.0,0.0,0.0,0.0,0.0002373042240151875,0.0,0.0002373042240151875,0.0,0.0,0.0002373042240151875,0.0002373042240151875,0.0,0.01684859990507831,0.000474608448030375,0.0
100174.51847899999,0.000493339911198816,0.0,0.0,0.0,0.0,0.0,0.0,0.0,0.0,0.0,0.000493339911198816,0.0,0.0,0.0,0.0,0.0,0.0,0.0,0.039960532807104085,0.0,0.0,0.0,0.0,0.0,0.0,0.0,0.000986679822397632,0.0,0.0,0.000986679822397632,0.0,0.00246669955599408,0.0,0.000493339911198816,0.0,0.0,0.0,0.0,0.00246669955599408,0.0,0.0,0.0,0.0,0.000493339911198816,0.0,0.0,0.0,0.0,0.0,0.0
100214.518546,0.008182494421026532,0.0,0.0,0.0,0.0,0.0,0.0,0.0,0.0017356806347632035,0.0,0.0,0.0,0.0,0.0,0.0,0.0,0.0,0.0,0.0,0.0,0.0,0.0,0.00024795437639474344,0.0,0.0,0.0,0.0,0.0,0.0,0.0,0.0,0.0,0.0,0.0,0.0,0.0,0.0,0.0,0.0042152243987106375,0.0,0.0,0.0,0.0,0.0,0.0,0.0,0.0,0.0,0.0,0.0
100074.518549,0.0339409176618479,0.0,0.0,0.0,0.0,0.0,0.0006285355122564425,0.0,0.0,0.0,0.0,0.00020951183741881412,0.0,0.0,0.0006285355122564425,0.0,0.00020951183741881412,0.017179970668342762,0.0,0.0,0.0,0.0,0.0,0.0,0.0,0.0008380473496752566,0.0,0.0,0.00020951183741881412,0.0,0.0,0.0,0.0,0.0,0.001466582861931699,0.0,0.0,0.00020951183741881412,0.0,0.0,0.0,0.025560444165095328,0.0,0.0,0.0004190236748376283,0.0,0.0,0.0033521893987010264,0.0006285355122564425,0.0
100171.51843099999,0.07010739856801909,0.0,0.0,0.0,0.0,0.0,0.0,0.0002983293556085919,0.0,0.0,0.0,0.0,0.0,0.0,0.0014916467780429596,0.0,0.0032816229116945108,0.0,0.023269689737470168,0.0,0.0,0.0008949880668257758,0.07189737470167064,0.0002983293556085919,0.0,0.0,0.0,0.0,0.0,0.0,0.0,0.0,0.0,0.004474940334128878,0.0,0.0,0.0,0.0005966587112171838,0.0,0.0,0.0008949880668257758,0.0,0.0005966587112171838,0.0,0.0008949880668257758,0.0,0.0,0.0,0.0,0.009844868735083532
100197.518442,0.005740253527864147,0.0,0.0,0.0,0.0,0.0,0.0,0.0,0.006936139679502512,0.0,0.0,0.0,0.0,0.0002391772303276728,0.0,0.0,0.0,0.0,0.0,0.0,0.0,0.0,0.0,0.0,0.0,0.0,0.0002391772303276728,0.0002391772303276728,0.0,0.0,0.0,0.0,0.0,0.0,0.0,0.0,0.0,0.0,0.006218607988519493,0.0,0.0,0.0,0.0,0.0,0.0,0.0002391772303276728,0.0,0.0,0.0,0.3408275532169337
100154.51850399999,0.012880852117909337,0.0,0.0,0.0,0.002229378251176616,0.0,0.0,0.0,0.0,0.0,0.0,0.00024770869457517957,0.0,0.0,0.0004954173891503591,0.0,0.0,0.0,0.0,0.0,0.0,0.0,0.006440426058954668,0.0,0.0,0.0,0.0,0.0,0.0,0.0,0.0,0.0,0.0,0.0,0.0,0.0,0.002229378251176616,0.0,0.0,0.0,0.0,0.0,0.0,0.0,0.0,0.0,0.0,0.0,0.0,0.2994798117413921
100075.518638,0.0,0.0,0.0,0.0,0.0,0.0,0.0,0.0,0.0,0.0,0.0,0.0,0.0,0.001218026796589525,0.0,0.0,0.0,0.0,0.0,0.0,0.0,0.0,0.0,0.0,0.0,0.0,0.0,0.0,0.0,0.0,0.0,0.0003045066991473812,0.0,0.0,0.0,0.0,0.0,0.0,0.0057856272838002435,0.0,0.0,0.0,0.0,0.0006090133982947625,0.0,0.0,0.0,0.0,0.0,0.0
100173.518499,0.02787878787878788,0.0,0.0009696969696969696,0.0,0.0,0.0,0.0,0.0,0.0,0.0002424242424242424,0.0,0.0002424242424242424,0.0,0.0,0.0007272727272727272,0.0,0.0,0.0,0.0002424242424242424,0.0002424242424242424,0.0,0.0,0.0,0.0,0.0,0.002909090909090909,0.0002424242424242424,0.0002424242424242424,0.0,0.0002424242424242424,0.0,0.0,0.0,0.033212121212121214,0.0,0.0002424242424242424,0.0,0.012848484848484849,0.0,0.0,0.0,0.0,0.0,0.002181818181818182,0.0,0.0,0.0,0.0,0.0002424242424242424,0.0
100190.518464,0.053099659952916566,0.0,0.0,0.0,0.0,0.0002615746795710175,0.0,0.0,0.0,0.0,0.0,0.0,0.0,0.0,0.00209259743656814,0.0,0.0,0.0,0.0,0.0,0.0,0.03086581218938007,0.0,0.0,0.0007847240387130526,0.0,0.0002615746795710175,0.0,0.0,0.0,0.0,0.0,0.000523149359142035,0.0,0.0,0.0007847240387130526,0.0,0.0,0.00104629871828407,0.0,0.0,0.0,0.0,0.0002615746795710175,0.0,0.0,0.0,0.0,0.0,0.0
100060.518463,0.0,0.0,0.0,0.0,0.0,0.0,0.0,0.0,0.0017675651789659747,0.0,0.0,0.0,0.0,0.0,0.0,0.0,0.00022094564737074683,0.0,0.0,0.0,0.0,0.0,0.02651347768448961,0.0,0.0,0.0,0.0,0.0,0.001104728236853734,0.031153336279275294,0.0,0.0,0.0,0.0,0.0,0.0,0.0,0.0,0.0,0.00022094564737074683,0.0,0.0,0.0,0.0,0.0,0.0008837825894829873,0.0006628369421122403,0.0,0.0,0.0
100206.518507,0.002229654403567447,0.0,0.0,0.0,0.0,0.0,0.0,0.0,0.0011148272017837237,0.0,0.0,0.0,0.0,0.0,0.0,0.0,0.0,0.0,0.007803790412486066,0.0,0.0,0.0,0.0,0.0,0.0,0.0,0.0,0.0,0.0,0.00027870680044593093,0.0,0.0,0.0005574136008918619,0.05518394648829431,0.0,0.0,0.0,0.0,0.0,0.0,0.0,0.0,0.0,0.0,0.0,0.0,0.0,0.0,0.0,0.0
100227.518592,0.057023984336759675,0.0,0.0,0.0,0.0,0.0,0.0,0.0,0.008321096426823299,0.0,0.0,0.0004894762604013706,0.0,0.0,0.0,0.0,0.0,0.0,0.008321096426823299,0.0,0.0,0.0,0.0,0.0012236906510034262,0.0,0.0,0.0002447381302006853,0.0014684287812041115,0.0,0.0,0.0,0.0,0.0,0.004894762604013705,0.0,0.0,0.0,0.0,0.0,0.0,0.0,0.0,0.0,0.0012236906510034262,0.0,0.0012236906510034262,0.0,0.0,0.0,0.0
7855.5184469999995,0.03544549647972809,0.0002427773731488225,0.0,0.0012138868657441124,0.0,0.0,0.0,0.0007283321194464676,0.0,0.0,0.0007283321194464676,0.0,0.0012138868657441124,0.0,0.0043699927166788045,0.0,0.0,0.0014566642388929353,0.0,0.000485554746297645,0.0,0.0,0.004612770089827628,0.0,0.0,0.000485554746297645,0.0,0.00097110949259529,0.0,0.0,0.0,0.0,0.0,0.0,0.0002427773731488225,0.0,0.0,0.0002427773731488225,0.000485554746297645,0.0,0.0002427773731488225,0.021607186210245204,0.0,0.0,0.0,0.0,0.0,0.0021849963583394027,0.0002427773731488225,0.0
100001.518462,0.0007955449482895784,0.0,0.0,0.0,0.0,0.0,0.0,0.0,0.0,0.0,0.0,0.006629541235746487,0.0,0.0,0.0,0.0005303632988597188,0.0,0.0,0.00026518164942985947,0.0,0.0,0.0,0.0,0.0,0.0,0.0,0.00026518164942985947,0.0,0.0,0.0,0.0,0.0,0.0005303632988597188,0.0,0.0,0.0,0.0,0.0,0.0,0.0,0.0,0.0,0.0,0.06549986740917528,0.0,0.0,0.00026518164942985947,0.0,0.0,0.0
100101.518475,0.03267136450992953,0.0,0.0,0.0,0.0,0.0,0.0,0.0,0.0004270766602605168,0.0,0.0004270766602605168,0.0,0.0,0.0,0.0,0.0002135383301302584,0.0,0.0,0.0,0.0,0.0,0.0002135383301302584,0.0,0.0,0.0,0.0,0.0,0.0,0.0,0.0,0.0,0.0,0.0006406149903907751,0.0,0.0,0.0002135383301302584,0.0,0.0,0.0,0.0,0.0,0.0,0.0,0.0,0.0,0.0,0.0,0.0,0.0,0.0002135383301302584
100170.518505,0.13579561232990836,0.0,0.0,0.0,0.0,0.0,0.0,0.0,0.0,0.0,0.00027770063871146905,0.0,0.0,0.0,0.0,0.0,0.0,0.0,0.0,0.00027770063871146905,0.0,0.0033324076645376284,0.0,0.0,0.0,0.0,0.0,0.0,0.0,0.0,0.0,0.0,0.0,0.0,0.00027770063871146905,0.0,0.0,0.0,0.0,0.0,0.0,0.0,0.0,0.0,0.0,0.0,0.0,0.009719522354901415,0.0,0.0
7904.5186,0.008821855435401251,0.00028457598178713723,0.00028457598178713723,0.0,0.0,0.00028457598178713723,0.0,0.0,0.0,0.0,0.0,0.0,0.0,0.0,0.002276607854297097,0.0,0.0,0.0,0.0,0.00028457598178713723,0.0005691519635742745,0.0,0.0,0.0,0.0,0.0,0.0,0.0,0.00028457598178713723,0.0,0.0,0.0,0.0,0.0,0.00028457598178713723,0.0,0.0,0.0,0.00028457598178713723,0.0,0.0,0.0,0.0,0.0,0.0,0.001138303927148549,0.0,0.0,0.001138303927148549,0.0
100065.518569,0.038067349926793566,0.0,0.0,0.0,0.0,0.001708150317227916,0.0,0.0,0.0002440214738897023,0.0,0.0,0.0,0.0,0.0,0.05417276720351391,0.0,0.0,0.0,0.0,0.0,0.0,0.003660322108345535,0.0,0.0004880429477794046,0.0,0.0,0.0002440214738897023,0.0,0.0,0.0002440214738897023,0.0,0.0,0.0,0.0,0.0,0.0,0.0,0.0,0.0002440214738897023,0.0002440214738897023,0.0,0.0,0.0,0.0014641288433382136,0.0,0.0,0.0,0.0021961932650073207,0.0,0.0
100219.518561,0.027777777777777776,0.0,0.0,0.0,0.0,0.0,0.0,0.0,0.0,0.0,0.0,0.0,0.0,0.0,0.0,0.0,0.0,0.0,0.08883101851851853,0.0,0.0,0.0,0.0,0.0,0.0,0.0,0.0,0.0,0.0,0.0,0.0,0.0,0.0,0.0,0.0,0.0,0.0,0.0,0.0,0.0,0.0,0.0,0.0,0.0,0.0,0.0,0.0,0.0,0.0,0.0
100205.51847000001,0.02544951590594744,0.0,0.0,0.0,0.0,0.0,0.0,0.0019363762102351317,0.0,0.0,0.0,0.0,0.0,0.0,0.0,0.0,0.00027662517289073305,0.0,0.0,0.0,0.0,0.006639004149377593,0.0,0.0,0.0,0.0,0.0,0.0,0.0,0.0,0.0,0.0,0.0,0.003319502074688797,0.0,0.0,0.0326417704011065,0.0,0.0,0.00027662517289073305,0.0,0.0,0.0,0.0,0.0,0.0,0.00027662517289073305,0.0,0.0,0.0
100156.518612,0.2315217391304348,0.0,0.0,0.0,0.0,0.0,0.0,0.0005434782608695652,0.0,0.0005434782608695652,0.0,0.0005434782608695652,0.0,0.0,0.011141304347826087,0.0,0.0,0.013315217391304349,0.0,0.0,0.0002717391304347826,0.0,0.0,0.0,0.0,0.0,0.0,0.0,0.0,0.0,0.0,0.0,0.0,0.0,0.0,0.0,0.0,0.0,0.0,0.0,0.0,0.0,0.0,0.0,0.0,0.0,0.0,0.0,0.0,0.0
100091.518616,0.10305775764439412,0.0,0.0,0.0,0.009966024915062287,0.0,0.0,0.0,0.0,0.0,0.0,0.0,0.0,0.0,0.0,0.0,0.0,0.0,0.0,0.0,0.0,0.0,0.0,0.00045300113250283127,0.0,0.0,0.00022650056625141563,0.0,0.0,0.00022650056625141563,0.0,0.00022650056625141563,0.0,0.0,0.0,0.0,0.0,0.0,0.0,0.0,0.0,0.0,0.0,0.0,0.0,0.0,0.0,0.0,0.0,0.0
100221.518509,0.0007686395080707147,0.0,0.0,0.0,0.0,0.0,0.004355623879067384,0.0,0.0,0.0,0.0,0.0,0.0,0.00025621316935690495,0.0,0.0,0.0,0.0,0.05021778119395337,0.0,0.0,0.0,0.0,0.00025621316935690495,0.0,0.0,0.00025621316935690495,0.0,0.0,0.0,0.0,0.0,0.0,0.0,0.0,0.0,0.0,0.0,0.0012810658467845247,0.0,0.0,0.0,0.0,0.0,0.0,0.0,0.0,0.0,0.0,0.0
100150.518562,0.035091907376462166,0.0,0.0,0.0,0.0,0.0,0.0,0.0,0.0,0.0,0.0,0.00047744091668656,0.0,0.00023872045834328,0.0014323227500596801,0.0,0.0,0.0,0.0,0.0,0.0,0.009787538792074479,0.0,0.0,0.0,0.0,0.0,0.0011936022917164002,0.0,0.0,0.0,0.0,0.0,0.027214132251133918,0.0,0.0,0.0,0.0,0.00047744091668656,0.0,0.0,0.0,0.0,0.0,0.0,0.0011936022917164002,0.0,0.0,0.0,0.0
100072.518459,0.12139917695473253,0.0,0.0,0.0,0.0,0.0,0.0,0.0,0.0051440329218107,0.0,0.0,0.0,0.0,0.0,0.0,0.0,0.0,0.0,0.0,0.0,0.0,0.0,0.0,0.0,0.0,0.0,0.0,0.0,0.0,0.000257201646090535,0.0,0.0,0.0,0.0,0.0,0.0,0.0,0.0,0.001286008230452675,0.0,0.0,0.0,0.0,0.0,0.0,0.012602880658436214,0.0,0.0,0.0,0.0
100155.518528,0.044970671301325225,0.0,0.0,0.0,0.0,0.0,0.0,0.0,0.08190310666956332,0.0,0.0,0.0002172496198131653,0.0,0.0,0.0,0.0,0.0,0.0,0.0,0.0,0.0,0.0049967412557028025,0.0,0.0,0.0004344992396263306,0.0,0.0,0.0,0.0,0.0,0.0,0.0,0.0002172496198131653,0.0,0.0,0.0,0.0,0.0,0.010427981751031936,0.0,0.0,0.0,0.0,0.0004344992396263306,0.0,0.0,0.0,0.000651748859439496,0.0,0.0
100169.51856499999,0.0015844273426889994,0.0,0.0,0.0,0.0,0.0,0.0,0.0,0.0,0.0,0.0,0.0,0.0,0.00022634676324128565,0.0,0.0,0.0,0.0,0.3795835219556361,0.0,0.0,0.0,0.0,0.0,0.00022634676324128565,0.0,0.0,0.0,0.0,0.0,0.0,0.0,0.0,0.0,0.0,0.0,0.0,0.0,0.0,0.0,0.0,0.0,0.0,0.014486192847442281,0.0,0.0,0.0004526935264825713,0.0,0.0,0.0
100233.518613,0.0008125677139761648,0.0,0.0,0.0,0.0005417118093174432,0.0,0.0,0.0,0.0,0.0,0.0008125677139761648,0.0,0.0,0.0,0.0010834236186348864,0.0,0.0,0.011375947995666305,0.0005417118093174432,0.0,0.0,0.0,0.0008125677139761648,0.0,0.0,0.0,0.0002708559046587216,0.0,0.0,0.0,0.004062838569880822,0.0,0.0,0.0,0.0,0.0,0.004875406283856988,0.0008125677139761648,0.0,0.0,0.0035211267605633804,0.004333694474539546,0.0,0.0,0.0002708559046587216,0.0,0.0,0.01218851570964247,0.0,0.0002708559046587216
100088.51850800001,0.011178537208559566,0.0,0.0,0.0,0.0,0.0,0.0,0.002555094219099329,0.0,0.0,0.0,0.0,0.0,0.0,0.0,0.0,0.0,0.0,0.0,0.0,0.0,0.0,0.0,0.0,0.0,0.009262216544235069,0.0,0.0,0.0,0.0,0.00031938677738741617,0.0,0.00031938677738741617,0.0,0.0,0.0,0.08367933567550304,0.0,0.0,0.0,0.0,0.0,0.0,0.0,0.0,0.0,0.0,0.0,0.0,0.0
100105.518417,0.027855153203342614,0.0,0.0,0.0,0.0,0.0019498607242339832,0.0,0.0,0.0,0.0,0.0,0.0,0.0008356545961002785,0.0,0.0005571030640668524,0.0,0.0,0.0,0.0,0.0011142061281337048,0.0,0.0,0.0,0.001671309192200557,0.0,0.0,0.0,0.0,0.0022284122562674096,0.001671309192200557,0.0,0.0,0.0,0.0,0.0005571030640668524,0.0,0.0,0.0002785515320334262,0.0,0.0,0.0,0.00584958217270195,0.0,0.0,0.0005571030640668524,0.0005571030640668524,0.0,0.0,0.0002785515320334262,0.0
7860.518628,0.046744982868330884,0.0,0.0,0.0,0.0,0.0,0.0,0.0,0.0,0.0,0.0,0.0007342143906020558,0.0,0.0,0.0009789525208027412,0.0,0.0,0.0,0.0,0.0,0.0,0.0,0.0,0.0004894762604013706,0.0002447381302006853,0.0,0.0,0.0002447381302006853,0.0004894762604013706,0.0,0.0,0.0,0.0,0.0002447381302006853,0.0,0.0004894762604013706,0.03842388644150759,0.0,0.0,0.0,0.0,0.011257953989231522,0.0,0.0,0.0,0.0009789525208027412,0.0,0.005628976994615761,0.0,0.0
100158.518625,0.010382736156351793,0.0,0.0,0.0,0.0,0.0,0.0,0.0,0.0,0.0,0.0,0.0,0.0,0.0,0.0008143322475570032,0.0,0.0006107491856677524,0.0,0.0,0.0,0.0,0.0,0.0,0.0,0.0,0.0,0.0,0.0008143322475570032,0.0,0.0,0.0,0.0,0.0,0.012825732899022802,0.0,0.0,0.0,0.0,0.0,0.0,0.0,0.0,0.0012214983713355048,0.0,0.0,0.0,0.0,0.0,0.0,0.0
100200.518491,0.00946719506825187,0.0,0.0,0.0,0.0,0.0,0.0,0.0004403346543372963,0.00022016732716864814,0.0,0.0,0.0,0.0,0.0,0.0,0.0,0.0,0.0,0.0,0.0,0.0,0.0,0.029282254513430212,0.00022016732716864814,0.0,0.0,0.0,0.0,0.0004403346543372963,0.0,0.0,0.0,0.0006605019815059445,0.006384852487890797,0.0,0.0,0.0,0.0,0.00022016732716864814,0.0,0.004403346543372964,0.0,0.00022016732716864814,0.0,0.0,0.0,0.0,0.0,0.0,0.16886833993835315
100176.518428,0.16675839295542105,0.0,0.0,0.0,0.0,0.0,0.0,0.0,0.0,0.0,0.0,0.0,0.0,0.0,0.0,0.0,0.0,0.0,0.000825536598789213,0.0,0.0,0.0,0.0,0.0,0.000550357732526142,0.0,0.0,0.0,0.0,0.0,0.0,0.007429829389102917,0.0,0.0,0.0,0.000275178866263071,0.0,0.0,0.0071546505228398454,0.0,0.0,0.0,0.0,0.009356081452944413,0.0,0.0,0.000825536598789213,0.0,0.0,0.0
100047.51857300001,0.017072558373085613,0.0,0.0,0.0,0.0,0.0,0.0,0.0,0.0,0.0,0.0,0.0,0.0,0.0,0.0,0.0,0.0,0.0,0.0002510670348983178,0.0,0.0,0.0,0.0,0.0,0.0,0.0,0.0,0.0,0.0,0.0,0.0005021340697966356,0.0,0.0,0.0,0.0,0.0,0.0,0.0,0.0,0.0,0.0,0.0,0.0,0.0,0.0002510670348983178,0.0002510670348983178,0.0,0.0,0.0,0.0
100224.51846,0.017299375300336376,0.0,0.0,0.006727534839019702,0.0,0.0,0.0,0.0,0.0,0.0002402691013935608,0.0,0.0,0.0002402691013935608,0.0,0.0009610764055742432,0.0,0.0002402691013935608,0.006246996636232581,0.0,0.0,0.0002402691013935608,0.0,0.0,0.0,0.0,0.0,0.0002402691013935608,0.0019221528111484864,0.0,0.0,0.0,0.0,0.0002402691013935608,0.0,0.0,0.0002402691013935608,0.0,0.00913022585295531,0.0,0.0,0.0,0.0002402691013935608,0.0,0.0,0.0,0.0,0.0,0.0,0.0,0.0
7847.51841,0.04323400097703957,0.0,0.00024425989252564734,0.0,0.0,0.0004885197850512947,0.0,0.0,0.0,0.00024425989252564734,0.0,0.0,0.0,0.0,0.0031753786028334147,0.0,0.0,0.0,0.0,0.00024425989252564734,0.0,0.00024425989252564734,0.0,0.0,0.0,0.0,0.00024425989252564734,0.0,0.0,0.0,0.0,0.0004885197850512947,0.0,0.0,0.00024425989252564734,0.0004885197850512947,0.0,0.0,0.0,0.00024425989252564734,0.0,0.0,0.0,0.0,0.0009770395701025893,0.0,0.00024425989252564734,0.0,0.0,0.0
7911.518609999999,0.002526724975704568,0.0,0.0,0.0,0.00019436345966958207,0.0,0.0,0.0,0.0,0.00019436345966958207,0.0,0.00038872691933916425,0.0,0.0,0.002721088435374149,0.0,0.0,0.0,0.0,0.0,0.00038872691933916425,0.0,0.0,0.0,0.0,0.0,0.0007774538386783285,0.0,0.0,0.007385811467444121,0.0,0.0,0.00038872691933916425,0.0,0.002721088435374149,0.0,0.0,0.0,0.0,0.00038872691933916425,0.0,0.0,0.0,0.00019436345966958207,0.0,0.0,0.0,0.00019436345966958207,0.0,0.0007774538386783285
100210.518471,0.0019665683382497547,0.0,0.0,0.0,0.0,0.0,0.0,0.0,0.0,0.0,0.0,0.0,0.0,0.0009832841691248774,0.0,0.00024582104228121934,0.0,0.0,0.0,0.0,0.0,0.0,0.0,0.0,0.0,0.0,0.0,0.0024582104228121925,0.0,0.0,0.0,0.0,0.0,0.00024582104228121934,0.0,0.0,0.0,0.0,0.0,0.0,0.0,0.0,0.0,0.0,0.0,0.0,0.0,0.0,0.0,0.0
100217.518532,0.008958837772397095,0.0,0.0,0.0004842615012106538,0.0,0.0002421307506053269,0.0,0.0,0.0,0.0,0.0019370460048426148,0.0,0.0,0.0004842615012106538,0.0,0.0,0.0,0.0,0.0,0.0,0.0,0.0,0.0,0.0,0.0002421307506053269,0.0,0.006295399515738499,0.0,0.0004842615012106538,0.0,0.0,0.0,0.0,0.0,0.0007263922518159807,0.0,0.0002421307506053269,0.0,0.0,0.0014527845036319614,0.0,0.0,0.0,0.0002421307506053269,0.0,0.0,0.0,0.0,0.0002421307506053269,0.0
7912.518472,0.04642166344294004,0.0,0.0,0.0016924564796905225,0.030705996131528045,0.0,0.0,0.0,0.00048355899419729207,0.0,0.0,0.00024177949709864604,0.000967117988394584,0.0,0.0050773694390715655,0.0,0.0,0.0,0.0,0.00024177949709864604,0.00024177949709864604,0.0014506769825918765,0.0,0.000967117988394584,0.00024177949709864604,0.0,0.0,0.0,0.0,0.004835589941972921,0.00048355899419729207,0.0,0.00024177949709864604,0.0007253384912959381,0.0019342359767891683,0.00048355899419729207,0.0,0.0012088974854932305,0.0,0.00024177949709864604,0.0,0.0,0.0,0.00024177949709864604,0.0,0.0,0.0,0.0031431334622823983,0.0,0.0
100163.518435,0.05772005772005773,0.0,0.0,0.0,0.0,0.0,0.0,0.0,0.0,0.0,0.0,0.0,0.0,0.0008658008658008657,0.0,0.0,0.0,0.0,0.0,0.0,0.0,0.0,0.0,0.0,0.0,0.0005772005772005772,0.0,0.0008658008658008657,0.0,0.0,0.0,0.0,0.002886002886002886,0.0,0.0,0.0,0.0,0.0,0.0002886002886002886,0.0,0.0,0.0,0.0,0.0,0.0,0.0,0.0,0.0,0.0,0.0
100049.51857100001,0.007780419278149989,0.0,0.0,0.0030257186081694407,0.0008644910309055544,0.0,0.0,0.0,0.0,0.0,0.0,0.0,0.0,0.0,0.0,0.0,0.0,0.0012967365463583313,0.0,0.0,0.0002161227577263886,0.0,0.0025934730927166627,0.0,0.0,0.002161227577263886,0.0,0.0006483682731791657,0.0,0.0,0.0,0.0,0.0,0.0,0.0,0.0002161227577263886,0.0,0.0,0.0,0.0,0.002809595850443052,0.0,0.002809595850443052,0.0,0.001080613788631943,0.0,0.0,0.0,0.017938188891290254,0.02118003025718608
100109.518535,0.01900981825778149,0.0,0.0,0.0,0.0,0.0,0.0,0.0,0.0010444955086693127,0.0,0.0,0.0,0.0,0.0,0.0012533946104031752,0.0,0.0,0.0,0.0002088991017338625,0.0002088991017338625,0.0,0.0,0.0,0.0,0.0,0.0,0.0,0.0,0.0,0.0006266973052015876,0.0002088991017338625,0.0,0.0,0.0,0.0,0.0,0.003969082932943388,0.0,0.0,0.0,0.0,0.0,0.0,0.0,0.0002088991017338625,0.0,0.0,0.0,0.0008355964069354503,0.0
100083.518623,0.012404787812840044,0.0,0.0,0.0,0.0,0.0002176278563656148,0.0,0.0,0.0002176278563656148,0.0,0.0,0.0,0.0,0.0,0.002611534276387377,0.0,0.0,0.0,0.0004352557127312296,0.0,0.0,0.0071817192600652875,0.0,0.0004352557127312296,0.0,0.0002176278563656148,0.0,0.0,0.0,0.0002176278563656148,0.0,0.0,0.0,0.0,0.0,0.0,0.0,0.0,0.0004352557127312296,0.0,0.0,0.0,0.0,0.0,0.0,0.0,0.0002176278563656148,0.0,0.0,0.0
100095.51843899999,0.04534548944337812,0.0,0.0,0.0,0.0,0.0,0.0,0.0,0.0,0.0,0.0,0.0007197696737044146,0.0,0.0,0.0,0.0,0.0,0.0,0.0,0.0,0.0,0.0,0.0,0.0,0.0,0.0,0.0,0.0002399232245681382,0.0,0.0002399232245681382,0.0,0.0,0.0,0.0,0.0,0.0,0.0,0.0,0.0007197696737044146,0.0,0.0,0.0,0.0,0.0002399232245681382,0.0,0.0,0.0,0.0,0.0,0.0
100198.518598,0.007493188010899181,0.0,0.0,0.0,0.0,0.0,0.0,0.0,0.0,0.0,0.0,0.0,0.0,0.0,0.0002270663033605813,0.0,0.0013623978201634875,0.0,0.0,0.0,0.0,0.0,0.0,0.0,0.0,0.0,0.0,0.0,0.0004541326067211626,0.0,0.0,0.0002270663033605813,0.0,0.0,0.0,0.0,0.0,0.0,0.0002270663033605813,0.0,0.0,0.0011353315168029065,0.0,0.0,0.0,0.0,0.0,0.0,0.0,0.0
100234.518587,0.08452280996361601,0.0,0.0,0.0,0.0,0.0,0.0,0.0,0.0,0.0,0.0,0.0,0.0,0.0,0.0,0.0,0.0,0.0,0.0,0.0,0.0,0.000279876854184159,0.0,0.0,0.0,0.0,0.000279876854184159,0.0,0.0,0.0,0.0,0.000559753708368318,0.0,0.0,0.0,0.0,0.0,0.0,0.000279876854184159,0.0,0.000279876854184159,0.0,0.0,0.0,0.0,0.0,0.000279876854184159,0.0,0.0,0.000279876854184159
100046.518563,0.09642346208869812,0.0,0.0,0.0,0.0,0.0,0.0,0.0,0.0,0.0,0.0,0.0002861230329041488,0.0,0.0002861230329041488,0.0,0.0,0.0,0.0,0.044635193133047216,0.0,0.0002861230329041488,0.0,0.0,0.0,0.0,0.0,0.0005722460658082976,0.0,0.0,0.0,0.0,0.0005722460658082976,0.0,0.0,0.0,0.0002861230329041488,0.004005722460658083,0.0,0.001430615164520744,0.0,0.0,0.0,0.0,0.001430615164520744,0.0,0.0,0.002575107296137339,0.0,0.0,0.0
100051.518513,0.037413394919168584,0.0,0.0,0.0,0.0,0.0,0.0,0.0,0.0,0.0,0.0,0.0,0.0,0.0,0.0016166281755196305,0.0,0.0,0.0036951501154734406,0.0009237875288683604,0.0,0.0,0.0,0.0,0.0,0.0,0.0,0.0,0.0,0.0,0.0,0.0002309468822170901,0.0,0.0002309468822170901,0.0,0.0,0.0009237875288683604,0.0,0.03972286374133949,0.0,0.0006928406466512702,0.0,0.0,0.0,0.0,0.0002309468822170901,0.0,0.0,0.0,0.0,0.0
100107.518577,0.01062072220911022,0.0,0.0,0.0,0.0,0.0,0.0,0.001180080245456691,0.0080245456691055,0.0,0.0,0.0,0.0,0.0,0.0075525135709228215,0.0,0.0,0.0,0.0,0.00047203209818267634,0.0,0.0,0.0,0.0,0.00023601604909133817,0.0,0.0,0.00047203209818267634,0.0,0.0,0.0,0.0,0.0,0.0,0.0,0.0,0.021477460467311776,0.01062072220911022,0.0,0.0,0.004248288883644089,0.0,0.0,0.0,0.00023601604909133817,0.00023601604909133817,0.0,0.013924946896388957,0.0,0.0
100222.518527,0.01825842696629213,0.0,0.0,0.0,0.0,0.0,0.0,0.0,0.0,0.0,0.0,0.0005617977528089888,0.0,0.0,0.0011235955056179776,0.0,0.0022471910112359553,0.0,0.0,0.0,0.0,0.0,0.0,0.0,0.0,0.0,0.0,0.001966292134831461,0.0,0.0,0.0002808988764044944,0.0,0.0,0.022191011235955058,0.0,0.0,0.08174157303370788,0.0,0.0,0.0,0.0002808988764044944,0.0,0.0,0.0,0.0,0.0,0.0,0.05842696629213484,0.0,0.0
100195.51853300001,0.04857621440536013,0.0,0.0,0.0,0.00023929169657812877,0.0,0.0,0.0,0.0,0.0,0.0,0.0007178750897343862,0.0,0.0,0.002632208662359416,0.0,0.0,0.0,0.002632208662359416,0.0,0.0,0.0,0.10337401292175162,0.0,0.00047858339315625753,0.00023929169657812877,0.0,0.0,0.0,0.0,0.0,0.0007178750897343862,0.0011964584828906438,0.0,0.0,0.0,0.0,0.0,0.0,0.0,0.00023929169657812877,0.00047858339315625753,0.0,0.0,0.0,0.02560421153385977,0.00023929169657812877,0.0011964584828906438,0.0,0.0021536252692031586
7908.518448999999,0.04866694879390605,0.0,0.0,0.000211595429538722,0.0,0.0,0.0,0.0,0.0,0.0,0.0,0.000211595429538722,0.0,0.0,0.005924672027084215,0.0,0.0,0.002539145154464664,0.0,0.0,0.0,0.0,0.0,0.000423190859077444,0.0,0.0,0.000211595429538722,0.0,0.0,0.0,0.0,0.0,0.000423190859077444,0.0,0.0,0.000211595429538722,0.0,0.0029623360135421074,0.0,0.0,0.005713076597545493,0.0,0.0,0.0,0.0,0.0,0.0,0.0,0.0,0.000423190859077444
100181.51844,0.011117500479202607,0.0,0.0,0.0,0.0,0.0,0.000383362085489745,0.0,0.0,0.0,0.0,0.0,0.0,0.0,0.0007667241709794901,0.000383362085489745,0.0,0.0,0.0,0.0001916810427448725,0.0001916810427448725,0.0,0.0,0.0,0.0,0.0,0.0,0.0,0.0005750431282346176,0.0,0.0019168104274487254,0.0,0.0001916810427448725,0.0,0.000383362085489745,0.0,0.0,0.0,0.0,0.0001916810427448725,0.0,0.0,0.0001916810427448725,0.0,0.00843396588077439,0.0,0.0,0.0,0.000383362085489745,0.0
100048.518556,0.01166704061027597,0.0,0.0,0.0,0.0,0.0,0.0,0.0,0.002019295490240072,0.0,0.0,0.0,0.0,0.0,0.0,0.0,0.0,0.0,0.0,0.0,0.0,0.01099394211352928,0.0,0.0,0.0,0.0,0.0,0.0006730984967466907,0.0,0.0,0.0,0.0,0.0,0.0,0.0,0.0,0.0,0.0,0.00022436616558223018,0.0,0.0,0.0,0.0,0.0,0.0,0.0,0.0,0.0,0.0,0.0
100161.518473,0.007300792657488527,0.0006257822277847308,0.0,0.0,0.0,0.0,0.0,0.0008343763037129745,0.0,0.0,0.0,0.0,0.0,0.0,0.001668752607425949,0.00020859407592824363,0.0,0.0,0.0,0.00020859407592824363,0.0,0.0,0.05214851898206091,0.0,0.0,0.00020859407592824363,0.0,0.0,0.0,0.0,0.0014601585314977055,0.0,0.0,0.0,0.0,0.00020859407592824363,0.0,0.0,0.0,0.00020859407592824363,0.0,0.0,0.049228201919065497,0.0,0.0,0.0,0.0,0.0,0.0,0.0
100143.51857999999,0.043507067137809184,0.0,0.0,0.0,0.0,0.0,0.0,0.0,0.0,0.0,0.0,0.0,0.0,0.0,0.0033127208480565372,0.0002208480565371025,0.0,0.0,0.0002208480565371025,0.0,0.0,0.0,0.0,0.0,0.0006625441696113075,0.0,0.0,0.0,0.0,0.0,0.0015459363957597172,0.002208480565371025,0.0,0.0,0.0,0.0,0.0,0.0,0.0,0.00088339222614841,0.0,0.0,0.0,0.0,0.0,0.0,0.0,0.0,0.0002208480565371025,0.0
100165.518637,0.09177283524076874,0.0,0.0,0.0,0.0,0.0,0.0,0.0,0.0,0.00021593608291945585,0.0,0.00021593608291945585,0.0,0.0,0.0,0.0,0.0,0.0,0.0,0.00021593608291945585,0.0,0.0,0.0,0.0,0.0,0.0004318721658389117,0.0,0.0,0.0,0.0,0.0,0.00021593608291945585,0.0,0.0,0.00021593608291945585,0.0012956164975167351,0.0,0.0,0.0,0.0,0.0,0.0,0.0,0.0,0.0,0.0,0.0,0.0019434247462751023,0.0,0.0
100180.518633,0.07899854156538648,0.0,0.0,0.0,0.0,0.0,0.0,0.0007292173067574137,0.00024307243558580453,0.0,0.0,0.0,0.0,0.0,0.0,0.0,0.0,0.0,0.0007292173067574137,0.0,0.00024307243558580453,0.0,0.03378706854642684,0.0,0.0,0.0,0.0,0.00024307243558580453,0.0,0.0,0.00024307243558580453,0.0,0.0,0.0,0.0,0.0,0.006562955760816724,0.0,0.00024307243558580453,0.0,0.0,0.0053475935828877,0.0,0.0009722897423432181,0.0,0.0,0.0,0.0,0.0,0.0
100207.518411,0.008828996282527882,0.0,0.0,0.0,0.016496282527881042,0.0,0.0,0.0,0.0,0.0,0.0,0.0,0.0,0.0,0.0,0.0,0.00023234200743494423,0.0,0.0,0.0011617100371747212,0.0,0.029275092936802975,0.0,0.00046468401486988845,0.0,0.0,0.0,0.0006970260223048327,0.0,0.0,0.0,0.0,0.0,0.0,0.0,0.0,0.002555762081784386,0.016496282527881042,0.0,0.0,0.0060408921933085506,0.0,0.0,0.0,0.0,0.0,0.0011617100371747212,0.019981412639405203,0.0,0.0
100228.518607,0.0176678445229682,0.0,0.0,0.0,0.0,0.0,0.0,0.0,0.0,0.0,0.0,0.0,0.0,0.0,0.002429328621908127,0.0,0.0,0.0,0.00088339222614841,0.0002208480565371025,0.0,0.0,0.0618374558303887,0.0,0.00088339222614841,0.0,0.0,0.0,0.0002208480565371025,0.0,0.0,0.0,0.0,0.000441696113074205,0.0,0.0,0.0002208480565371025,0.007287985865724381,0.0,0.0,0.0,0.0,0.0,0.0,0.000441696113074205,0.0,0.0002208480565371025,0.0,0.0,0.0006625441696113075
100087.518466,0.062213039485766765,0.0,0.0,0.0,0.0,0.0,0.0,0.0,0.002066115702479339,0.0,0.0,0.0,0.0,0.0,0.001147842056932966,0.0,0.0,0.0,0.0,0.0,0.0,0.0006887052341597796,0.0,0.0,0.0,0.0,0.0,0.0,0.002984389348025712,0.0,0.0,0.0,0.0,0.0,0.0,0.0,0.0,0.0,0.0009182736455463727,0.0,0.0,0.0,0.0,0.0,0.0,0.0,0.0,0.0,0.0,0.0
100211.518437,0.0034610630407911,0.0,0.0,0.0,0.0,0.0,0.0,0.0,0.013597033374536464,0.0,0.0,0.0,0.0,0.0,0.0,0.00024721878862793575,0.0,0.0,0.003955500618046972,0.0,0.0,0.0,0.0,0.00024721878862793575,0.0,0.0,0.0,0.0,0.0,0.00024721878862793575,0.0,0.0004944375772558715,0.0,0.0,0.0004944375772558715,0.00024721878862793575,0.0,0.0,0.008158220024721878,0.0,0.0,0.0,0.0,0.0,0.0,0.0,0.0,0.0,0.0,0.0
100202.51842200001,0.01102324466810448,0.0,0.0,0.0,0.0,0.0,0.0004792715073088905,0.0,0.0,0.0,0.0,0.0,0.0,0.0,0.0,0.0,0.0,0.0,0.0,0.0,0.0,0.0,0.07117181883537024,0.0,0.0,0.0,0.0,0.001917086029235562,0.0,0.0,0.0,0.0,0.0,0.0040738078121255695,0.00023963575365444525,0.0,0.04385334291876348,0.0,0.0,0.0,0.0,0.0,0.0,0.0,0.0,0.0004792715073088905,0.0,0.0,0.0,0.0
100071.518514,0.051048088779284836,0.0,0.0,0.0,0.0,0.0,0.0,0.0,0.0,0.0,0.0,0.0,0.0,0.0,0.0012330456226880395,0.0,0.0,0.0,0.0,0.0,0.0,0.0,0.0,0.0,0.0,0.0,0.0,0.0,0.0,0.0,0.0,0.0,0.0,0.0,0.0,0.0004932182490752158,0.0,0.0,0.0002466091245376079,0.0002466091245376079,0.0,0.0,0.0,0.0,0.0,0.0009864364981504315,0.0,0.004192355117139335,0.0,0.0
100106.51863400001,0.011023622047244094,0.0,0.0,0.0,0.0002624671916010499,0.0,0.0,0.0,0.0005249343832020997,0.0,0.0,0.0002624671916010499,0.0,0.0,0.013385826771653543,0.0,0.0,0.0,0.0,0.0,0.0,0.0,0.03254593175853018,0.0,0.0,0.0002624671916010499,0.0,0.0,0.0,0.0005249343832020997,0.0007874015748031496,0.0,0.0,0.0,0.0002624671916010499,0.0,0.003937007874015748,0.0026246719160104987,0.0,0.0,0.0,0.0,0.0005249343832020997,0.0,0.0,0.0,0.0,0.005774278215223097,0.0,0.0
100080.518564,0.03943661971830986,0.0,0.0,0.0,0.0,0.0,0.0,0.0,0.0,0.00021668472372697725,0.0,0.0,0.0,0.0,0.0010834236186348864,0.00021668472372697725,0.0,0.0,0.0,0.0,0.00021668472372697725,0.0,0.03683640303358613,0.0,0.000866738894907909,0.0,0.0,0.0,0.0,0.0,0.0010834236186348864,0.0,0.00021668472372697725,0.0,0.0,0.0,0.0,0.0,0.00021668472372697725,0.00021668472372697725,0.0,0.0,0.0,0.0,0.0,0.0,0.00021668472372697725,0.0,0.00021668472372697725,0.020801733477789814
7848.518594,0.016382252559726963,0.0,0.0,0.0,0.0,0.0002275312855517634,0.0,0.0013651877133105802,0.0,0.0,0.0,0.0002275312855517634,0.0022753128555176336,0.0,0.0061433447098976105,0.0002275312855517634,0.0,0.0015927189988623437,0.0,0.0,0.0,0.0,0.02252559726962457,0.0,0.0,0.0,0.0002275312855517634,0.0,0.0,0.0,0.0,0.0002275312855517634,0.0,0.0018202502844141067,0.0,0.0002275312855517634,0.0,0.007281001137656427,0.0,0.0,0.0,0.0,0.00045506257110352667,0.0,0.0002275312855517634,0.0,0.0,0.0,0.0,0.0
100191.518602,0.00639386189258312,0.0,0.0,0.0,0.0,0.0,0.0,0.0,0.0010230179028132991,0.0,0.0,0.0,0.002813299232736573,0.0002557544757033248,0.0002557544757033248,0.0,0.0,0.0,0.0,0.0,0.0002557544757033248,0.0,0.0,0.0,0.0,0.0,0.0,0.0,0.0002557544757033248,0.0,0.0,0.0,0.0,0.0,0.0005115089514066496,0.0002557544757033248,0.0,0.0,0.0,0.0,0.0,0.003580562659846548,0.0010230179028132991,0.0,0.0,0.0,0.0,0.0,0.001278772378516624,0.0
100015.518484,0.007194244604316547,0.0,0.0,0.0,0.0,0.0006540222367560497,0.0,0.0,0.0,0.0,0.0,0.0,0.0,0.0,0.0,0.0,0.0,0.0,0.0,0.0006540222367560497,0.0,0.0,0.0,0.0,0.0009810333551340746,0.0,0.0,0.0013080444735120995,0.0,0.0,0.0,0.0,0.0,0.002616088947024199,0.0,0.0,0.0,0.0,0.0,0.0,0.005559189012426423,0.0,0.0,0.0,0.0009810333551340746,0.0,0.0003270111183780249,0.006540222367560497,0.004578155657292348,0.0
100172.518574,0.02612481857764877,0.0002902757619738752,0.0,0.0,0.0,0.0,0.0,0.0008708272859216256,0.0,0.0,0.0,0.0,0.0,0.0,0.0034833091436865023,0.001451378809869376,0.0,0.0,0.0,0.0,0.0,0.0,0.0,0.0005805515239477503,0.0,0.0,0.0,0.0,0.0,0.0,0.0,0.0002902757619738752,0.0,0.0,0.0,0.0002902757619738752,0.009869375907111757,0.001451378809869376,0.0,0.0002902757619738752,0.0,0.0005805515239477503,0.0,0.0,0.0,0.0,0.0002902757619738752,0.045863570391872284,0.0,0.0
100168.518433,0.07896841263494603,0.0,0.0,0.0,0.0,0.00019992003198720512,0.0,0.0,0.0,0.0,0.0,0.0,0.0,0.0,0.0,0.0,0.00039984006397441024,0.0,0.0,0.0,0.0,0.0,0.0,0.0,0.00039984006397441024,0.0,0.0,0.0,0.0,0.0,0.00039984006397441024,0.0009996001599360256,0.0,0.0,0.0,0.0,0.0,0.0,0.00019992003198720512,0.0,0.00039984006397441024,0.0,0.0,0.0005997600959616154,0.0,0.02199120351859256,0.0,0.0,0.0,0.0
100092.518547,0.04119047619047619,0.0,0.0,0.0,0.0,0.0,0.0,0.0,0.0009523809523809524,0.0,0.0,0.0002380952380952381,0.0,0.0,0.0004761904761904762,0.0,0.0,0.0,0.0,0.0,0.0002380952380952381,0.0045238095238095246,0.0,0.0,0.0,0.0,0.0,0.0004761904761904762,0.0,0.0,0.0,0.0007142857142857143,0.0,0.0,0.0004761904761904762,0.0,0.0,0.0,0.0,0.0,0.0,0.0,0.0,0.0,0.0002380952380952381,0.0,0.0,0.0,0.0,0.0
100058.51855800001,0.05603112840466926,0.0,0.0,0.0,0.0,0.0,0.0002594033722438392,0.0002594033722438392,0.0,0.0,0.0,0.0,0.0,0.0002594033722438392,0.0,0.0,0.0,0.0,0.0,0.0,0.0,0.0,0.0,0.0,0.0007782101167315176,0.0,0.0,0.0,0.0,0.0,0.0007782101167315176,0.0007782101167315176,0.0,0.0,0.0,0.0002594033722438392,0.0,0.0,0.0,0.0002594033722438392,0.0,0.0,0.0,0.0002594033722438392,0.0,0.0,0.0,0.0007782101167315176,0.0,0.0
100096.518617,0.0582124656997256,0.0,0.0,0.0,0.0,0.0,0.0,0.0,0.0,0.0,0.0001960015680125441,0.0,0.0,0.0001960015680125441,0.02136417091336731,0.0,0.0,0.0,0.0,0.0,0.0,0.002940023520188161,0.0,0.0001960015680125441,0.0,0.0,0.0,0.0001960015680125441,0.0,0.0,0.0,0.0,0.0,0.0,0.0003920031360250882,0.0,0.0,0.0,0.0,0.0003920031360250882,0.0,0.0,0.0,0.0,0.0,0.003920031360250882,0.0,0.0,0.0,0.0
100220.518611,0.07485191168551426,0.0,0.0,0.0005385029617662896,0.0,0.0,0.0,0.0,0.0,0.00026925148088314486,0.0,0.0,0.0,0.0,0.0,0.0,0.0,0.0,0.0,0.00026925148088314486,0.0,0.0,0.0,0.0,0.0,0.004846526655896607,0.0,0.00026925148088314486,0.0,0.0,0.0,0.0,0.00026925148088314486,0.0,0.0,0.0,0.0,0.0,0.0,0.0005385029617662896,0.0,0.002423263327948304,0.0,0.0,0.0,0.0,0.0,0.0,0.0,0.0
100226.518568,0.01204516938519448,0.0,0.0,0.000752823086574655,0.0,0.0,0.0,0.004015056461731493,0.0,0.0002509410288582183,0.0,0.0,0.0,0.0,0.0,0.0,0.0,0.0002509410288582183,0.0,0.0,0.0,0.0,0.0,0.0,0.0,0.0,0.0002509410288582183,0.0,0.0,0.0,0.0,0.0,0.0,0.0005018820577164366,0.0,0.000752823086574655,0.0,0.0,0.0,0.0002509410288582183,0.0,0.09008782936010036,0.0,0.0,0.0,0.0,0.0,0.032120451693851935,0.0,0.0002509410288582183
100102.51849500001,0.030727519204699506,0.0,0.0,0.0,0.0,0.0,0.0,0.0,0.0,0.0,0.0002259376412110258,0.0,0.0,0.0,0.0002259376412110258,0.0,0.0,0.0,0.0029371893357433352,0.0,0.0,0.0,0.0,0.0006778129236330772,0.0002259376412110258,0.0,0.0002259376412110258,0.0,0.0,0.0,0.0011296882060551287,0.0002259376412110258,0.0,0.0,0.0,0.0,0.0,0.0,0.0,0.0,0.0,0.0,0.0,0.0,0.0,0.0049706281066425675,0.0,0.0,0.0,0.0
