,OTU_1,OTU_2,OTU_145,OTU_77,OTU_104,OTU_39,OTU_198,OTU_227,OTU_259,OTU_171,OTU_277,OTU_127,OTU_110,OTU_221,OTU_154,OTU_173,OTU_146,OTU_252,OTU_246,OTU_111,OTU_258,OTU_66,OTU_130,OTU_174,OTU_102,OTU_142,OTU_158,OTU_248,OTU_108,OTU_280,OTU_279,OTU_113,OTU_50,OTU_256,OTU_188,OTU_107,OTU_84,OTU_21,OTU_283,OTU_177,OTU_257,OTU_118,OTU_269,OTU_51,OTU_281,OTU_38,OTU_149,OTU_133,OTU_169,OTU_239
B.2008.06.S1.405543,0.004917456972251493,0.0,0.0,0.0,0.0,0.0,0.0,0.0,0.001053740779768177,0.0,0.0,0.0,0.0,0.0,0.0,0.0,0.0,0.0003512469265893924,0.0007024938531787848,0.0,0.0,0.023533544081489288,0.0,0.0,0.0007024938531787848,0.0,0.0007024938531787848,0.0,0.0003512469265893924,0.0,0.0,0.0035124692658939235,0.0,0.0,0.0,0.0,0.0,0.0,0.0024587284861257463,0.0,0.0,0.0003512469265893924,0.0,0.0,0.0,0.0,0.0642781875658588,0.0,0.004917456972251493,0.0
B.2005.06.S1.405537,0.011656952539550377,0.0,0.0,0.0,0.0,0.0005550929780738273,0.0,0.0,0.0,0.002775464890369137,0.0,0.0,0.0,0.0,0.00027754648903691365,0.0,0.0,0.0,0.00027754648903691365,0.0,0.0,0.0,0.0,0.0,0.0005550929780738273,0.0,0.0,0.0,0.0,0.00027754648903691365,0.0,0.0,0.0,0.0,0.0,0.0011101859561476546,0.0,0.0,0.0,0.0,0.0,0.0,0.001942825423258396,0.0,0.0005550929780738273,0.0,0.2639467110741049,0.0,0.0,0.0
B.2008.03.S1.405528,0.010391686650679455,0.0,0.0,0.0,0.0,0.0,0.0,0.0,0.001199040767386091,0.0,0.0,0.0,0.0,0.0,0.0,0.0,0.0,0.0,0.001199040767386091,0.0,0.0,0.01478816946442846,0.0,0.0,0.0,0.0,0.00039968025579536365,0.0,0.0,0.0,0.0,0.005595523581135092,0.0,0.0,0.0,0.0,0.0,0.007194244604316547,0.0,0.0,0.0,0.00039968025579536365,0.0,0.00039968025579536365,0.0,0.0,0.09512390087929656,0.0,0.002398081534772182,0.0
B.2009.08.S1.405578,0.001056338028169014,0.0,0.0,0.0,0.0,0.0014084507042253524,0.0,0.0,0.0,0.0,0.0,0.0,0.0,0.0,0.0,0.008802816901408451,0.0,0.0017605633802816902,0.0,0.0,0.0,0.0,0.0,0.0,0.00035211267605633805,0.0,0.0007042253521126762,0.0,0.0,0.013028169014084507,0.0,0.0,0.0,0.0,0.0,0.0,0.0014084507042253524,0.0,0.0,0.0,0.0,0.0,0.0,0.0,0.00035211267605633805,0.0,0.2947183098591549,0.0,0.0,0.0
B.2011.09.S1.405577,0.0021237864077669898,0.0445995145631068,0.0,0.0,0.0,0.0,0.0,0.0,0.0,0.0003033980582524272,0.0,0.0,0.0,0.0,0.005157766990291262,0.0,0.0,0.0012135922330097086,0.0,0.0,0.0,0.0009101941747572817,0.0,0.0003033980582524272,0.0,0.0,0.0003033980582524272,0.0,0.0,0.05066747572815534,0.0,0.0,0.0,0.0,0.0,0.003944174757281553,0.0006067961165048543,0.0,0.0,0.0009101941747572817,0.0,0.0003033980582524272,0.0042475728155339796,0.0,0.0006067961165048543,0.0,0.033980582524271837,0.001516990291262136,0.0,0.0
B.2006.03.S1.405589,0.012740444666500124,0.0,0.0,0.0,0.0,0.0002498126405196103,0.0,0.0044966275293529855,0.0,0.0,0.016487634274294283,0.0002498126405196103,0.0,0.0,0.0,0.0,0.0,0.0009992505620784412,0.0002498126405196103,0.0002498126405196103,0.0,0.0,0.0004996252810392206,0.0,0.0,0.0,0.0,0.0007494379215588308,0.0,0.0,0.0009992505620784412,0.0,0.0,0.0037471896077941546,0.0,0.03747189607794155,0.0,0.03672245815638271,0.0,0.0012490632025980515,0.002747939045715713,0.0007494379215588308,0.0002498126405196103,0.0,0.0,0.0002498126405196103,0.0,0.0022483137646764927,0.0,0.0009992505620784412
B.2005.04.S1.405545,0.0048884815154292705,0.0,0.0,0.0,0.0,0.0,0.0,0.0,0.0,0.0,0.0,0.0003055300947143293,0.0,0.0,0.0,0.0,0.0,0.0,0.0003055300947143293,0.0,0.0,0.0,0.0,0.0,0.0,0.0,0.0,0.0,0.0,0.0,0.0,0.0,0.0,0.0,0.0,0.0036663611365719533,0.0,0.0,0.0,0.0,0.0,0.0,0.0,0.0003055300947143293,0.0,0.0,0.1145737855178735,0.0,0.0,0.0
B.2005.09.S1.405592,0.020948860135551448,0.0,0.0,0.0009242144177449168,0.0,0.0,0.0,0.0,0.0,0.0,0.0,0.0,0.0,0.0,0.0,0.0,0.0,0.0,0.0,0.0,0.0,0.0,0.0,0.0,0.0006161429451632778,0.0009242144177449168,0.0,0.0,0.0,0.0,0.0,0.0,0.0,0.0,0.0,0.006777572396796057,0.0,0.0,0.0012322858903265556,0.0,0.0,0.0,0.0,0.0012322858903265556,0.0003080714725816389,0.0,0.1583487369069624,0.0,0.0,0.0018484288354898336
B.2012.06.S1.405601,0.0014582573824279985,0.0,0.0,0.0007291286912139992,0.0,0.0,0.0,0.0,0.0018228217280349985,0.0,0.0,0.0,0.0003645643456069996,0.0003645643456069996,0.0,0.0,0.0,0.0003645643456069996,0.0007291286912139992,0.0,0.0,0.0,0.0,0.0010936930368209991,0.0,0.0043747721472839965,0.0,0.0,0.0,0.0,0.0,0.0,0.005833029529711994,0.0,0.0014582573824279985,0.0,0.0,0.0,0.0,0.0,0.0,0.0,0.0003645643456069996,0.0007291286912139992,0.0,0.0,0.0018228217280349985,0.0,0.0,0.0
B.2019.04.S1.405614,0.004487856388595565,0.0,0.0,0.0,0.0,0.0,0.0013199577613516368,0.0,0.0,0.0,0.0,0.00026399155227032733,0.0,0.0,0.0,0.0,0.0,0.0015839493136219642,0.0,0.0,0.00026399155227032733,0.0,0.0,0.0,0.0,0.0,0.002639915522703273,0.0,0.0,0.0,0.0,0.013199577613516368,0.0,0.0,0.0,0.0,0.007127771911298837,0.0,0.0,0.0005279831045406547,0.0,0.0,0.0,0.0,0.00026399155227032733,0.0,0.0,0.0,0.0,0.0
B.2012.07.S1.405580,0.0052970109723798715,0.0,0.0,0.0,0.0,0.0,0.0,0.0,0.0003783579265985623,0.0,0.0,0.0,0.0,0.0011350737797956867,0.0,0.0,0.0,0.0,0.0007567158531971245,0.0,0.0,0.0,0.0,0.002270147559591373,0.0,0.002270147559591373,0.0,0.0,0.0,0.0,0.0,0.0,0.001513431706394249,0.0,0.003026863412788498,0.0,0.0,0.0,0.0007567158531971245,0.0,0.0018917896329928114,0.0,0.0,0.0,0.0,0.0003783579265985623,0.004540295119182747,0.0,0.0,0.0
B.2011.10.S1.405602,0.008855827134254339,0.039674105561459436,0.0,0.0,0.0,0.0,0.0,0.0,0.0,0.0,0.0,0.00035423308537017357,0.0,0.0,0.00035423308537017357,0.0,0.0,0.0014169323414806945,0.0,0.00035423308537017357,0.0,0.0007084661707403471,0.0,0.0,0.0,0.0,0.00035423308537017357,0.00035423308537017357,0.0,0.07190931633014523,0.0,0.0,0.0,0.00035423308537017357,0.0,0.0010626992561105207,0.0021253985122210413,0.0,0.00035423308537017357,0.0014169323414806945,0.0,0.0007084661707403471,0.003188097768331562,0.0,0.0,0.0,0.012398157987956076,0.0049592631951824295,0.0,0.0014169323414806945
B.2005.08.S1.405559,0.010034602076124569,0.0,0.0,0.0,0.0,0.001384083044982699,0.0,0.0,0.0,0.0,0.0,0.0,0.0,0.0,0.0,0.0,0.0,0.0,0.0,0.00034602076124567473,0.0,0.0,0.00034602076124567473,0.00034602076124567473,0.00034602076124567473,0.0,0.0,0.0,0.0,0.00034602076124567473,0.0,0.0,0.0,0.0,0.0,0.0017301038062283738,0.0,0.0,0.0,0.0,0.0,0.0,0.0,0.0006920415224913495,0.0,0.0,0.13114186851211074,0.0,0.0,0.0006920415224913495
B.2012.05.S1.405616,0.0026472534745201853,0.0,0.0,0.0003309066843150232,0.0,0.0,0.0,0.0,0.0009927200529450694,0.0,0.0,0.0,0.0,0.0003309066843150232,0.0,0.0,0.0,0.0,0.0,0.0,0.0,0.0,0.0,0.0013236267372600929,0.0,0.0009927200529450694,0.0,0.0,0.0,0.0,0.0,0.0,0.009596293845135672,0.0,0.0052945069490403715,0.0,0.0,0.0,0.0,0.0,0.0003309066843150232,0.0,0.0003309066843150232,0.0,0.0,0.0003309066843150232,0.004632693580410324,0.0,0.0,0.0
B.2016.08.S1.405590,0.017684108527131783,0.0,0.0007267441860465116,0.0,0.0,0.0,0.0007267441860465116,0.0,0.0,0.0,0.0075096899224806205,0.0,0.0,0.0,0.0,0.0,0.0029069767441860465,0.0004844961240310077,0.0,0.0,0.0021802325581395353,0.0,0.0,0.0,0.0,0.00024224806201550385,0.0,0.0016957364341085269,0.0,0.0,0.004118217054263565,0.0,0.00024224806201550385,0.0007267441860465116,0.00024224806201550385,0.0,0.0,0.008720930232558141,0.0,0.0,0.0033914728682170538,0.0,0.0,0.00024224806201550385,0.00024224806201550385,0.0,0.0,0.0,0.0031492248062015503,0.0014534883720930232
B.2006.07.S1.405582,0.02300556586270872,0.0,0.0,0.0,0.0,0.0,0.0,0.003339517625231911,0.0,0.0,0.004823747680890538,0.0,0.0,0.0,0.0,0.0,0.0,0.0011131725417439704,0.0,0.0011131725417439704,0.0,0.0,0.0007421150278293135,0.0,0.0,0.0,0.0,0.0022263450834879408,0.0,0.0,0.0011131725417439704,0.0,0.0,0.0018552875695732839,0.0,0.02634508348794063,0.0003710575139146568,0.008905380333951763,0.0,0.0011131725417439704,0.0022263450834879408,0.0007421150278293135,0.0,0.0,0.0003710575139146568,0.0007421150278293135,0.0,0.002968460111317254,0.0,0.001484230055658627
B.2009.07.S1.405524,0.008766014834794335,0.0,0.0,0.0,0.0,0.0010114632501685772,0.0,0.0,0.0,0.0,0.0,0.0,0.0,0.000337154416722859,0.0,0.004383007417397168,0.0,0.002360080917060013,0.0,0.0,0.0,0.0,0.0,0.0,0.0,0.0,0.0006743088334457181,0.0,0.0,0.04416722859069454,0.0,0.0,0.0,0.0,0.000337154416722859,0.0,0.004383007417397168,0.0,0.0,0.0,0.0,0.000337154416722859,0.0,0.0,0.0,0.0030343897505057315,0.19959541469993256,0.0,0.0,0.0
B.2020.03.S1.405571,0.0024906600249066,0.0,0.0,0.0,0.00049813200498132,0.0,0.0,0.0,0.0,0.042341220423412214,0.0,0.0,0.0,0.0,0.0,0.0007471980074719801,0.0,0.0,0.0,0.0,0.03437110834371108,0.0,0.0,0.0,0.0,0.0,0.0,0.0,0.0029887920298879204,0.0,0.0,0.0,0.00797011207970112,0.0,0.0,0.0,0.0,0.0,0.0012453300124533,0.0,0.0,0.010709838107098382,0.0,0.0032378580323785804,0.0,0.00024906600249066,0.0,0.0,0.01195516811955168,0.0
B.2006.08.S1.405615,0.014369693011103853,0.0,0.0,0.0,0.0,0.0,0.0,0.005878510777269758,0.0,0.0,0.005878510777269758,0.0,0.0,0.0,0.0,0.0,0.0,0.0006531678641410843,0.0,0.0009797517962116264,0.0,0.0,0.0019595035924232533,0.0,0.0,0.0,0.0,0.0019595035924232533,0.0,0.0,0.00032658393207054214,0.0,0.0,0.0055519268451992175,0.0,0.05258001306335728,0.0,0.012736773350751143,0.0,0.0,0.003265839320705421,0.0,0.0,0.00032658393207054214,0.0,0.0,0.0,0.0039190071848465066,0.0,0.0009797517962116264
B.2019.03.S1.405560,0.015160349854227406,0.0,0.0,0.0,0.0,0.0,0.004081632653061225,0.0,0.0,0.0,0.0,0.001457725947521866,0.0,0.0,0.0,0.0,0.0,0.0008746355685131195,0.0,0.0,0.0,0.0002915451895043732,0.0,0.0,0.0,0.0,0.001749271137026239,0.0,0.0,0.0,0.0,0.011661807580174929,0.0,0.0,0.0002915451895043732,0.0,0.0020408163265306124,0.0,0.0,0.0002915451895043732,0.0,0.0,0.0002915451895043732,0.0,0.0,0.0,0.0,0.0,0.0,0.0
B.2019.02.S1.405607,0.011722731906218144,0.0,0.0,0.0,0.0,0.0,0.003058103975535168,0.0,0.0,0.0,0.0,0.0,0.0,0.0,0.0,0.0,0.0,0.0007645259938837921,0.0,0.0,0.0,0.0,0.0,0.0,0.0,0.0,0.00127420998980632,0.0,0.0,0.0,0.0,0.007900101936799185,0.0,0.0,0.0,0.0,0.007900101936799185,0.0,0.0,0.0,0.0,0.0,0.00025484199796126404,0.0,0.0,0.0,0.0,0.0,0.0,0.0
B.2019.08.S1.405613,0.02481649772806711,0.0,0.0,0.0,0.0,0.0,0.0,0.0,0.0,0.0,0.0,0.0,0.0,0.0,0.0,0.0,0.0,0.0010485844110450892,0.0,0.0,0.0,0.0,0.0,0.0,0.0003495281370150297,0.0,0.0031457532331352674,0.0,0.0,0.0,0.0003495281370150297,0.01992310380985669,0.0,0.0,0.0,0.0,0.002446696959105208,0.0,0.0,0.0010485844110450892,0.0,0.0,0.0006990562740300594,0.0,0.0,0.0,0.0,0.0,0.0,0.0
B.2011.07.S1.405534,0.007723427730783376,0.039720485472600216,0.0,0.0,0.0,0.0,0.0,0.0,0.0,0.0,0.0,0.0,0.0,0.0,0.005516734093416698,0.0,0.0,0.001471129091577786,0.0,0.0,0.0,0.000735564545788893,0.0,0.0,0.0,0.0,0.0,0.0,0.0,0.0934166973151894,0.0,0.0,0.0,0.0,0.0,0.013240161824200071,0.0,0.0,0.0,0.0011033468186833397,0.0,0.0,0.001471129091577786,0.0,0.0003677822728944465,0.0,0.025744759102611252,0.0033100404560500183,0.0,0.0003677822728944465
B.2004.07.S1.405529,0.008119519324455992,0.0,0.0016239038648911985,0.0,0.0,0.0,0.0,0.0006495615459564793,0.0,0.0,0.0,0.0003247807729782397,0.0,0.0003247807729782397,0.0,0.0,0.0019486846378694378,0.0009743423189347189,0.0,0.0,0.0,0.0,0.0003247807729782397,0.0,0.0,0.0,0.0,0.0,0.0,0.0,0.0,0.0003247807729782397,0.0,0.0,0.0,0.0,0.0,0.0,0.0003247807729782397,0.0003247807729782397,0.0,0.0003247807729782397,0.0,0.0,0.0,0.0016239038648911985,0.0,0.01364079246508607,0.0,0.0
B.2005.05.S1.405611,0.010794353722668144,0.0002767783005812344,0.0,0.0011071132023249377,0.0,0.0005535566011624688,0.0,0.0,0.0,0.0002767783005812344,0.0,0.0,0.0,0.0013838915029061722,0.0005535566011624688,0.0,0.0,0.0,0.0,0.0002767783005812344,0.0,0.0,0.0,0.0,0.0,0.0002767783005812344,0.0,0.0,0.0,0.0002767783005812344,0.0,0.0,0.0,0.0,0.0,0.004705231109880985,0.0002767783005812344,0.0,0.0,0.0,0.0,0.0,0.0,0.0,0.0005535566011624688,0.0,0.2272349847771935,0.0,0.0,0.0011071132023249377
B.2011.06.S1.405532,0.010067114093959731,0.04793863854266539,0.0,0.0,0.0,0.0,0.0,0.0,0.0,0.0,0.0,0.0,0.0004793863854266538,0.0,0.0004793863854266538,0.0,0.0,0.0023969319271332696,0.0,0.0,0.0,0.0004793863854266538,0.0,0.0,0.0,0.0009587727708533076,0.0,0.0,0.0,0.07526366251198466,0.0,0.0004793863854266538,0.0,0.0,0.0,0.005752636625119847,0.0,0.0,0.0,0.0019175455417066156,0.0,0.0,0.0009587727708533076,0.0,0.0004793863854266538,0.0,0.024928092042186004,0.0023969319271332696,0.0,0.0014381591562799615
B.2004.02.S1.405533,0.0234593837535014,0.0,0.0014005602240896359,0.0,0.0,0.0,0.0,0.00035014005602240897,0.0,0.0,0.0,0.00035014005602240897,0.0,0.0,0.0,0.0,0.0007002801120448178,0.0007002801120448178,0.0,0.0,0.0,0.0,0.0007002801120448178,0.0,0.0,0.0,0.0,0.0,0.0,0.0,0.00035014005602240897,0.00035014005602240897,0.0,0.0,0.0,0.0,0.0,0.0,0.0,0.00035014005602240897,0.0,0.00035014005602240897,0.01295518207282913,0.0,0.0017507002801120447,0.004901960784313725,0.0,0.009453781512605041,0.0,0.0
B.2008.05.S1.405541,0.02881191324053092,0.0,0.0,0.0,0.0,0.0,0.0,0.0,0.0006474587245063128,0.0,0.0,0.0,0.0,0.0003237293622531564,0.0,0.0,0.0,0.0,0.0,0.0,0.002266105535772095,0.016510197474910976,0.0,0.0,0.0003237293622531564,0.0,0.0012949174490126255,0.0,0.0,0.0,0.0,0.004208481709291033,0.0,0.0,0.0,0.0,0.0,0.001942376173518938,0.0,0.0,0.0,0.0,0.0,0.0006474587245063128,0.0,0.0003237293622531564,0.08773065717060538,0.0,0.0012949174490126255,0.0
B.2012.08.S1.405556,0.0011985617259288853,0.0,0.0,0.0003995205753096285,0.0,0.0,0.0,0.0,0.0003995205753096285,0.0,0.0,0.0,0.0,0.0,0.0,0.0,0.0,0.0,0.003995205753096284,0.0,0.0,0.0,0.0,0.0011985617259288853,0.0003995205753096285,0.0011985617259288853,0.0,0.0,0.0,0.0,0.0,0.0,0.02556931681981622,0.0,0.011586096683979223,0.0,0.0,0.0,0.0,0.0,0.0015980823012385138,0.0,0.0,0.0023971234518577705,0.0,0.0015980823012385138,0.006392329204954055,0.0,0.0,0.0
B.2020.09.S1.405594,0.0024180548092423426,0.0,0.0,0.0,0.0018807092960773774,0.0,0.0,0.0,0.0,0.007522837184309511,0.0,0.0,0.0008060182697474476,0.0,0.0,0.0,0.0,0.0,0.0,0.0,0.009134873723804407,0.0,0.0,0.0,0.00026867275658248256,0.0,0.0,0.0,0.0018807092960773774,0.0,0.0,0.0,0.008060182697474477,0.0,0.0005373455131649651,0.0,0.0,0.0,0.0016120365394948952,0.0,0.0,0.016120365394948953,0.0,0.0013433637829124124,0.0,0.0,0.0,0.0,0.006179473401397097,0.0
B.2004.05.S1.405536,0.017043349388662466,0.0,0.0,0.0,0.0,0.0,0.0,0.0,0.0,0.0003705075954057058,0.0,0.0,0.0,0.0,0.0,0.0,0.0033345683586513525,0.0,0.0,0.0,0.0,0.0,0.0,0.0,0.0,0.0,0.0,0.0,0.0,0.0,0.0,0.0014820303816228233,0.0,0.0,0.0,0.0,0.0,0.0,0.0,0.0007410151908114116,0.0,0.0,0.0022230455724342353,0.0,0.0022230455724342353,0.0003705075954057058,0.0,0.019636902556502408,0.0,0.0
B.2020.02.S1.405548,0.0009082652134423252,0.0,0.0,0.0,0.0,0.0,0.0,0.0,0.0,0.0004541326067211626,0.0,0.0,0.0002270663033605813,0.0,0.0,0.011126248864668484,0.0,0.0,0.0,0.0,0.014305177111716619,0.0,0.0,0.0,0.0,0.0,0.0,0.0,0.0004541326067211626,0.0,0.0,0.0,0.0013623978201634875,0.0,0.0,0.0,0.0,0.0,0.0009082652134423252,0.0,0.0,0.004314259763851045,0.0,0.0015894641235240689,0.0,0.0006811989100817437,0.0,0.0,0.002270663033605813,0.0
B.2004.04.S1.405549,0.01331512461590987,0.0,0.0006828269033799933,0.0,0.0,0.0,0.0,0.0006828269033799933,0.0,0.0,0.0,0.00034141345168999665,0.0,0.0,0.0,0.0,0.006145442130419939,0.0010242403550699897,0.0,0.0,0.0,0.0,0.00034141345168999665,0.00034141345168999665,0.0,0.0,0.0,0.0,0.0,0.0,0.0,0.002389894161829976,0.0,0.0,0.0,0.0,0.0,0.0,0.0,0.0010242403550699897,0.00034141345168999665,0.0,0.0006828269033799933,0.0,0.0006828269033799933,0.0013656538067599866,0.0,0.010583817002389894,0.0,0.0
B.2005.10.S1.405573,0.0012999675008124798,0.0,0.0,0.0,0.0,0.00032499187520312,0.00032499187520312,0.0,0.0,0.0,0.0,0.0,0.0,0.0,0.0,0.0,0.0,0.0,0.0,0.0,0.0,0.0,0.0006499837504062399,0.0,0.0,0.0,0.0,0.00032499187520312,0.0,0.0,0.0,0.0,0.0,0.0,0.0,0.0012999675008124798,0.0,0.0,0.0,0.0,0.0,0.0,0.0,0.0,0.0,0.00032499187520312,0.10334741631459214,0.0,0.0,0.0009749756256093598
B.2011.04.S1.405598,0.0006927606511950121,0.04399030135088327,0.0,0.0,0.0,0.0,0.0,0.0,0.0,0.0,0.0,0.0,0.0,0.0,0.0020782819535850364,0.0,0.0,0.0020782819535850364,0.0,0.0,0.0,0.0006927606511950121,0.0,0.0003463803255975061,0.0,0.0,0.0003463803255975061,0.0,0.0,0.21510218219605126,0.0,0.0,0.0,0.0003463803255975061,0.0,0.00519570488396259,0.0003463803255975061,0.0,0.0,0.002771042604780049,0.0,0.0,0.0,0.0,0.0003463803255975061,0.0,0.039487357118115685,0.0010391409767925182,0.0,0.0017319016279875306
B.2011.05.S1.405539,0.0018461538461538461,0.07292307692307692,0.0,0.0,0.0,0.0,0.0,0.0,0.0,0.0,0.0,0.0,0.0006153846153846153,0.0,0.004923076923076922,0.0,0.0,0.0009230769230769233,0.0,0.0,0.0,0.0018461538461538461,0.0,0.0,0.0,0.0,0.0,0.0,0.0,0.04,0.0,0.0,0.0,0.0,0.0,0.0018461538461538461,0.0006153846153846153,0.0,0.0,0.0,0.0,0.0,0.004923076923076922,0.0,0.0009230769230769233,0.0,0.05076923076923077,0.0015384615384615385,0.0,0.0006153846153846153
B.2008.10.S1.405544,0.00422832980972516,0.0,0.0,0.0,0.0,0.0,0.0,0.0,0.0,0.0,0.0,0.0,0.0,0.0015856236786469346,0.0,0.0,0.0,0.0,0.0005285412262156448,0.0,0.0,0.08403805496828752,0.0,0.0,0.0,0.0,0.0026427061310782237,0.0,0.0010570824524312897,0.0,0.0,0.0026427061310782237,0.0,0.0,0.0,0.0,0.0,0.0,0.0010570824524312897,0.0,0.0,0.0,0.0,0.0,0.0,0.0,0.08403805496828752,0.0,0.00211416490486258,0.0
B.2006.06.S1.405542,0.009820521503555706,0.0,0.0,0.0,0.0,0.0,0.0,0.005079580088046055,0.0,0.0,0.006772773450728073,0.0,0.0,0.0,0.0,0.0,0.0,0.001015916017609211,0.00033863867253640373,0.0,0.0,0.0,0.0006772773450728075,0.0,0.0,0.0,0.0,0.001015916017609211,0.0,0.0,0.001354554690145615,0.0,0.0,0.006434134778191668,0.0,0.03284795123603115,0.0,0.017270572299356586,0.0,0.00033863867253640373,0.0033863867253640365,0.0,0.00033863867253640373,0.0,0.00033863867253640373,0.0,0.0,0.002709109380291229,0.0,0.00033863867253640373
B.2009.04.S1.405531,0.0020249746878164025,0.0,0.0,0.0,0.0,0.0010124873439082012,0.0,0.0,0.0,0.0,0.0,0.0,0.0003374957813027337,0.0,0.0,0.0006749915626054674,0.0,0.0010124873439082012,0.0,0.0,0.0,0.0,0.0,0.0,0.0,0.0,0.0003374957813027337,0.0,0.0,0.014849814377320284,0.0,0.0,0.0,0.0,0.0,0.0,0.0003374957813027337,0.0,0.0,0.0,0.0,0.0,0.0,0.0,0.0,0.0,0.3145460681741478,0.0,0.0,0.0
B.2009.10.S1.405585,0.007365249414127887,0.0,0.0,0.0,0.0,0.00033478406427854036,0.0,0.0,0.0,0.0,0.0,0.0,0.0,0.00033478406427854036,0.0,0.009708737864077669,0.0,0.00033478406427854036,0.0,0.0,0.0,0.0,0.0,0.0,0.0,0.0,0.0,0.0,0.0,0.005356545028456646,0.0,0.0,0.0,0.0,0.0,0.0,0.002343488449949782,0.0,0.0,0.0,0.0,0.0,0.0,0.0010043521928356212,0.00033478406427854036,0.0,0.16906595246066286,0.0,0.0,0.0
B.2005.03.S1.405591,0.005030959752321981,0.0,0.0,0.0011609907120743036,0.0,0.0,0.0,0.0,0.0,0.0,0.0,0.0,0.0,0.0,0.0007739938080495358,0.0,0.0,0.0,0.0,0.0,0.0,0.0,0.0,0.0003869969040247678,0.0,0.0,0.0,0.0,0.0,0.0,0.0,0.0,0.0,0.0,0.0,0.0,0.005030959752321981,0.0,0.0003869969040247678,0.0,0.0,0.0,0.0,0.0,0.0,0.0003869969040247678,0.08359133126934984,0.0,0.0,0.0
B.2019.09.S1.405605,0.017180925666199158,0.0,0.0,0.0,0.0,0.0,0.00035063113604488083,0.0,0.0,0.0,0.0,0.0,0.0,0.0,0.0,0.0,0.0,0.001402524544179523,0.0,0.0,0.0,0.0,0.00035063113604488083,0.0,0.0,0.0,0.005960729312762972,0.0,0.0,0.0,0.0010518934081346423,0.024193548387096774,0.0,0.0,0.0,0.0,0.003856942496493689,0.0,0.0,0.001402524544179523,0.0,0.0,0.00035063113604488083,0.0,0.0,0.0,0.0,0.0,0.0,0.0
B.2005.02.S1.405604,0.0036041939711664475,0.0,0.0,0.0042595019659239855,0.0,0.0,0.0,0.0,0.0,0.0,0.0,0.0,0.0,0.0,0.0,0.0,0.0,0.0,0.0,0.0,0.0,0.0,0.0,0.0,0.0,0.0,0.0,0.0,0.0,0.0,0.001965923984272608,0.0,0.0,0.0,0.0,0.00327653997378768,0.0163826998689384,0.0,0.000327653997378768,0.0,0.0,0.0,0.0,0.000982961992136304,0.0,0.0,0.3115989515072084,0.0,0.0,0.0
B.2005.07.S1.405586,0.00847457627118644,0.0,0.0,0.00031387319522912746,0.0,0.0,0.0,0.0,0.0,0.0,0.0,0.0,0.0,0.0,0.00031387319522912746,0.0,0.0,0.0,0.0,0.0,0.0,0.0,0.00031387319522912746,0.0,0.0,0.0,0.0,0.0,0.0,0.0,0.0,0.0,0.0,0.0,0.0,0.006905210295040804,0.0006277463904582549,0.0,0.0,0.0,0.0,0.0,0.0,0.0009416195856873825,0.0,0.0,0.145323289391086,0.0,0.0,0.0012554927809165098
B.2009.05.S1.405596,0.005349182763744428,0.0,0.0,0.0,0.0,0.0005943536404160475,0.0,0.0,0.0,0.0,0.0,0.0,0.0,0.0,0.0,0.006835066864784547,0.0,0.00029717682020802375,0.0,0.0,0.0,0.0,0.0,0.0,0.0,0.0,0.0005943536404160475,0.0,0.0,0.013372956909361071,0.0,0.0,0.0,0.0,0.0,0.0,0.0,0.0,0.0,0.0,0.0,0.0,0.0,0.0,0.0,0.0,0.2047548291233284,0.0,0.0,0.0
B.2006.02.S1.405606,0.01558515160102012,0.0,0.0,0.0,0.0,0.0,0.0,0.002266931141966563,0.0,0.0,0.030320204023802776,0.0,0.0,0.0,0.0,0.0,0.0,0.0005667327854916407,0.0002833663927458204,0.0002833663927458204,0.0,0.0,0.0,0.0,0.0,0.0005667327854916407,0.0,0.0002833663927458204,0.0,0.0,0.0014168319637291016,0.0,0.0,0.002266931141966563,0.0,0.039104562198923214,0.0,0.049589118730518564,0.0,0.0002833663927458204,0.004817228676678946,0.0,0.0002833663927458204,0.0,0.0,0.0,0.0,0.002266931141966563,0.0002833663927458204,0.0
B.2006.04.S1.405572,0.01514386673397274,0.0,0.0,0.0,0.0,0.0,0.0,0.0065623422513881886,0.0,0.0,0.006814740030287735,0.0,0.0,0.0,0.0,0.0,0.0,0.00353356890459364,0.0,0.0005047955577990914,0.0,0.0,0.0002523977788995457,0.0,0.0,0.0,0.0,0.0020191822311963654,0.0,0.0,0.000757193336698637,0.0,0.0,0.0020191822311963654,0.0,0.02246340232205957,0.0,0.01060070671378092,0.0,0.004795557799091368,0.0032811711256940943,0.000757193336698637,0.0,0.0,0.0005047955577990914,0.0002523977788995457,0.0,0.0010095911155981827,0.0,0.0012619888944977286
B.2016.03.S1.405618,0.007670454545454545,0.0,0.0008522727272727272,0.0,0.0,0.0,0.0,0.0,0.0,0.0,0.00909090909090909,0.0,0.0017045454545454545,0.0,0.0,0.0,0.011647727272727271,0.00028409090909090913,0.0,0.0,0.0,0.0,0.0,0.0005681818181818183,0.0,0.0,0.0,0.003125,0.0,0.0,0.002840909090909091,0.0,0.0,0.0008522727272727272,0.0011363636363636365,0.0,0.0,0.002272727272727273,0.0005681818181818183,0.0,0.0014204545454545455,0.0,0.0,0.00028409090909090913,0.0,0.0,0.0,0.0,0.002272727272727273,0.0014204545454545455
B.2016.07.S1.405551,0.015452538631346581,0.0,0.0004905567819475104,0.0,0.0,0.0,0.0,0.0,0.0,0.0,0.0071130733382389014,0.0,0.0,0.0,0.0,0.0,0.00613195977434388,0.0002452783909737552,0.0,0.0002452783909737552,0.0,0.0,0.0,0.0,0.0002452783909737552,0.0,0.0,0.0034338974736325733,0.0002452783909737552,0.0,0.002698062300711307,0.0,0.0002452783909737552,0.003188619082658818,0.0002452783909737552,0.0,0.0002452783909737552,0.002207505518763797,0.0,0.0,0.003188619082658818,0.0,0.0,0.0,0.0002452783909737552,0.0,0.0,0.0,0.0002452783909737552,0.0019622271277900416
B.2004.03.S1.405563,0.0164804469273743,0.0,0.0008379888268156423,0.0,0.0,0.0,0.0,0.0011173184357541898,0.0,0.0,0.0,0.0005586592178770949,0.0,0.0,0.0,0.0,0.0025139664804469273,0.002793296089385475,0.0,0.0,0.0,0.0,0.00027932960893854746,0.0,0.0,0.0,0.0,0.0,0.0,0.0,0.0,0.0011173184357541898,0.0,0.0,0.0,0.0,0.0,0.0,0.0,0.00027932960893854746,0.0,0.0,0.00223463687150838,0.0005586592178770949,0.0019553072625698325,0.002793296089385475,0.0,0.01564245810055866,0.0,0.0
B.2004.06.S1.405567,0.020963704630788487,0.0,0.00031289111389236547,0.0,0.0,0.0,0.0,0.00031289111389236547,0.0,0.0,0.0,0.0,0.0,0.0,0.0,0.0,0.0018773466833541927,0.0012515644555694619,0.0,0.0,0.0,0.0,0.0006257822277847308,0.0,0.0,0.0,0.0,0.0,0.0,0.0,0.0,0.0009386733416770963,0.0,0.0,0.0,0.0,0.0,0.0,0.0,0.0006257822277847308,0.0,0.00031289111389236547,0.002816020025031289,0.0,0.0037546933667083854,0.0015644555694618273,0.0,0.012202753441802251,0.0,0.0
B.2019.05.S1.405612,0.009990917347865577,0.0,0.0,0.0,0.0,0.0,0.00514683620950651,0.0,0.0,0.0,0.0,0.0003027550711474417,0.0,0.0,0.0,0.0,0.0,0.004238570996064185,0.0,0.0,0.0,0.0,0.0006055101422948834,0.0,0.0003027550711474417,0.0,0.0063578564940962755,0.0,0.0,0.0,0.0003027550711474417,0.015440508628519528,0.0,0.0,0.0,0.0,0.005449591280653951,0.0,0.0,0.0021192854980320924,0.0,0.0,0.0015137753557372085,0.0,0.0,0.0,0.0,0.0,0.0,0.0
B.2008.07.S1.405599,0.005456529647144415,0.0,0.0,0.0,0.0025463805020007274,0.0,0.0,0.0,0.0,0.0,0.0,0.0,0.0,0.00036376864314296113,0.0,0.0,0.0,0.0,0.0,0.0,0.00036376864314296113,0.018188432157148045,0.0,0.0,0.0010913059294288831,0.0,0.002910149145143689,0.0,0.0007275372862859223,0.0,0.00036376864314296113,0.004001455074572572,0.0,0.0,0.0,0.0,0.0,0.0,0.0014550745725718445,0.0,0.0,0.0,0.0,0.0007275372862859223,0.0,0.00036376864314296113,0.06220443797744635,0.0,0.008730447435431065,0.0
B.2008.08.S1.405550,0.0019102196752626551,0.0,0.0,0.0,0.0,0.0,0.0,0.0,0.00031836994587710915,0.0,0.0,0.0,0.0,0.00031836994587710915,0.0,0.0,0.0,0.0,0.0006367398917542183,0.0,0.0,0.01973893664438077,0.0,0.0,0.0009551098376313276,0.0,0.002228589621139764,0.0,0.00031836994587710915,0.0,0.00031836994587710915,0.006367398917542184,0.0,0.0,0.0,0.0,0.00031836994587710915,0.00031836994587710915,0.0009551098376313276,0.0,0.0,0.0,0.0,0.0006367398917542183,0.0,0.00031836994587710915,0.09933142311365807,0.0,0.0019102196752626551,0.0
B.2011.03.S1.405538,0.002771789344009855,0.0486603018170619,0.0,0.0,0.0,0.0,0.0,0.0,0.0,0.0,0.0,0.0,0.0,0.0,0.012935016938712659,0.0,0.0,0.004311672312904219,0.0,0.0,0.0,0.0009239297813366183,0.0,0.0,0.0,0.0,0.0,0.0,0.0,0.11456729288574068,0.0,0.0,0.0,0.0006159531875577456,0.0,0.004311672312904219,0.0006159531875577456,0.0,0.0,0.0009239297813366183,0.0,0.0,0.002771789344009855,0.0,0.0003079765937788728,0.0,0.028025870033877427,0.002771789344009855,0.0,0.0
B.2016.04.S1.405579,0.019230769230769232,0.0,0.0,0.0,0.0,0.0,0.0002497502497502497,0.0,0.0,0.0,0.007492507492507494,0.0,0.0,0.0,0.0,0.0,0.012987012987012988,0.0002497502497502497,0.0,0.0002497502497502497,0.0,0.0,0.0,0.0002497502497502497,0.0,0.0,0.0,0.0027472527472527475,0.0,0.0,0.001998001998001998,0.0,0.0,0.0017482517482517485,0.0002497502497502497,0.0,0.0,0.003746253746253747,0.0,0.0,0.0007492507492507493,0.0,0.0,0.0,0.0007492507492507493,0.0,0.0,0.0,0.0017482517482517485,0.0017482517482517485
B.2016.02.S1.405600,0.005058634168774431,0.0,0.0009197516670498967,0.0,0.0,0.0,0.0,0.0,0.0,0.0,0.009197516670498965,0.0,0.0,0.0,0.0,0.0,0.004138882501724534,0.0006898137502874223,0.0,0.0002299379167624741,0.0006898137502874223,0.0,0.0,0.0009197516670498967,0.00045987583352494833,0.0,0.0,0.002529317084387216,0.00045987583352494833,0.0,0.0013796275005748446,0.0,0.0,0.00045987583352494833,0.0,0.0,0.0,0.0016095654173373187,0.00045987583352494833,0.0,0.0016095654173373187,0.0,0.0,0.00045987583352494833,0.0,0.0,0.0,0.0,0.0013796275005748446,0.0018395033340997927
B.2020.08.S1.405603,0.0018706574024585786,0.0,0.0,0.0,0.00026723677177979693,0.0,0.0,0.0,0.0,0.0005344735435595939,0.0,0.0,0.0016034206306787815,0.0,0.0,0.0013361838588989846,0.0,0.0,0.0,0.0,0.013361838588989846,0.0,0.0,0.0,0.00026723677177979693,0.00026723677177979693,0.0,0.0,0.0005344735435595939,0.0,0.0,0.0,0.013094601817210049,0.0,0.00026723677177979693,0.0,0.0,0.0,0.0008017103153393907,0.0,0.0,0.006413682522715126,0.0,0.0013361838588989846,0.0,0.0,0.0,0.0,0.0034740780331373603,0.0
B.2020.07.S1.405566,0.0012341869793273679,0.0,0.0,0.0,0.0,0.0,0.0,0.0,0.0,0.003394014193150262,0.0,0.0,0.0021598272138228947,0.0,0.0,0.0012341869793273679,0.0,0.0,0.0,0.0,0.003702560937982105,0.0,0.0,0.0,0.0006170934896636839,0.0,0.0,0.0,0.002776920703486578,0.0,0.0,0.0,0.01079913606911447,0.0,0.00030854674483184197,0.0,0.0,0.0,0.0006170934896636839,0.0,0.0,0.009873495834618943,0.0,0.000925640234495526,0.0,0.0,0.0,0.0,0.003702560937982105,0.0
B.2020.10.S1.405617,0.002214489085732363,0.0,0.0,0.0,0.005378044922492882,0.0,0.0,0.0,0.0003163555836760519,0.0,0.0,0.0,0.0,0.0,0.0,0.0003163555836760519,0.0,0.0,0.0,0.0,0.004745333755140778,0.0,0.0,0.0,0.0003163555836760519,0.0,0.0,0.0,0.0018981335020563112,0.0,0.0,0.0,0.010756089844985764,0.0,0.0006327111673521037,0.0,0.0,0.0,0.0012654223347042075,0.0,0.0,0.0256248022777602,0.0,0.0012654223347042075,0.0,0.0,0.0,0.0,0.005378044922492882,0.0
B.2020.05.S1.405574,0.0012465719272001994,0.0,0.0,0.0,0.0,0.0,0.0,0.0,0.0,0.0356519571179257,0.0,0.0,0.0002493143854400399,0.0,0.0,0.0,0.0,0.0,0.0,0.0,0.019197207678883072,0.0,0.0002493143854400399,0.0,0.0,0.0009972575417601596,0.0,0.0,0.002243829468960359,0.0,0.0,0.0,0.006731488406881077,0.0,0.0004986287708800798,0.0,0.0,0.0,0.0,0.0,0.0,0.008227374719521317,0.0,0.0009972575417601596,0.0,0.0,0.0,0.0,0.015956120668162554,0.0
B.2012.04.S1.405562,0.0007748934521503294,0.0,0.0,0.0007748934521503294,0.0,0.0,0.0,0.0,0.0015497869043006587,0.0,0.0,0.0,0.0,0.0,0.0,0.0,0.0,0.0,0.0007748934521503294,0.0,0.0,0.0003874467260751647,0.0,0.0015497869043006587,0.0,0.0003874467260751647,0.0,0.0,0.0,0.0,0.0,0.0,0.010461061604029443,0.0,0.004261913986826811,0.0,0.0,0.0,0.0003874467260751647,0.0,0.0,0.0,0.0,0.0,0.0,0.0,0.005036807438977141,0.0,0.0,0.0
B.2006.05.S1.405597,0.00794135613927917,0.0,0.0,0.0,0.0,0.0,0.0,0.003054367745876604,0.0,0.0,0.009468540012217471,0.0006108735491753207,0.0,0.0,0.0,0.0,0.0,0.002443494196701283,0.0006108735491753207,0.0006108735491753207,0.0,0.0,0.0,0.0,0.0,0.0006108735491753207,0.0,0.003970678069639585,0.0,0.0,0.0003054367745876604,0.0,0.0,0.0015271838729383018,0.0,0.021380574221136223,0.0,0.00824679291386683,0.0,0.0006108735491753207,0.002748930971288943,0.0003054367745876604,0.0012217470983506415,0.0,0.0,0.0,0.0,0.0021380574221136228,0.0,0.002443494196701283
B.2019.06.S1.405608,0.012578616352201259,0.0,0.0,0.0,0.0,0.0,0.0011098779134295226,0.0,0.0,0.0,0.0,0.0007399186089530152,0.0,0.0,0.0,0.0,0.0,0.004809470958194599,0.0,0.0,0.0,0.0,0.0011098779134295226,0.0,0.0,0.0,0.003699593044765076,0.0,0.0,0.0,0.0,0.015168331483536813,0.0,0.0,0.0,0.0,0.00443951165371809,0.0,0.0,0.00443951165371809,0.0,0.0,0.002219755826859045,0.0,0.0,0.0,0.0,0.0,0.0,0.0
B.2019.07.S1.405558,0.010012515644555695,0.0,0.0,0.0,0.0,0.0,0.0,0.0,0.0,0.0,0.0,0.0,0.0,0.0,0.0,0.0,0.0,0.0018773466833541927,0.0,0.0,0.0,0.0,0.0,0.0,0.0,0.0,0.0034418022528160197,0.0,0.0,0.0,0.0,0.015644555694618274,0.0,0.0,0.0,0.0,0.005632040050062578,0.0,0.0,0.0018773466833541927,0.0,0.0,0.010012515644555695,0.0,0.00031289111389236547,0.0,0.0,0.0,0.0,0.0
B.2016.06.S1.405581,0.029190992493744787,0.0,0.0,0.0,0.0002780094523213789,0.0,0.0013900472616068947,0.0,0.0,0.0,0.003058103975535168,0.0,0.0,0.0,0.0,0.0,0.007784264664998609,0.0002780094523213789,0.0,0.0,0.0005560189046427579,0.0,0.0,0.0002780094523213789,0.0,0.0,0.0,0.0036141228801779258,0.0,0.0,0.0019460661662496523,0.0,0.0002780094523213789,0.0025020850708924107,0.0,0.0,0.0,0.0013900472616068947,0.0002780094523213789,0.0,0.0038921323324993045,0.0,0.0,0.0,0.0,0.0002780094523213789,0.0,0.0,0.0016680567139282735,0.0013900472616068947
B.2016.05.S1.405583,0.025871766029246342,0.0,0.0005624296962879642,0.0,0.0,0.0,0.0,0.0,0.0,0.0,0.013779527559055118,0.0,0.0,0.0,0.0,0.0,0.006749156355455568,0.001124859392575928,0.0,0.0,0.001687289088863892,0.0,0.0,0.0,0.0,0.0,0.0,0.00281214848143982,0.00028121484814398203,0.0,0.003093363329583802,0.0,0.0,0.001687289088863892,0.0,0.0,0.0,0.003374578177727784,0.0,0.0,0.003374578177727784,0.0,0.0,0.0,0.0,0.00028121484814398203,0.0,0.0,0.001968503937007874,0.002249718785151856
B.2012.09.S1.405527,0.004011231448054553,0.0,0.0,0.0,0.00040112314480545525,0.0,0.0,0.0,0.0008022462896109105,0.0,0.0,0.0,0.0,0.0,0.0,0.0,0.0,0.0,0.002406738868832732,0.0,0.0,0.0,0.0,0.0,0.0,0.0028078620136381873,0.0,0.0,0.0,0.0,0.0,0.0,0.020858403529883676,0.0,0.004412354592860008,0.0,0.0,0.0,0.00040112314480545525,0.0,0.0,0.0,0.0,0.0008022462896109105,0.0,0.0,0.005615724027276375,0.0,0.0,0.0
B.2011.02.S1.405575,0.004414437808361465,0.047000779018436765,0.0,0.0,0.00025967281225655674,0.0,0.0,0.0,0.0,0.001038691249026227,0.0,0.0,0.0,0.0,0.003116073747078681,0.0,0.0,0.0028564009348221236,0.0,0.0,0.0,0.0005193456245131135,0.0,0.0,0.0,0.0,0.0,0.0,0.0,0.06491820306413919,0.0,0.0,0.0,0.0,0.0,0.0012983640612827835,0.0005193456245131135,0.0,0.0,0.0015580368735393405,0.0,0.0,0.004154764996104908,0.0,0.0,0.00025967281225655674,0.01765775123344586,0.0015580368735393405,0.0,0.0
B.2012.02.S1.405552,0.0017006802721088435,0.0,0.0,0.0,0.0,0.0,0.0,0.0,0.0020408163265306124,0.0,0.0,0.0,0.0,0.0017006802721088435,0.0,0.0,0.0,0.0,0.0,0.0,0.0,0.0,0.0,0.0006802721088435374,0.0003401360544217687,0.002721088435374149,0.0,0.0,0.0,0.0,0.0,0.0,0.003401360544217687,0.0,0.0020408163265306124,0.0,0.0,0.0,0.0003401360544217687,0.0,0.0006802721088435374,0.0,0.0,0.0,0.0,0.0003401360544217687,0.013945578231292515,0.0,0.0,0.0
B.2008.09.S1.405553,0.0028368794326241137,0.0,0.0,0.0,0.0,0.0,0.0,0.0,0.0,0.0,0.0,0.0,0.0,0.0,0.00047281323877068567,0.0,0.0,0.00047281323877068567,0.0,0.0,0.0,0.07990543735224588,0.0,0.0,0.00047281323877068567,0.0,0.0028368794326241137,0.0,0.00047281323877068567,0.0,0.0,0.00425531914893617,0.0,0.0,0.0,0.0,0.0,0.0,0.0,0.0,0.0,0.0,0.0,0.0,0.00047281323877068567,0.0,0.08226950354609927,0.0,0.0023640661938534283,0.0
B.2011.08.S1.405530,0.01179245283018868,0.03605121293800539,0.0,0.0,0.0,0.0,0.0,0.00033692722371967657,0.0,0.0,0.0,0.0,0.0013477088948787065,0.0,0.006401617250673854,0.0,0.0,0.00033692722371967657,0.0,0.0,0.0,0.0006738544474393531,0.0,0.0,0.00033692722371967657,0.0,0.0,0.0,0.0,0.0646900269541779,0.0,0.0,0.0,0.00033692722371967657,0.0,0.005053908355795148,0.0010107816711590297,0.0,0.0,0.0006738544474393531,0.0,0.0,0.0,0.00033692722371967657,0.0006738544474393531,0.0,0.031671159029649586,0.0023584905660377358,0.0,0.00033692722371967657
B.2019.10.S1.405561,0.016308119361554477,0.0,0.0,0.0,0.0,0.0,0.0017349063150589867,0.0,0.0,0.0,0.0,0.0003469812630117973,0.0,0.0,0.0,0.0,0.0,0.0013879250520471894,0.0,0.0,0.0,0.0,0.0,0.0,0.0,0.0,0.004163775156141568,0.0,0.0,0.0,0.0003469812630117973,0.020124913254684247,0.0,0.0,0.0,0.0,0.004510756419153366,0.0,0.0,0.0006939625260235947,0.0,0.0,0.0003469812630117973,0.0,0.0003469812630117973,0.0,0.0,0.0,0.0,0.0
B.2004.08.S1.405610,0.00977088948787062,0.0,0.0006738544474393531,0.0,0.0,0.0,0.0,0.0010107816711590297,0.0,0.0,0.0,0.0,0.0,0.0,0.0,0.0,0.0020215633423180594,0.0006738544474393531,0.0,0.0,0.0,0.00033692722371967657,0.0,0.0,0.0,0.0,0.0,0.0,0.0,0.0,0.0,0.0006738544474393531,0.0,0.0,0.0,0.0,0.0,0.0,0.00033692722371967657,0.00033692722371967657,0.0,0.0013477088948787065,0.0033692722371967657,0.0,0.0010107816711590297,0.005053908355795148,0.0,0.014487870619946091,0.0,0.0
B.2009.02.S1.405570,0.0005991611743559018,0.0,0.0,0.0,0.0,0.0005991611743559018,0.0,0.0,0.0,0.0,0.0,0.0,0.0,0.0002995805871779509,0.0,0.0002995805871779509,0.0,0.0005991611743559018,0.0,0.0,0.0,0.0,0.0,0.0,0.0,0.0,0.002097064110245656,0.0,0.0,0.006291192330736968,0.0,0.0,0.0,0.0,0.0,0.0,0.0,0.0,0.0,0.0,0.0,0.0,0.0,0.0,0.0,0.0,0.03445176752546435,0.0,0.0,0.0
B.2012.03.S1.405546,0.0015028554253080856,0.0,0.0,0.00030057108506161706,0.0,0.0,0.0006011421701232341,0.0,0.0006011421701232341,0.0,0.0,0.0,0.0,0.0,0.0,0.0,0.0,0.0,0.0,0.0,0.0,0.0,0.0,0.0006011421701232341,0.0,0.0030057108506161712,0.0,0.0,0.00030057108506161706,0.0,0.0,0.0,0.004809137360985873,0.0,0.0018034265103697023,0.0,0.0,0.0,0.0,0.0,0.0009017132551848512,0.0,0.0,0.00030057108506161706,0.0,0.0,0.00510970844604749,0.0,0.0012022843402464682,0.0
B.2008.02.S1.405555,0.006406345332519829,0.0,0.0,0.0,0.0003050640634533252,0.0,0.0,0.0,0.0,0.0,0.0,0.0,0.0,0.0009151921903599756,0.0,0.0,0.0,0.0,0.0006101281269066504,0.0,0.0,0.013422818791946308,0.0,0.0,0.0,0.0,0.002440512507626601,0.0,0.0003050640634533252,0.0,0.0,0.0030506406345332518,0.0,0.0,0.0,0.0,0.0006101281269066504,0.0030506406345332518,0.0003050640634533252,0.0,0.0,0.0006101281269066504,0.0,0.0,0.0,0.0,0.12080536912751677,0.0,0.0003050640634533252,0.0
B.2008.04.S1.405565,0.009119496855345912,0.0,0.0,0.0,0.0006289308176100629,0.0,0.0,0.0,0.0,0.0,0.0,0.0,0.0,0.0,0.0,0.0,0.0,0.0,0.00031446540880503143,0.0,0.00031446540880503143,0.02232704402515723,0.0,0.0,0.00031446540880503143,0.0,0.006603773584905661,0.0,0.0012578616352201255,0.0,0.0,0.007232704402515723,0.0,0.0,0.0,0.0,0.0,0.006603773584905661,0.0006289308176100629,0.0,0.0,0.0,0.00031446540880503143,0.00031446540880503143,0.0,0.00031446540880503143,0.0930817610062893,0.0,0.00220125786163522,0.0
B.2020.06.S1.405557,0.001936912008854455,0.0,0.0,0.0,0.0011068068622025458,0.0,0.0,0.0,0.0,0.001383508577753182,0.0,0.0,0.0005534034311012729,0.0,0.0,0.001383508577753182,0.0,0.0,0.0,0.0,0.004980630879911455,0.0,0.0,0.0,0.0,0.00027670171555063645,0.0,0.0,0.002767017155506364,0.0,0.0,0.0,0.009407858328721638,0.0,0.0008301051466519093,0.0,0.0,0.0,0.0011068068622025458,0.0,0.0,0.009684560044272277,0.0,0.0008301051466519093,0.0,0.00027670171555063645,0.0,0.0,0.005810736026563365,0.0
B.2009.09.S1.405547,0.01794214573416331,0.0,0.0,0.0,0.0,0.0014646649578908824,0.0,0.0,0.0,0.0,0.0,0.0,0.0,0.0,0.0,0.00549249359209081,0.0,0.001830831197363603,0.0,0.0,0.0,0.0,0.0003661662394727206,0.0,0.0,0.0,0.0,0.0,0.0,0.019772976931526912,0.0,0.0,0.0,0.0,0.0,0.0,0.0058586598315635285,0.0,0.0,0.0,0.0,0.0003661662394727206,0.0010984987184181618,0.0007323324789454412,0.0007323324789454412,0.0,0.2394727206151593,0.0,0.0003661662394727206,0.0
B.2009.06.S1.405554,0.00385642242657965,0.0,0.0,0.0,0.0,0.0014832393948383267,0.0,0.0,0.0,0.0,0.0,0.0,0.0,0.0,0.0,0.01423909819044794,0.0,0.0002966478789676654,0.0,0.0,0.0,0.0,0.0,0.0,0.0002966478789676654,0.0,0.0,0.0,0.0,0.020172055769801245,0.0,0.0,0.0,0.0,0.0,0.0,0.002373183031741323,0.0,0.0002966478789676654,0.0,0.0,0.0002966478789676654,0.0,0.0,0.0,0.0,0.24473450014832396,0.0,0.0,0.0
B.2012.10.S1.405569,0.0008845643520566123,0.0,0.0,0.0,0.0,0.0,0.0,0.0,0.0,0.0,0.0,0.0,0.0,0.0008845643520566123,0.0,0.0,0.0,0.0,0.00044228217602830614,0.0,0.0,0.0,0.0,0.0013268465280849185,0.0,0.00044228217602830614,0.0,0.0,0.0,0.0,0.0,0.0,0.012826183104820877,0.0,0.004422821760283061,0.0,0.0,0.0,0.0,0.0,0.0017691287041132246,0.0,0.0,0.0,0.0,0.0,0.005749668288367979,0.0,0.0,0.0
B.2009.03.S1.405564,0.0039180229053646775,0.0,0.0,0.0,0.00030138637733574436,0.0,0.0,0.0,0.0,0.0,0.0,0.0,0.0,0.0,0.0,0.00030138637733574436,0.0,0.00030138637733574436,0.0,0.0,0.0,0.0,0.0,0.0,0.0,0.00030138637733574436,0.0,0.0,0.0,0.010548523206751054,0.0,0.0,0.0,0.0,0.0,0.0,0.00030138637733574436,0.0,0.0,0.0,0.0,0.0,0.0006027727546714887,0.0,0.0,0.0,0.1301989150090416,0.0,0.0,0.0
B.2006.09.S1.405526,0.0009313877677739832,0.0,0.0,0.0,0.0,0.0,0.0,0.010245265445513815,0.0,0.0,0.0052778640173859045,0.0003104625892579944,0.0,0.0,0.0,0.0,0.0,0.0012418503570319776,0.0006209251785159888,0.0003104625892579944,0.0,0.0,0.0009313877677739832,0.0,0.0,0.0,0.0,0.0006209251785159888,0.0,0.0,0.0009313877677739832,0.0,0.0,0.0018627755355479663,0.0,0.055572803477181,0.0,0.04098106178205526,0.0,0.0,0.007761564731449859,0.0,0.0,0.0,0.0,0.0,0.0,0.0006209251785159888,0.0,0.0009313877677739832
B.2020.04.S1.405587,0.0021164021164021165,0.0,0.0,0.0,0.0,0.0,0.0,0.0,0.0,0.0031746031746031746,0.0,0.0,0.0,0.0,0.0,0.001851851851851852,0.0,0.0,0.0,0.0,0.028835978835978836,0.0,0.0,0.0,0.0,0.0005291005291005291,0.0,0.0,0.0007936507936507938,0.0,0.0,0.0,0.008465608465608466,0.0,0.0,0.0,0.0,0.0,0.0013227513227513227,0.0,0.0,0.0071428571428571435,0.0,0.0013227513227513227,0.00026455026455026457,0.0005291005291005291,0.0,0.0,0.003968253968253968,0.0
