#SampleID,OTU_2,OTU_58,OTU_39,OTU_25,OTU_120,OTU_116,OTU_32,OTU_95,OTU_109,OTU_12,OTU_101,OTU_114,OTU_26,OTU_107,OTU_57,OTU_27,OTU_35,OTU_65,OTU_104,OTU_9,OTU_49,OTU_30,OTU_98,OTU_115,OTU_41,OTU_76,OTU_67,OTU_37,OTU_117,OTU_74,OTU_96,OTU_31,OTU_55,OTU_3,OTU_121,OTU_7,OTU_61,OTU_4,OTU_92,OTU_87,OTU_5,OTU_113,OTU_38,OTU_100,OTU_90,OTU_13,OTU_56,OTU_77,OTU_93,OTU_78
SRR521177,0.019174041297935103,0.0,0.0,0.004424778761061947,0.0,0.0,0.0014749262536873154,0.0014749262536873154,0.0,0.005899705014749263,0.0,0.0,0.0014749262536873154,0.0,0.0,0.06784660766961652,0.0014749262536873154,0.0,0.0,0.057522123893805316,0.0,0.0014749262536873154,0.005899705014749263,0.0,0.0,0.0,0.007374631268436578,0.0,0.0,0.0,0.0014749262536873154,0.0,0.0,0.008849557522123894,0.0,0.0,0.0,0.005899705014749263,0.0,0.0,0.0,0.005899705014749263,0.0014749262536873154,0.0,0.0014749262536873154,0.011799410029498523,0.0,0.0,0.0,0.0
SRR521196,0.02926829268292683,0.0,0.0,0.006097560975609756,0.0,0.0,0.0,0.0012195121951219512,0.0,0.003658536585365854,0.0,0.0,0.007317073170731708,0.0,0.0,0.03170731707317073,0.0,0.0,0.0,0.040243902439024384,0.0,0.0,0.006097560975609756,0.0,0.0,0.0,0.004878048780487805,0.0,0.0,0.0012195121951219512,0.006097560975609756,0.0,0.0,0.007317073170731708,0.0012195121951219512,0.0,0.0,0.006097560975609756,0.0,0.0,0.0,0.003658536585365854,0.0012195121951219512,0.0,0.0012195121951219512,0.004878048780487805,0.0,0.0,0.006097560975609756,0.0
SRR521173,0.01539942252165544,0.0,0.0009624639076034648,0.006737247353224254,0.0,0.0,0.0,0.0,0.0,0.0009624639076034648,0.0,0.0019249278152069296,0.04234841193455245,0.0,0.0,0.04716073147256978,0.0,0.0,0.0,0.012512030798845044,0.0,0.0,0.0009624639076034648,0.0,0.0,0.0009624639076034648,0.0019249278152069296,0.0,0.0,0.0076997112608277185,0.0009624639076034648,0.0,0.0019249278152069296,0.0028873917228103944,0.0,0.0,0.0,0.00384985563041386,0.0,0.0009624639076034648,0.0,0.005774783445620789,0.0,0.0009624639076034648,0.0,0.005774783445620789,0.0,0.0,0.0,0.0
SRR521188,0.022867194371152155,0.0,0.0,0.0043975373790677225,0.0,0.028144239226033426,0.0,0.0008795074758135446,0.0,0.0,0.0,0.0,0.0079155672823219,0.0,0.0,0.059806508355321024,0.0,0.0,0.0008795074758135446,0.01759014951627089,0.0,0.0,0.006156552330694811,0.0,0.0008795074758135446,0.0,0.0008795074758135446,0.0,0.0,0.0035180299032541783,0.0,0.0,0.0,0.008795074758135445,0.0,0.0017590149516270891,0.0008795074758135446,0.0035180299032541783,0.0,0.0,0.0008795074758135446,0.0,0.0,0.0,0.0,0.010554089709762531,0.0,0.0008795074758135446,0.0008795074758135446,0.0
SRR521174,0.025210084033613446,0.0,0.0,0.014005602240896359,0.0,0.025210084033613446,0.0,0.0,0.0,0.0,0.0,0.0,0.011204481792717087,0.0,0.0,0.08683473389355742,0.0,0.0,0.0,0.0392156862745098,0.0,0.0014005602240896359,0.004201680672268907,0.0,0.0,0.0,0.0,0.0014005602240896359,0.0,0.0,0.0,0.0,0.0,0.015406162464985997,0.0,0.0014005602240896359,0.0,0.0028011204481792717,0.0,0.0,0.0,0.0028011204481792717,0.0,0.0,0.0014005602240896359,0.02100840336134454,0.0,0.0,0.0014005602240896359,0.0
SRR521221,0.014184397163120569,0.0007880220646178094,0.0,0.0015760441292356187,0.0,0.0,0.0015760441292356187,0.008668242710795903,0.0,0.0,0.003152088258471237,0.0007880220646178094,0.047281323877068564,0.0007880220646178094,0.0,0.0,0.0,0.003152088258471237,0.0,0.05200945626477541,0.0,0.0,0.0047281323877068565,0.0,0.0,0.0007880220646178094,0.005516154452324665,0.0007880220646178094,0.0,0.007880220646178092,0.0,0.0,0.0007880220646178094,0.0023640661938534283,0.0,0.0,0.0,0.003940110323089046,0.0023640661938534283,0.0,0.0007880220646178094,0.003940110323089046,0.0,0.0,0.0,0.0047281323877068565,0.0,0.0,0.014972419227738376,0.0
SRR521178,0.02594033722438392,0.0,0.0,0.01556420233463035,0.0,0.0,0.0012970168612191958,0.0,0.0,0.011673151750972765,0.0,0.0,0.01556420233463035,0.0,0.0,0.08300907911802853,0.0012970168612191958,0.0,0.0,0.08560311284046693,0.0,0.0,0.00648508430609598,0.0,0.0012970168612191958,0.0,0.005188067444876783,0.0,0.0,0.0,0.0012970168612191958,0.0012970168612191958,0.0,0.010376134889753566,0.0,0.0,0.0,0.002594033722438392,0.0,0.0,0.0,0.0038910505836575885,0.0012970168612191958,0.0,0.0012970168612191958,0.007782101167315175,0.0012970168612191958,0.0,0.0,0.0
SRR521187,0.03443526170798898,0.0,0.0,0.0,0.0,0.0,0.0,0.0027548209366391185,0.0,0.0,0.0,0.0,0.0,0.0013774104683195593,0.0,0.0,0.0,0.0,0.0,0.0,0.0,0.0,0.004132231404958678,0.0,0.0,0.0,0.02066115702479339,0.0,0.0,0.015151515151515154,0.0,0.0,0.0,0.02066115702479339,0.0,0.0013774104683195593,0.0,0.006887052341597796,0.0,0.0013774104683195593,0.0,0.0027548209366391185,0.0,0.0027548209366391185,0.0,0.04269972451790634,0.0,0.0,0.0,0.0
SRR521198,0.018469656992084436,0.0,0.0,0.0026385224274406327,0.0,0.0,0.0,0.0,0.0,0.0013192612137203164,0.0,0.0,0.01978891820580475,0.0,0.0,0.027704485488126648,0.0,0.0,0.0,0.03693931398416887,0.0,0.0,0.0079155672823219,0.0,0.0,0.0,0.02638522427440633,0.0,0.0,0.0013192612137203164,0.00395778364116095,0.0,0.0,0.0065963060686015824,0.0,0.0,0.0,0.00395778364116095,0.0,0.0,0.0013192612137203164,0.0,0.0,0.0,0.0013192612137203164,0.0065963060686015824,0.0,0.0,0.0,0.0
SRR521214,0.03337969401947149,0.0,0.0,0.0,0.0,0.0,0.0,0.0027816411682892906,0.0,0.0,0.004172461752433936,0.0,0.0,0.0,0.0,0.0013908205841446453,0.0013908205841446453,0.0,0.0,0.0013908205841446453,0.0027816411682892906,0.0,0.005563282336578581,0.0,0.0,0.0,0.011126564673157162,0.0,0.0,0.012517385257301807,0.0,0.0,0.0,0.011126564673157162,0.0,0.0027816411682892906,0.0,0.006954102920723227,0.0,0.0,0.0,0.0013908205841446453,0.0,0.0,0.0,0.023643949930458968,0.0,0.0,0.0013908205841446453,0.0
SRR521250,0.03217821782178218,0.0,0.0,0.027227722772277228,0.0,0.0,0.0,0.003712871287128713,0.0,0.0,0.003712871287128713,0.0,0.017326732673267328,0.0,0.0,0.12376237623762375,0.0,0.0,0.0012376237623762374,0.053217821782178217,0.0,0.0,0.008663366336633664,0.0,0.0012376237623762374,0.0,0.0024752475247524753,0.0024752475247524753,0.0,0.0024752475247524753,0.0,0.0,0.0,0.017326732673267328,0.0,0.0,0.0,0.0012376237623762374,0.0,0.0024752475247524753,0.0,0.006188118811881188,0.0012376237623762374,0.0,0.0,0.013613861386138614,0.0024752475247524753,0.0,0.0,0.0
SRR521197,0.016221374045801526,0.0,0.0,0.0028625954198473282,0.0,0.01049618320610687,0.0,0.0019083969465648852,0.0,0.0,0.0009541984732824428,0.0,0.016221374045801526,0.0,0.0,0.05916030534351145,0.0,0.0,0.0009541984732824428,0.031488549618320615,0.0,0.0,0.0028625954198473282,0.0,0.0,0.0,0.0,0.0009541984732824428,0.0,0.0028625954198473282,0.0,0.0,0.0,0.004770992366412214,0.0,0.0,0.0,0.0028625954198473282,0.0,0.0,0.0,0.0076335877862595426,0.0,0.0,0.0,0.0076335877862595426,0.0,0.0009541984732824428,0.0019083969465648852,0.0
SRR521184,0.02127659574468085,0.0,0.0,0.009308510638297872,0.0,0.0,0.0,0.010638297872340424,0.0,0.0053191489361702135,0.0013297872340425534,0.0,0.003989361702127659,0.0013297872340425534,0.0,0.04654255319148936,0.0,0.0,0.0,0.057180851063829786,0.0,0.0,0.0026595744680851068,0.0,0.0013297872340425534,0.0,0.003989361702127659,0.0,0.0,0.015957446808510637,0.0,0.0,0.0026595744680851068,0.01196808510638298,0.0,0.0013297872340425534,0.0,0.003989361702127659,0.0,0.0013297872340425534,0.0,0.0053191489361702135,0.0,0.0,0.0,0.013297872340425532,0.0,0.0013297872340425534,0.0,0.0026595744680851068
SRR521207,0.01810344827586207,0.0,0.0,0.013793103448275862,0.0,0.0,0.0,0.003448275862068965,0.0,0.0,0.013793103448275862,0.0,0.025,0.005172413793103447,0.0,0.027586206896551724,0.0,0.0,0.0,0.01206896551724138,0.0,0.0,0.00603448275862069,0.0,0.0,0.0,0.015517241379310345,0.0,0.0,0.004310344827586207,0.0,0.0,0.0,0.008620689655172414,0.0008620689655172414,0.0,0.0,0.007758620689655172,0.0008620689655172414,0.0017241379310344827,0.0,0.0025862068965517237,0.0,0.0,0.0,0.006896551724137931,0.0,0.0,0.0017241379310344827,0.0008620689655172414
SRR521175,0.02248520710059172,0.0,0.0,0.007100591715976331,0.0,0.008284023668639055,0.0,0.0011834319526627221,0.0,0.0035502958579881646,0.0,0.0,0.008284023668639055,0.0,0.0,0.015384615384615384,0.0,0.0011834319526627221,0.0,0.02485207100591716,0.0,0.0,0.007100591715976331,0.0,0.0,0.0,0.0023668639053254443,0.0,0.0,0.0011834319526627221,0.0,0.0,0.0,0.007100591715976331,0.0011834319526627221,0.0,0.0,0.0023668639053254443,0.0,0.02366863905325444,0.0,0.0047337278106508885,0.0,0.0,0.0011834319526627221,0.01301775147928994,0.0,0.0,0.0011834319526627221,0.0
SRR521205,0.013933547695605574,0.0,0.0,0.003215434083601286,0.0010718113612004287,0.0,0.0021436227224008574,0.0053590568060021436,0.0,0.0,0.006430868167202572,0.0,0.012861736334405145,0.0,0.0,0.01822079314040729,0.0,0.0,0.0,0.01929260450160772,0.0,0.0,0.015005359056806004,0.0,0.0,0.0,0.0053590568060021436,0.0,0.0,0.0053590568060021436,0.0,0.0,0.0,0.004287245444801715,0.0,0.0010718113612004287,0.0,0.00857449088960343,0.0010718113612004287,0.0,0.0,0.0053590568060021436,0.0,0.0,0.0,0.0053590568060021436,0.0010718113612004287,0.0010718113612004287,0.0,0.003215434083601286
SRR521191,0.01873536299765808,0.0,0.0,0.00468384074941452,0.0,0.0,0.0,0.0,0.0,0.00234192037470726,0.0,0.0,0.0195160031225605,0.0,0.0,0.08743169398907104,0.00078064012490242,0.0,0.0,0.01249024199843872,0.0,0.0,0.00234192037470726,0.0,0.0,0.0,0.01483216237314598,0.00078064012490242,0.0,0.0039032006245121,0.0,0.0,0.0,0.00858704137392662,0.0,0.00078064012490242,0.0,0.00312256049960968,0.0,0.01483216237314598,0.0,0.00468384074941452,0.0,0.0,0.0,0.00624512099921936,0.0,0.0,0.00156128024980484,0.0
SRR521190,0.016252390057361378,0.0,0.0,0.007648183556405354,0.0,0.0,0.0009560229445506693,0.0,0.0,0.0,0.0,0.0,0.0057361376673040155,0.0,0.0,0.03154875717017208,0.0,0.0,0.0,0.030592734225621414,0.0,0.0,0.0028680688336520078,0.0,0.0009560229445506693,0.0,0.003824091778202677,0.0009560229445506693,0.0,0.003824091778202677,0.0019120458891013386,0.0,0.0,0.008604206500956023,0.0,0.0009560229445506693,0.0,0.0057361376673040155,0.0,0.0,0.0009560229445506693,0.0019120458891013386,0.0009560229445506693,0.0,0.0,0.010516252390057362,0.0009560229445506693,0.0,0.0019120458891013386,0.0
SRR518987,0.019704433497536943,0.0,0.0,0.013136288998357963,0.0,0.0,0.0,0.0016420361247947454,0.0049261083743842365,0.0,0.0,0.0016420361247947454,0.026272577996715927,0.0,0.0,0.1083743842364532,0.0,0.0,0.0,0.047619047619047616,0.0,0.0,0.02134646962233169,0.0016420361247947454,0.003284072249589491,0.0,0.0016420361247947454,0.0,0.0016420361247947454,0.0,0.0,0.0016420361247947454,0.0,0.011494252873563218,0.0,0.0,0.0016420361247947454,0.009852216748768471,0.0,0.0016420361247947454,0.0,0.0016420361247947454,0.0,0.0016420361247947454,0.0016420361247947454,0.024630541871921183,0.0,0.0,0.0,0.0
SRR521225,0.007731958762886598,0.0,0.000859106529209622,0.00429553264604811,0.0,0.0,0.001718213058419244,0.02147766323024055,0.0,0.0,0.007731958762886598,0.000859106529209622,0.04982817869415808,0.0,0.000859106529209622,0.0,0.0,0.003436426116838488,0.0,0.03264604810996564,0.000859106529209622,0.0,0.003436426116838488,0.002577319587628866,0.0,0.0,0.006013745704467354,0.0,0.0,0.02577319587628866,0.003436426116838488,0.0,0.001718213058419244,0.00429553264604811,0.000859106529209622,0.0,0.0,0.002577319587628866,0.006872852233676976,0.0,0.000859106529209622,0.006872852233676976,0.000859106529209622,0.001718213058419244,0.0,0.003436426116838488,0.0,0.0,0.011168384879725086,0.000859106529209622
SRR521211,0.021134593993325918,0.0,0.0011123470522803112,0.008898776418242492,0.0,0.0,0.0011123470522803112,0.013348164627363738,0.0,0.0,0.002224694104560623,0.0,0.03781979977753059,0.0011123470522803112,0.0,0.0,0.0,0.002224694104560623,0.0,0.06006674082313681,0.0,0.0,0.011123470522803115,0.0011123470522803112,0.0,0.0,0.004449388209121246,0.0,0.0,0.0011123470522803112,0.004449388209121246,0.0,0.0,0.0033370411568409346,0.0,0.0,0.0,0.002224694104560623,0.004449388209121246,0.0,0.0011123470522803112,0.004449388209121246,0.0,0.0,0.0,0.004449388209121246,0.0,0.0011123470522803112,0.0055617352614015575,0.0011123470522803112
SRR521215,0.012667660208643816,0.0,0.0,0.009687034277198213,0.0,0.0,0.0007451564828614009,0.00745156482861401,0.0,0.0,0.016393442622950817,0.0,0.06259314456035768,0.0014903129657228018,0.0007451564828614009,0.0,0.0,0.008196721311475409,0.0007451564828614009,0.04098360655737705,0.0,0.0,0.008196721311475409,0.0,0.0,0.0,0.005961251862891207,0.0,0.0014903129657228018,0.03204172876304024,0.0022354694485842027,0.0,0.0,0.002980625931445604,0.0,0.0,0.0,0.005961251862891207,0.006706408345752609,0.0022354694485842027,0.0,0.0022354694485842027,0.0,0.0007451564828614009,0.0,0.0014903129657228018,0.0,0.0,0.011922503725782414,0.0
SRR521227,0.020296643247462918,0.0,0.0,0.01092896174863388,0.0,0.0,0.0,0.0039032006245121,0.0,0.0,0.00858704137392662,0.0,0.01795472287275566,0.00078064012490242,0.00078064012490242,0.02576112412177986,0.0,0.0,0.0,0.01327088212334114,0.0,0.0,0.00156128024980484,0.0,0.00156128024980484,0.0,0.0195160031225605,0.0,0.0,0.00312256049960968,0.00078064012490242,0.0,0.0,0.00624512099921936,0.0,0.0,0.0,0.00624512099921936,0.0,0.00234192037470726,0.0,0.00312256049960968,0.0,0.0,0.0,0.00468384074941452,0.00078064012490242,0.0,0.00078064012490242,0.00078064012490242
SRR515153,0.04192546583850932,0.0,0.0,0.003105590062111801,0.0,0.0,0.0,0.006211180124223602,0.0015527950310559005,0.0,0.0,0.0015527950310559005,0.013975155279503106,0.0,0.0,0.09316770186335403,0.0,0.0,0.0,0.026397515527950312,0.0,0.0,0.017080745341614908,0.004658385093167702,0.0,0.0,0.004658385093167702,0.0,0.0015527950310559005,0.0015527950310559005,0.0,0.0,0.0,0.009316770186335404,0.0,0.0015527950310559005,0.0,0.004658385093167702,0.0,0.0,0.0,0.003105590062111801,0.0015527950310559005,0.0,0.0,0.031055900621118005,0.003105590062111801,0.0015527950310559005,0.0,0.0
SRR521189,0.014629948364888125,0.0,0.0,0.024096385542168683,0.0,0.0,0.0,0.004302925989672977,0.0,0.0008605851979345956,0.0034423407917383822,0.0,0.013769363166953529,0.0,0.0,0.013769363166953529,0.0,0.0,0.0,0.005163511187607574,0.0,0.0008605851979345956,0.0017211703958691911,0.0,0.0,0.0,0.00946643717728055,0.0,0.0,0.007745266781411359,0.0,0.0,0.0017211703958691911,0.007745266781411359,0.0,0.0008605851979345956,0.0,0.005163511187607574,0.004302925989672977,0.0,0.0008605851979345956,0.005163511187607574,0.0,0.0008605851979345956,0.0,0.006024096385542169,0.0008605851979345956,0.0,0.0008605851979345956,0.0008605851979345956
SRR521220,0.0136986301369863,0.0,0.0,0.0,0.001053740779768177,0.0,0.0,0.005268703898840885,0.0,0.0,0.0031612223393045306,0.0,0.0,0.0,0.0,0.0,0.0,0.0,0.002107481559536354,0.0,0.001053740779768177,0.0,0.007376185458377239,0.0,0.0,0.0,0.009483667017913594,0.0,0.0,0.02002107481559536,0.0,0.0,0.0,0.006322444678609061,0.0,0.0,0.0,0.005268703898840885,0.0,0.002107481559536354,0.0,0.001053740779768177,0.0,0.0,0.001053740779768177,0.008429926238145416,0.0,0.0,0.0,0.0
SRR521226,0.017361111111111112,0.0,0.0,0.003472222222222222,0.0,0.0,0.0,0.0026041666666666665,0.0,0.0,0.011284722222222222,0.0,0.017361111111111112,0.0008680555555555555,0.0,0.029513888888888888,0.0,0.0,0.0,0.008680555555555556,0.0,0.0,0.004340277777777778,0.0,0.0,0.0,0.011284722222222222,0.0,0.0,0.005208333333333333,0.0,0.0,0.0,0.005208333333333333,0.0,0.0,0.0,0.008680555555555556,0.0,0.0008680555555555555,0.0,0.0008680555555555555,0.0,0.0008680555555555555,0.0,0.0078125,0.0,0.001736111111111111,0.0,0.0
SRR521185,0.017110266159695818,0.0,0.0009505703422053232,0.004752851711026616,0.0,0.0,0.0,0.0,0.0,0.004752851711026616,0.0,0.0009505703422053232,0.053231939163498096,0.0,0.0,0.028517110266159693,0.0,0.0,0.0,0.02756653992395437,0.0,0.0009505703422053232,0.0,0.0,0.0,0.0009505703422053232,0.01140684410646388,0.0,0.0,0.0038022813688212928,0.0,0.0,0.0,0.008555133079847909,0.0,0.0009505703422053232,0.0,0.0038022813688212928,0.0,0.014258555133079847,0.0009505703422053232,0.004752851711026616,0.0,0.0,0.0,0.009505703422053232,0.0,0.0009505703422053232,0.0019011406844106464,0.0009505703422053232
SRR521182,0.02218700475435816,0.0,0.0,0.012678288431061807,0.0,0.009508716323296357,0.0,0.001584786053882726,0.0,0.003169572107765452,0.0,0.0,0.02535657686212361,0.0,0.0,0.02535657686212361,0.0,0.0,0.0,0.03803486529318542,0.0,0.0,0.003169572107765452,0.0,0.0,0.0,0.001584786053882726,0.0,0.0,0.001584786053882726,0.0,0.0,0.0,0.00792393026941363,0.0,0.0,0.0,0.006339144215530904,0.0,0.017432646592709985,0.0,0.001584786053882726,0.0,0.001584786053882726,0.0,0.017432646592709985,0.0,0.0,0.0,0.0
SRR521179,0.02773722627737226,0.0,0.0,0.008759124087591242,0.00145985401459854,0.0,0.0,0.0,0.0,0.00145985401459854,0.0,0.0,0.033576642335766425,0.0,0.0,0.12992700729927004,0.0,0.00145985401459854,0.0,0.0364963503649635,0.00145985401459854,0.0,0.0,0.0,0.0,0.0,0.00291970802919708,0.00145985401459854,0.00145985401459854,0.00583941605839416,0.0,0.0,0.0,0.0145985401459854,0.0,0.0,0.00145985401459854,0.00145985401459854,0.004379562043795621,0.013138686131386863,0.0,0.00291970802919708,0.00145985401459854,0.0,0.0,0.017518248175182483,0.0,0.00145985401459854,0.0,0.0
SRR521183,0.0233837689133425,0.0,0.0,0.0041265474552957355,0.0,0.01375515818431912,0.0,0.0,0.0,0.0,0.0,0.0,0.01513067400275103,0.0,0.0,0.059147180192572216,0.001375515818431912,0.0,0.0,0.031636863823933985,0.0,0.0,0.001375515818431912,0.0,0.0,0.0,0.0,0.0,0.0,0.002751031636863824,0.0,0.0,0.0,0.005502063273727648,0.0,0.0,0.002751031636863824,0.002751031636863824,0.0,0.0,0.001375515818431912,0.002751031636863824,0.001375515818431912,0.0,0.0,0.01513067400275103,0.0,0.0,0.002751031636863824,0.0
SRR521194,0.024279210925644917,0.0,0.0,0.0030349013657056147,0.0015174506828528073,0.0,0.0,0.0030349013657056147,0.0030349013657056147,0.0,0.0,0.0030349013657056147,0.004552352048558422,0.0,0.0,0.11836115326251895,0.0015174506828528073,0.0,0.0,0.02276176024279211,0.0,0.0,0.042488619119878605,0.0030349013657056147,0.0,0.0,0.004552352048558422,0.0,0.0,0.0,0.0,0.0,0.0,0.004552352048558422,0.0,0.0,0.0,0.0030349013657056147,0.0,0.0015174506828528073,0.0,0.0030349013657056147,0.0,0.0,0.0,0.025796661608497726,0.0,0.0,0.0,0.0
SRR521193,0.022222222222222227,0.0,0.0,0.004678362573099414,0.0,0.0,0.0,0.0023391812865497076,0.0011695906432748536,0.0,0.0,0.0023391812865497076,0.016374269005847954,0.0,0.0,0.12748538011695906,0.0,0.0,0.0,0.05614035087719298,0.0,0.0,0.0152046783625731,0.0011695906432748536,0.0,0.0,0.003508771929824561,0.0,0.0,0.0023391812865497076,0.0,0.0011695906432748536,0.0,0.010526315789473684,0.0,0.0023391812865497076,0.0,0.007017543859649123,0.0,0.0011695906432748536,0.0,0.0023391812865497076,0.0,0.0,0.0,0.018713450292397658,0.0,0.0,0.003508771929824561,0.0
SRR521192,0.01914580265095729,0.0014727540500736375,0.0,0.01914580265095729,0.0,0.0,0.0,0.0117820324005891,0.0,0.0117820324005891,0.0073637702503681875,0.0,0.014727540500736375,0.0,0.0014727540500736375,0.07511045655375552,0.0,0.0014727540500736375,0.0,0.05301914580265096,0.0,0.0,0.0014727540500736375,0.0,0.0,0.0,0.0014727540500736375,0.0014727540500736375,0.0,0.008836524300441826,0.0,0.0,0.0,0.01914580265095729,0.0,0.0,0.0,0.005891016200294551,0.0,0.0,0.0,0.0029455081001472753,0.0014727540500736375,0.0014727540500736375,0.0,0.008836524300441826,0.0,0.0,0.0029455081001472753,0.0014727540500736375
SRR521219,0.01017293997965412,0.006103763987792472,0.0,0.03255340793489318,0.0,0.0,0.001017293997965412,0.0,0.0,0.0,0.003051881993896236,0.0,0.013224821973550356,0.0,0.011190233977619531,0.03560528992878942,0.0,0.001017293997965412,0.001017293997965412,0.0254323499491353,0.001017293997965412,0.0,0.009155645981688708,0.0,0.0,0.0,0.00508646998982706,0.0,0.001017293997965412,0.00508646998982706,0.0,0.001017293997965412,0.0,0.01017293997965412,0.001017293997965412,0.0,0.001017293997965412,0.001017293997965412,0.0,0.0,0.0,0.003051881993896236,0.0,0.0,0.0,0.01017293997965412,0.0,0.0,0.002034587995930824,0.0
SRR521176,0.015748031496062992,0.0,0.001124859392575928,0.015748031496062992,0.0,0.0,0.0,0.003374578177727784,0.0,0.010123734533183352,0.001124859392575928,0.0,0.029246344206974133,0.0,0.0,0.023622047244094488,0.001124859392575928,0.0,0.0,0.016872890888638917,0.0,0.001124859392575928,0.00562429696287964,0.0,0.0,0.0,0.002249718785151856,0.0,0.0,0.002249718785151856,0.0,0.0,0.0,0.007874015748031496,0.001124859392575928,0.0,0.0,0.003374578177727784,0.0,0.03824521934758155,0.0,0.004499437570303713,0.0,0.0,0.003374578177727784,0.010123734533183352,0.0,0.0,0.0,0.0
SRR521180,0.009958506224066391,0.0,0.0,0.015767634854771784,0.0,0.0,0.0,0.004149377593360996,0.0,0.004149377593360996,0.003319502074688797,0.0,0.011618257261410787,0.0,0.0008298755186721991,0.018257261410788383,0.0,0.0,0.0,0.025726141078838173,0.0,0.0,0.0008298755186721991,0.0,0.0,0.0,0.007468879668049794,0.0,0.0,0.024896265560165973,0.0,0.0008298755186721991,0.002489626556016597,0.004149377593360996,0.0,0.0,0.0,0.0016597510373443985,0.0,0.0,0.0,0.003319502074688797,0.0,0.0008298755186721991,0.0,0.006639004149377593,0.0,0.0008298755186721991,0.0,0.0
SRR521172,0.04084507042253521,0.0,0.0,0.004225352112676056,0.0,0.0,0.0,0.0014084507042253524,0.00563380281690141,0.0,0.0,0.004225352112676056,0.03380281690140845,0.0,0.0,0.035211267605633804,0.0,0.0,0.0,0.009859154929577466,0.0,0.0,0.02535211267605634,0.0014084507042253524,0.0,0.0014084507042253524,0.00563380281690141,0.0,0.0014084507042253524,0.002816901408450705,0.0,0.0,0.0,0.00563380281690141,0.0,0.0,0.0014084507042253524,0.004225352112676056,0.0,0.0,0.0,0.0014084507042253524,0.0,0.0,0.002816901408450705,0.01971830985915493,0.0014084507042253524,0.0014084507042253524,0.0,0.0
SRR521203,0.021226415094339618,0.003537735849056604,0.0,0.01768867924528302,0.0,0.0,0.0011792452830188679,0.0011792452830188679,0.0,0.0,0.0,0.0,0.01768867924528302,0.0,0.01179245283018868,0.041273584905660375,0.0,0.0,0.0,0.04481132075471698,0.0023584905660377358,0.0,0.0011792452830188679,0.0,0.0,0.0,0.008254716981132075,0.0,0.0011792452830188679,0.01179245283018868,0.0,0.0011792452830188679,0.0,0.012971698113207548,0.0,0.0,0.0,0.003537735849056604,0.0,0.0,0.0011792452830188679,0.0047169811320754715,0.0,0.0,0.0,0.01768867924528302,0.0,0.0,0.0011792452830188679,0.0
SRR521181,0.00419287211740042,0.0,0.0,0.039832285115303984,0.0,0.0,0.0005241090146750523,0.0020964360587002093,0.0,0.01939203354297694,0.0057651991614255755,0.0,0.00890985324947589,0.0,0.0,0.009433962264150943,0.0,0.0,0.0,0.020964360587002098,0.0,0.0,0.003668763102725367,0.0,0.0,0.0,0.0110062893081761,0.0,0.0010482180293501047,0.011530398322851151,0.0,0.0,0.0010482180293501047,0.0031446540880503146,0.0,0.0,0.0005241090146750523,0.00419287211740042,0.0,0.0010482180293501047,0.0005241090146750523,0.0047169811320754715,0.0010482180293501047,0.0005241090146750523,0.0047169811320754715,0.002620545073375262,0.0005241090146750523,0.0,0.0005241090146750523,0.0005241090146750523
SRR521200,0.01738122827346466,0.0,0.0,0.016222479721900347,0.0,0.011587485515643106,0.0,0.0,0.0,0.0,0.0,0.0,0.012746234067207415,0.0,0.0,0.05909617612977984,0.0,0.0,0.0,0.01738122827346466,0.0,0.0,0.0011587485515643105,0.0,0.0011587485515643105,0.0,0.0,0.0,0.0,0.0011587485515643105,0.0,0.0,0.0,0.005793742757821553,0.002317497103128621,0.002317497103128621,0.0,0.0011587485515643105,0.0,0.0,0.0,0.0011587485515643105,0.002317497103128621,0.0,0.0,0.010428736964078795,0.0,0.0,0.002317497103128621,0.0
SRR521199,0.021447721179624662,0.0,0.0,0.022788203753351208,0.0,0.0053619302949061655,0.0,0.006702412868632708,0.0,0.006702412868632708,0.0,0.0,0.05093833780160858,0.0,0.0,0.02949061662198392,0.0,0.0,0.0,0.022788203753351208,0.0026809651474530827,0.0013404825737265414,0.0053619302949061655,0.0,0.0,0.0013404825737265414,0.006702412868632708,0.0,0.0,0.0026809651474530827,0.0,0.0,0.0,0.0053619302949061655,0.0,0.0,0.0,0.0,0.0,0.0160857908847185,0.0013404825737265414,0.0013404825737265414,0.0,0.0,0.0,0.006702412868632708,0.0,0.0,0.0013404825737265414,0.0
SRR521195,0.015240328253223915,0.0,0.0,0.007033997655334115,0.0,0.0035169988276670576,0.0,0.0011723329425556855,0.0,0.009378663540445486,0.0,0.0,0.012895662368112544,0.0,0.0,0.025791324736225092,0.0,0.0,0.0011723329425556855,0.025791324736225092,0.0,0.0,0.0035169988276670576,0.0,0.0011723329425556855,0.0,0.0,0.0,0.0,0.0035169988276670576,0.0,0.0011723329425556855,0.0,0.005861664712778429,0.0011723329425556855,0.0,0.0,0.004689331770222743,0.0011723329425556855,0.016412661195779603,0.0,0.0011723329425556855,0.0,0.0,0.0011723329425556855,0.008206330597889801,0.0,0.0,0.0,0.0
SRR521213,0.011976047904191616,0.0,0.0,0.0,0.0,0.0,0.0,0.000855431993156544,0.0,0.0,0.003421727972626176,0.0,0.0,0.0,0.0,0.0,0.0,0.0,0.0,0.0,0.000855431993156544,0.0,0.003421727972626176,0.0,0.0,0.0025662959794696323,0.001710863986313088,0.0,0.0,0.00855431993156544,0.0,0.0,0.0,0.00427715996578272,0.0,0.0,0.0,0.0051325919589392645,0.0,0.0025662959794696323,0.0,0.001710863986313088,0.0,0.000855431993156544,0.0,0.013686911890504704,0.0,0.000855431993156544,0.003421727972626176,0.0
SRR521222,0.023170731707317076,0.0,0.0,0.0,0.0012195121951219512,0.0,0.0,0.0024390243902439024,0.0012195121951219512,0.0,0.003658536585365854,0.0,0.0,0.0,0.0,0.0012195121951219512,0.0,0.0,0.0,0.0,0.0024390243902439024,0.0,0.012195121951219513,0.0,0.0,0.0012195121951219512,0.015853658536585366,0.0,0.0,0.018292682926829267,0.0,0.0,0.0,0.006097560975609756,0.0,0.0,0.0,0.003658536585365854,0.0,0.0,0.0,0.0012195121951219512,0.0,0.0,0.0,0.02073170731707317,0.0012195121951219512,0.0,0.0012195121951219512,0.0
SRR521212,0.030269058295964126,0.0033632286995515697,0.0,0.01569506726457399,0.0,0.0,0.0011210762331838565,0.0,0.0,0.0,0.005605381165919282,0.0,0.017937219730941704,0.0,0.0033632286995515697,0.034753363228699555,0.0,0.0011210762331838565,0.0,0.03811659192825112,0.0,0.0,0.006726457399103139,0.0,0.0,0.0011210762331838565,0.005605381165919282,0.0,0.0,0.006726457399103139,0.0,0.0,0.0,0.007847533632286996,0.0,0.0,0.0,0.005605381165919282,0.0,0.0,0.0,0.005605381165919282,0.0,0.002242152466367713,0.0,0.01345291479820628,0.0,0.0,0.0011210762331838565,0.0
SRR521186,0.024,0.0,0.0,0.013714285714285714,0.0,0.0,0.001142857142857143,0.0,0.0,0.004571428571428572,0.0,0.0,0.055999999999999994,0.0,0.0,0.05028571428571429,0.0,0.0,0.0,0.04685714285714285,0.0,0.001142857142857143,0.0,0.0,0.001142857142857143,0.0,0.002285714285714286,0.0,0.0,0.011428571428571429,0.0,0.0,0.0,0.014857142857142857,0.0,0.0,0.0,0.004571428571428572,0.0,0.0034285714285714284,0.0,0.002285714285714286,0.0,0.0,0.001142857142857143,0.005714285714285714,0.0,0.0,0.0,0.0
