#SampleID,OTU_1,OTU_2,OTU_3,OTU_4,OTU_5,OTU_6,OTU_7,OTU_8,OTU_9,OTU_10,OTU_11,OTU_12,OTU_13,OTU_14,OTU_15,OTU_16,OTU_17,OTU_18,OTU_19,OTU_20,OTU_21,OTU_22,OTU_23,OTU_24,OTU_25,OTU_26,OTU_27,OTU_28,OTU_29,OTU_30,OTU_31,OTU_32,OTU_33,OTU_34,OTU_35,OTU_36,OTU_37,OTU_38,OTU_39,OTU_40,OTU_41,OTU_42,OTU_43,OTU_44,OTU_45,OTU_46,OTU_47,OTU_48,OTU_49,OTU_50,OTU_51,OTU_52,OTU_53,OTU_54,OTU_55,OTU_56,OTU_57,OTU_58,OTU_59,OTU_60,OTU_61,OTU_62,OTU_63,OTU_64,OTU_65,OTU_66,OTU_67,OTU_68,OTU_69,OTU_71,OTU_72,OTU_73,OTU_74,OTU_75,OTU_76,OTU_77,OTU_78,OTU_79,OTU_80,OTU_81,OTU_82,OTU_83,OTU_84,OTU_85,OTU_86,OTU_87,OTU_88,OTU_89,OTU_90,OTU_91,OTU_92,OTU_93,OTU_94,OTU_95,OTU_96,OTU_97,OTU_98,OTU_99,OTU_100,OTU_101,OTU_102,OTU_103,OTU_104,OTU_105,OTU_106,OTU_107
SRR521253,0.004878048780487805,0.09268292682926828,0.00975609756097561,0.0,0.0,0.0,0.0,0.0,0.0,0.0,0.0,0.0,0.0,0.0,0.004878048780487805,0.014634146341463415,0.0,0.0,0.0,0.0,0.0,0.0,0.07804878048780488,0.03414634146341464,0.014634146341463415,0.0,0.07804878048780488,0.043902439024390234,0.0,0.0,0.0,0.004878048780487805,0.00975609756097561,0.00975609756097561,0.0,0.0,0.0,0.0,0.09268292682926828,0.00975609756097561,0.043902439024390234,0.024390243902439025,0.0,0.0,0.07317073170731707,0.0,0.0,0.0,0.024390243902439025,0.0,0.0,0.0,0.0,0.00975609756097561,0.00975609756097561,0.00975609756097561,0.0,0.014634146341463415,0.0,0.0,0.0,0.0,0.0,0.00975609756097561,0.0,0.014634146341463415,0.024390243902439025,0.004878048780487805,0.0,0.03414634146341464,0.0,0.0,0.13170731707317074,0.004878048780487805,0.004878048780487805,0.00975609756097561,0.0,0.0,0.0,0.0,0.0,0.0,0.004878048780487805,0.004878048780487805,0.0,0.004878048780487805,0.0,0.0,0.004878048780487805,0.004878048780487805,0.0,0.0,0.004878048780487805,0.0,0.0,0.0,0.0,0.0,0.0,0.0,0.0,0.0,0.0,0.0,0.0,0.0
SRR521229,0.02824858757062147,0.15254237288135594,0.03389830508474576,0.005649717514124294,0.0,0.0,0.0,0.005649717514124294,0.0,0.0,0.0,0.0,0.0,0.0,0.0,0.0,0.0,0.0,0.0,0.0,0.0,0.01694915254237288,0.06779661016949153,0.02259887005649717,0.0,0.0,0.07909604519774012,0.07909604519774012,0.011299435028248588,0.0,0.011299435028248588,0.005649717514124294,0.0,0.02259887005649717,0.0,0.0,0.0,0.0,0.07909604519774012,0.005649717514124294,0.07344632768361582,0.02259887005649717,0.0,0.0,0.011299435028248588,0.0,0.0,0.0,0.05084745762711865,0.0,0.0,0.0,0.0,0.005649717514124294,0.0,0.0,0.0,0.0,0.0,0.0,0.0,0.0,0.0,0.0,0.0,0.0,0.0,0.0,0.0,0.01694915254237288,0.0,0.0,0.1016949152542373,0.011299435028248588,0.0,0.0,0.0,0.0,0.0,0.0,0.0,0.0,0.011299435028248588,0.005649717514124294,0.02824858757062147,0.005649717514124294,0.0,0.0,0.0,0.0,0.005649717514124294,0.0,0.005649717514124294,0.0,0.0,0.0,0.0,0.0,0.0,0.0,0.005649717514124294,0.0,0.0,0.0,0.0,0.0
SRR521238,0.0051813471502590676,0.13989637305699482,0.010362694300518135,0.0,0.0051813471502590676,0.0,0.0,0.0,0.0,0.0051813471502590676,0.0051813471502590676,0.0,0.010362694300518135,0.0,0.0051813471502590676,0.010362694300518135,0.0051813471502590676,0.0,0.0,0.0051813471502590676,0.0,0.0051813471502590676,0.12953367875647667,0.02590673575129533,0.056994818652849735,0.04145077720207254,0.1088082901554404,0.1865284974093264,0.0051813471502590676,0.0,0.0,0.02590673575129533,0.0,0.0051813471502590676,0.0,0.0,0.0,0.0,0.046632124352331605,0.015544041450777204,0.0051813471502590676,0.02072538860103627,0.0,0.0051813471502590676,0.0,0.0,0.0051813471502590676,0.0,0.010362694300518135,0.0,0.0,0.0,0.0,0.0,0.0,0.0,0.0,0.0,0.0051813471502590676,0.0,0.0,0.0,0.0,0.0,0.0,0.0051813471502590676,0.0051813471502590676,0.0,0.0,0.02590673575129533,0.0,0.0,0.0051813471502590676,0.0,0.0,0.0,0.0,0.0,0.0,0.0,0.0,0.0,0.0,0.0051813471502590676,0.0,0.0,0.0051813471502590676,0.0,0.0,0.0,0.0,0.0,0.010362694300518135,0.0,0.0,0.0,0.0051813471502590676,0.0,0.010362694300518135,0.0051813471502590676,0.0,0.0,0.0,0.0,0.0,0.0
SRR521223,0.010752688172043013,0.1720430107526882,0.04301075268817205,0.0,0.005376344086021507,0.0,0.0,0.0,0.0,0.0,0.0,0.0,0.005376344086021507,0.0,0.0,0.0,0.0,0.0,0.0,0.0,0.005376344086021507,0.0,0.08064516129032258,0.04301075268817205,0.021505376344086027,0.0,0.06989247311827956,0.1129032258064516,0.0,0.016129032258064516,0.010752688172043013,0.021505376344086027,0.0,0.010752688172043013,0.010752688172043013,0.0,0.0,0.0,0.14516129032258066,0.005376344086021507,0.016129032258064516,0.03225806451612903,0.005376344086021507,0.0,0.005376344086021507,0.021505376344086027,0.0,0.005376344086021507,0.010752688172043013,0.0,0.0,0.0,0.0,0.0,0.005376344086021507,0.005376344086021507,0.0,0.0,0.0,0.0,0.0,0.0,0.0,0.0,0.0,0.0,0.0,0.005376344086021507,0.0,0.010752688172043013,0.005376344086021507,0.0,0.021505376344086027,0.0,0.0,0.0,0.0,0.0,0.0,0.0,0.0,0.0,0.0,0.0,0.016129032258064516,0.0,0.0,0.0,0.0,0.0,0.0,0.0,0.0,0.0,0.016129032258064516,0.0,0.010752688172043013,0.0,0.0,0.0,0.0,0.0,0.010752688172043013,0.0,0.0,0.0
SRR521254,0.002304147465437788,0.034562211981566816,0.009216589861751152,0.002304147465437788,0.004608294930875576,0.0,0.0,0.002304147465437788,0.004608294930875576,0.002304147465437788,0.0,0.0069124423963133645,0.02073732718894009,0.002304147465437788,0.0069124423963133645,0.013824884792626729,0.0069124423963133645,0.0069124423963133645,0.0,0.0,0.0,0.002304147465437788,0.09907834101382487,0.029953917050691243,0.04147465437788018,0.009216589861751152,0.029953917050691243,0.009216589861751152,0.002304147465437788,0.0,0.002304147465437788,0.002304147465437788,0.0069124423963133645,0.002304147465437788,0.0,0.002304147465437788,0.0,0.0069124423963133645,0.029953917050691243,0.05069124423963134,0.036866359447004615,0.0069124423963133645,0.0,0.002304147465437788,0.036866359447004615,0.0,0.0,0.0,0.0069124423963133645,0.0,0.0,0.0,0.004608294930875576,0.004608294930875576,0.029953917050691243,0.018433179723502304,0.0,0.0,0.06221198156682028,0.0,0.0,0.0,0.002304147465437788,0.0,0.0,0.009216589861751152,0.0,0.002304147465437788,0.0,0.02304147465437788,0.0,0.002304147465437788,0.18433179723502305,0.002304147465437788,0.0,0.004608294930875576,0.0,0.002304147465437788,0.002304147465437788,0.0,0.0,0.002304147465437788,0.0,0.018433179723502304,0.013824884792626729,0.004608294930875576,0.002304147465437788,0.0069124423963133645,0.0,0.0069124423963133645,0.0,0.0,0.004608294930875576,0.0,0.002304147465437788,0.0,0.0,0.0,0.018433179723502304,0.009216589861751152,0.004608294930875576,0.0,0.0,0.0,0.002304147465437788,0.0
SRR521249,0.007556675062972292,0.04785894206549118,0.010075566750629723,0.012594458438287154,0.0,0.0,0.0,0.0025188916876574307,0.0,0.0,0.0,0.0,0.0025188916876574307,0.0,0.0,0.007556675062972292,0.0,0.0,0.0,0.0025188916876574307,0.0,0.0,0.03778337531486146,0.012594458438287154,0.007556675062972292,0.0,0.007556675062972292,0.007556675062972292,0.0025188916876574307,0.0025188916876574307,0.0,0.005037783375314861,0.007556675062972292,0.0025188916876574307,0.0,0.0025188916876574307,0.0,0.005037783375314861,0.017632241813602016,0.017632241813602016,0.05793450881612091,0.0,0.0,0.0,0.14357682619647355,0.0,0.0,0.0,0.0,0.0,0.0,0.005037783375314861,0.005037783375314861,0.0025188916876574307,0.020151133501259445,0.005037783375314861,0.017632241813602016,0.005037783375314861,0.0,0.0,0.0,0.0,0.0025188916876574307,0.0,0.0025188916876574307,0.007556675062972292,0.0,0.020151133501259445,0.0,0.13602015113350127,0.0025188916876574307,0.0025188916876574307,0.1561712846347607,0.005037783375314861,0.0,0.010075566750629723,0.0,0.005037783375314861,0.010075566750629723,0.0,0.010075566750629723,0.0025188916876574307,0.005037783375314861,0.005037783375314861,0.017632241813602016,0.012594458438287154,0.0025188916876574307,0.005037783375314861,0.0025188916876574307,0.007556675062972292,0.0,0.0,0.005037783375314861,0.0,0.010075566750629723,0.0025188916876574307,0.0025188916876574307,0.0,0.005037783375314861,0.0,0.010075566750629723,0.0025188916876574307,0.007556675062972292,0.0,0.007556675062972292,0.0
SRR521247,0.01694915254237288,0.08135593220338982,0.013559322033898305,0.010169491525423728,0.0,0.0,0.0,0.003389830508474576,0.0,0.003389830508474576,0.0,0.0,0.006779661016949152,0.0,0.006779661016949152,0.006779661016949152,0.0,0.0,0.003389830508474576,0.0,0.003389830508474576,0.0,0.006779661016949152,0.006779661016949152,0.04067796610169491,0.0,0.061016949152542375,0.02711864406779661,0.003389830508474576,0.003389830508474576,0.010169491525423728,0.01694915254237288,0.003389830508474576,0.01694915254237288,0.0,0.0,0.0,0.003389830508474576,0.05423728813559322,0.02711864406779661,0.03728813559322034,0.010169491525423728,0.0,0.0,0.06779661016949153,0.06440677966101695,0.0,0.0,0.013559322033898305,0.0,0.0,0.0,0.0,0.003389830508474576,0.04406779661016949,0.003389830508474576,0.0,0.020338983050847456,0.0,0.0,0.0,0.0,0.0,0.003389830508474576,0.0,0.0,0.0,0.0,0.0,0.01694915254237288,0.0,0.0,0.17966101694915254,0.0,0.0,0.0,0.0,0.0,0.0,0.0,0.0,0.0,0.0,0.006779661016949152,0.010169491525423728,0.04745762711864407,0.0,0.0,0.003389830508474576,0.0,0.0,0.0,0.003389830508474576,0.0,0.0,0.0,0.0,0.0,0.0,0.0,0.0,0.0,0.0,0.0,0.0,0.0
SRR521265,0.009146341463414634,0.11280487804878048,0.03353658536585366,0.0,0.003048780487804878,0.0,0.006097560975609756,0.006097560975609756,0.0,0.0,0.0,0.003048780487804878,0.012195121951219513,0.0,0.0,0.0,0.0,0.0,0.0,0.0,0.0,0.003048780487804878,0.1402439024390244,0.10365853658536583,0.051829268292682924,0.0,0.03048780487804878,0.03658536585365853,0.006097560975609756,0.0,0.003048780487804878,0.009146341463414634,0.0,0.006097560975609756,0.003048780487804878,0.0,0.0,0.0,0.027439024390243903,0.01524390243902439,0.03048780487804878,0.0,0.003048780487804878,0.003048780487804878,0.054878048780487805,0.003048780487804878,0.0,0.0,0.003048780487804878,0.0,0.0,0.0,0.006097560975609756,0.009146341463414634,0.0701219512195122,0.006097560975609756,0.003048780487804878,0.012195121951219513,0.003048780487804878,0.0,0.0,0.0,0.0,0.0,0.003048780487804878,0.003048780487804878,0.0,0.003048780487804878,0.0,0.009146341463414634,0.0,0.003048780487804878,0.04573170731707317,0.0,0.0,0.012195121951219513,0.0,0.0,0.003048780487804878,0.003048780487804878,0.003048780487804878,0.0,0.006097560975609756,0.006097560975609756,0.012195121951219513,0.009146341463414634,0.0,0.006097560975609756,0.0,0.0,0.0,0.003048780487804878,0.006097560975609756,0.0,0.0,0.0,0.0,0.0,0.006097560975609756,0.0,0.009146341463414634,0.003048780487804878,0.0,0.0,0.0,0.003048780487804878
SRR521202,0.004149377593360996,0.1078838174273859,0.016597510373443983,0.0,0.0,0.0,0.0,0.0,0.0,0.0,0.0,0.0,0.004149377593360996,0.0,0.0,0.004149377593360996,0.0,0.0,0.0,0.0,0.0,0.004149377593360996,0.07883817427385892,0.04564315352697095,0.12448132780082988,0.008298755186721992,0.07053941908713693,0.04979253112033195,0.004149377593360996,0.0,0.004149377593360996,0.004149377593360996,0.008298755186721992,0.03319502074688797,0.0,0.0,0.0,0.0,0.03734439834024896,0.02904564315352697,0.14937759336099585,0.03319502074688797,0.008298755186721992,0.0,0.004149377593360996,0.020746887966804982,0.0,0.0,0.008298755186721992,0.0,0.0,0.0,0.004149377593360996,0.0,0.008298755186721992,0.004149377593360996,0.0,0.0,0.012448132780082987,0.0,0.0,0.0,0.0,0.004149377593360996,0.0,0.004149377593360996,0.004149377593360996,0.0,0.004149377593360996,0.024896265560165973,0.0,0.0,0.024896265560165973,0.0,0.0,0.004149377593360996,0.0,0.004149377593360996,0.0,0.0,0.0,0.0,0.004149377593360996,0.0,0.0,0.0,0.0,0.0,0.0,0.0,0.0,0.0,0.004149377593360996,0.0,0.0,0.0,0.004149377593360996,0.0,0.008298755186721992,0.0,0.004149377593360996,0.0,0.0,0.0,0.004149377593360996,0.0
SRR521241,0.008875739644970414,0.09763313609467457,0.01183431952662722,0.005917159763313609,0.0,0.002958579881656805,0.0,0.0,0.005917159763313609,0.002958579881656805,0.005917159763313609,0.0,0.0,0.0,0.002958579881656805,0.005917159763313609,0.0,0.0,0.002958579881656805,0.002958579881656805,0.002958579881656805,0.0,0.038461538461538464,0.014792899408284025,0.0621301775147929,0.0,0.05325443786982249,0.02366863905325444,0.017751479289940832,0.0,0.005917159763313609,0.005917159763313609,0.002958579881656805,0.002958579881656805,0.0,0.0,0.002958579881656805,0.0,0.04437869822485207,0.04437869822485207,0.0621301775147929,0.002958579881656805,0.002958579881656805,0.0,0.02071005917159764,0.02958579881656805,0.002958579881656805,0.0,0.005917159763313609,0.002958579881656805,0.0,0.0,0.0,0.01183431952662722,0.038461538461538464,0.002958579881656805,0.0,0.002958579881656805,0.0,0.0,0.0,0.0,0.0,0.0,0.005917159763313609,0.0,0.0,0.002958579881656805,0.0,0.02071005917159764,0.0,0.005917159763313609,0.16272189349112426,0.0,0.0,0.0,0.0,0.0,0.0,0.0,0.002958579881656805,0.005917159763313609,0.0,0.005917159763313609,0.014792899408284025,0.0650887573964497,0.008875739644970414,0.0,0.0,0.0,0.0,0.002958579881656805,0.0,0.002958579881656805,0.0,0.0,0.0,0.0,0.0,0.0,0.01183431952662722,0.0,0.0,0.0,0.002958579881656805,0.0
SRR521260,0.004291845493562232,0.12446351931330472,0.02145922746781116,0.004291845493562232,0.0,0.0,0.0,0.0,0.008583690987124462,0.0,0.0,0.0,0.0,0.0,0.0,0.0,0.0,0.0,0.0,0.0,0.0,0.0,0.21888412017167386,0.06866952789699571,0.0,0.0,0.06866952789699571,0.03862660944206009,0.004291845493562232,0.0,0.008583690987124462,0.004291845493562232,0.0,0.008583690987124462,0.0,0.004291845493562232,0.004291845493562232,0.0,0.03433476394849785,0.11587982832618025,0.06866952789699571,0.02145922746781116,0.0,0.0,0.004291845493562232,0.004291845493562232,0.0,0.0,0.004291845493562232,0.0,0.0,0.004291845493562232,0.0,0.0,0.0,0.0,0.0,0.0,0.012875536480686695,0.0,0.0,0.0,0.017167381974248927,0.0,0.0,0.0,0.0,0.0,0.004291845493562232,0.017167381974248927,0.0,0.0,0.03862660944206009,0.0,0.0,0.0,0.0,0.0,0.0,0.0,0.0,0.0,0.0,0.017167381974248927,0.03433476394849785,0.0,0.0,0.0,0.0,0.0,0.0,0.0,0.0,0.0,0.0,0.0,0.0,0.0,0.0,0.0,0.0,0.0,0.0,0.0,0.0,0.0
SRR521230,0.007800312012480499,0.0358814352574103,0.0062402496099844,0.0046801872074883,0.0015600624024961,0.0,0.0015600624024961,0.0031201248049922,0.0015600624024961,0.0,0.0015600624024961,0.0,0.0,0.0031201248049922,0.0,0.0093603744149766,0.0015600624024961,0.0,0.0,0.0,0.0015600624024961,0.0,0.0109204368174727,0.0015600624024961,0.0062402496099844,0.0,0.0124804992199688,0.007800312012480499,0.0,0.0015600624024961,0.0,0.0015600624024961,0.0015600624024961,0.0,0.0,0.0015600624024961,0.0,0.0109204368174727,0.0140405616224649,0.0124804992199688,0.0202808112324493,0.0109204368174727,0.0,0.0,0.11700468018720747,0.0031201248049922,0.0,0.0015600624024961,0.0046801872074883,0.0,0.0,0.0,0.007800312012480499,0.0015600624024961,0.007800312012480499,0.0093603744149766,0.0,0.0031201248049922,0.0,0.0,0.0,0.0,0.0,0.0015600624024961,0.0015600624024961,0.0234009360374415,0.0,0.0015600624024961,0.0031201248049922,0.0358814352574103,0.0,0.0031201248049922,0.3042121684867395,0.0140405616224649,0.0015600624024961,0.0171606864274571,0.0140405616224649,0.0187207488299532,0.007800312012480499,0.0046801872074883,0.0093603744149766,0.0062402496099844,0.0124804992199688,0.0343213728549142,0.0374414976599064,0.0265210608424337,0.0093603744149766,0.0015600624024961,0.0031201248049922,0.0046801872074883,0.0015600624024961,0.0,0.0109204368174727,0.0015600624024961,0.0015600624024961,0.0031201248049922,0.0015600624024961,0.0,0.0,0.0015600624024961,0.0015600624024961,0.0015600624024961,0.0062402496099844,0.0,0.0046801872074883,0.0
SRR521208,0.02030456852791878,0.10152284263959392,0.02538071065989848,0.005076142131979695,0.0,0.0,0.0,0.0,0.005076142131979695,0.0,0.0,0.0,0.005076142131979695,0.0,0.0,0.005076142131979695,0.0,0.0,0.0,0.0,0.0,0.0,0.09137055837563453,0.01015228426395939,0.1116751269035533,0.0,0.07614213197969544,0.05076142131979696,0.0,0.005076142131979695,0.005076142131979695,0.0,0.01015228426395939,0.015228426395939087,0.01015228426395939,0.0,0.0,0.0,0.0964467005076142,0.02538071065989848,0.05583756345177665,0.005076142131979695,0.01015228426395939,0.0,0.05076142131979696,0.0,0.0,0.0,0.0,0.0,0.0,0.0,0.005076142131979695,0.0,0.005076142131979695,0.0,0.0,0.0,0.0,0.0,0.0,0.0,0.0,0.0,0.0,0.02538071065989848,0.01015228426395939,0.0,0.0,0.03553299492385787,0.0,0.0,0.05076142131979696,0.005076142131979695,0.0,0.005076142131979695,0.0,0.0,0.0,0.0,0.0,0.0,0.005076142131979695,0.0,0.015228426395939087,0.0,0.0,0.0,0.005076142131979695,0.005076142131979695,0.0,0.0,0.0,0.005076142131979695,0.005076142131979695,0.0,0.0,0.0,0.0,0.0,0.005076142131979695,0.0,0.0,0.0,0.0,0.0
SRR521224,0.03225806451612903,0.17419354838709675,0.025806451612903226,0.0064516129032258064,0.0,0.0,0.0,0.0,0.0,0.0,0.0,0.0,0.0064516129032258064,0.0,0.0,0.012903225806451613,0.0,0.0,0.0,0.0064516129032258064,0.0064516129032258064,0.0064516129032258064,0.07741935483870968,0.03225806451612903,0.07741935483870968,0.01935483870967742,0.12903225806451613,0.03225806451612903,0.0,0.0,0.0064516129032258064,0.0,0.0064516129032258064,0.012903225806451613,0.0,0.012903225806451613,0.0064516129032258064,0.0,0.05161290322580645,0.0,0.07741935483870968,0.012903225806451613,0.0,0.0,0.0064516129032258064,0.03225806451612903,0.0,0.0,0.01935483870967742,0.0,0.0,0.0,0.0,0.0064516129032258064,0.0,0.0,0.0,0.0,0.01935483870967742,0.0,0.0,0.0,0.0,0.0,0.0,0.0064516129032258064,0.0,0.0,0.0,0.0064516129032258064,0.0,0.0,0.01935483870967742,0.0064516129032258064,0.0,0.0,0.0,0.0,0.0,0.0,0.0,0.0,0.0064516129032258064,0.0,0.0,0.0,0.0,0.0,0.0,0.0,0.0,0.025806451612903226,0.0,0.0,0.0,0.0,0.0,0.0,0.0064516129032258064,0.0,0.0,0.0,0.0,0.0,0.0,0.0
SRR521239,0.007117437722419929,0.09608540925266904,0.017793594306049824,0.007117437722419929,0.0,0.0,0.007117437722419929,0.0035587188612099642,0.0,0.0,0.0,0.0,0.0,0.0,0.0,0.007117437722419929,0.0,0.0,0.0035587188612099642,0.0035587188612099642,0.0,0.0,0.11387900355871886,0.017793594306049824,0.014234875444839857,0.0,0.028469750889679717,0.07473309608540925,0.0,0.007117437722419929,0.007117437722419929,0.0035587188612099642,0.0,0.0035587188612099642,0.0035587188612099642,0.0,0.0,0.0,0.03558718861209965,0.046263345195729534,0.06761565836298933,0.028469750889679717,0.0035587188612099642,0.0,0.028469750889679717,0.017793594306049824,0.0,0.0,0.0,0.0035587188612099642,0.0,0.0,0.0,0.014234875444839857,0.014234875444839857,0.0,0.028469750889679717,0.06405693950177936,0.0,0.0,0.0,0.0,0.0,0.0035587188612099642,0.0,0.0035587188612099642,0.014234875444839857,0.0,0.007117437722419929,0.028469750889679717,0.0035587188612099642,0.007117437722419929,0.0498220640569395,0.0035587188612099642,0.0,0.0,0.0,0.0,0.0,0.0,0.0035587188612099642,0.0,0.0,0.0035587188612099642,0.0035587188612099642,0.010676156583629894,0.0035587188612099642,0.0,0.0,0.0035587188612099642,0.0,0.0,0.0,0.0,0.0,0.0,0.0035587188612099642,0.0,0.0,0.0035587188612099642,0.010676156583629894,0.0,0.0,0.0,0.0,0.0
SRR521244,0.017167381974248927,0.09871244635193133,0.017167381974248927,0.0,0.0,0.0,0.0,0.0,0.0,0.0,0.0,0.0,0.0,0.0,0.0,0.008583690987124462,0.0,0.0,0.004291845493562232,0.0,0.0,0.0,0.21030042918454936,0.06437768240343347,0.0,0.03862660944206009,0.07725321888412018,0.07296137339055794,0.012875536480686695,0.0,0.0,0.0,0.0,0.004291845493562232,0.008583690987124462,0.0,0.0,0.0,0.06008583690987125,0.008583690987124462,0.004291845493562232,0.05150214592274678,0.008583690987124462,0.0,0.004291845493562232,0.008583690987124462,0.0,0.0,0.02145922746781116,0.0,0.0,0.0,0.004291845493562232,0.004291845493562232,0.02145922746781116,0.02145922746781116,0.0,0.004291845493562232,0.05150214592274678,0.004291845493562232,0.0,0.0,0.008583690987124462,0.0,0.0,0.0,0.004291845493562232,0.0,0.004291845493562232,0.017167381974248927,0.0,0.0,0.012875536480686695,0.004291845493562232,0.0,0.0,0.0,0.0,0.0,0.0,0.0,0.0,0.0,0.004291845493562232,0.0,0.0,0.004291845493562232,0.004291845493562232,0.0,0.0,0.0,0.0,0.0,0.0,0.0,0.0,0.004291845493562232,0.0,0.0,0.0,0.0,0.0,0.004291845493562232,0.0,0.0,0.0
SRR521257,0.0084985835694051,0.06232294617563739,0.0169971671388102,0.0028328611898017,0.0,0.0,0.0028328611898017,0.0,0.0,0.0,0.0,0.0028328611898017,0.0113314447592068,0.0,0.0,0.0084985835694051,0.0028328611898017,0.0,0.0,0.0,0.0028328611898017,0.0,0.056657223796034,0.019830028328611898,0.025495750708215296,0.0,0.042492917847025496,0.0169971671388102,0.0028328611898017,0.0056657223796034,0.0,0.0084985835694051,0.0,0.0056657223796034,0.0028328611898017,0.0,0.0,0.0028328611898017,0.0396600566572238,0.06232294617563739,0.12464589235127478,0.0,0.0,0.0,0.036827195467422094,0.0084985835694051,0.0,0.0,0.0113314447592068,0.0,0.0,0.0028328611898017,0.0028328611898017,0.0,0.019830028328611898,0.019830028328611898,0.0,0.0,0.0764872521246459,0.0028328611898017,0.0,0.0,0.0028328611898017,0.0,0.0,0.0,0.0028328611898017,0.0,0.0,0.0396600566572238,0.0,0.0,0.141643059490085,0.0,0.0056657223796034,0.0056657223796034,0.0,0.0028328611898017,0.0056657223796034,0.0028328611898017,0.0,0.0028328611898017,0.0,0.0113314447592068,0.0028328611898017,0.0,0.0056657223796034,0.0,0.0,0.0084985835694051,0.0,0.0,0.0028328611898017,0.0,0.0,0.0,0.0,0.0,0.0056657223796034,0.0056657223796034,0.0028328611898017,0.0,0.0028328611898017,0.0028328611898017,0.0028328611898017,0.0
SRR521246,0.021164021164021163,0.15873015873015872,0.07407407407407407,0.0,0.0,0.0,0.0,0.01058201058201058,0.01058201058201058,0.01058201058201058,0.0,0.0,0.005291005291005291,0.0,0.01058201058201058,0.0,0.0,0.01058201058201058,0.0,0.0,0.005291005291005291,0.005291005291005291,0.0,0.0,0.0,0.0,0.06349206349206349,0.026455026455026454,0.0,0.0,0.0,0.005291005291005291,0.0,0.01058201058201058,0.0,0.0,0.0,0.0,0.12698412698412698,0.0,0.0,0.0,0.0,0.0,0.0582010582010582,0.01058201058201058,0.0,0.005291005291005291,0.005291005291005291,0.005291005291005291,0.0,0.0,0.0,0.0,0.005291005291005291,0.0,0.0,0.0,0.0,0.005291005291005291,0.0,0.0,0.0,0.0,0.005291005291005291,0.005291005291005291,0.0,0.005291005291005291,0.0,0.0,0.0,0.0,0.21693121693121686,0.0,0.0,0.0,0.0,0.0,0.0,0.0,0.005291005291005291,0.0,0.005291005291005291,0.0,0.021164021164021163,0.0,0.005291005291005291,0.01058201058201058,0.0,0.01058201058201058,0.005291005291005291,0.0,0.031746031746031744,0.0,0.0,0.0,0.0,0.0,0.0,0.005291005291005291,0.0,0.0,0.0,0.0,0.01058201058201058,0.0
SRR521235,0.0020161290322580645,0.058467741935483875,0.010080645161290322,0.010080645161290322,0.0,0.0,0.0,0.0,0.0020161290322580645,0.004032258064516129,0.0,0.0,0.0,0.0020161290322580645,0.012096774193548387,0.0020161290322580645,0.0,0.0020161290322580645,0.0,0.0,0.0020161290322580645,0.0,0.0,0.0,0.0,0.0,0.014112903225806453,0.016129032258064516,0.0020161290322580645,0.0020161290322580645,0.0020161290322580645,0.008064516129032258,0.006048387096774193,0.006048387096774193,0.0020161290322580645,0.0,0.0,0.004032258064516129,0.010080645161290322,0.0,0.0,0.0,0.0020161290322580645,0.0,0.08669354838709678,0.004032258064516129,0.0,0.0,0.0020161290322580645,0.0,0.0,0.0,0.0,0.004032258064516129,0.014112903225806453,0.0,0.0020161290322580645,0.008064516129032258,0.0,0.0,0.010080645161290322,0.0,0.0,0.0,0.010080645161290322,0.018145161290322585,0.0,0.0,0.0,0.0020161290322580645,0.0020161290322580645,0.0,0.4778225806451613,0.020161290322580645,0.0020161290322580645,0.0020161290322580645,0.0020161290322580645,0.0,0.0,0.006048387096774193,0.018145161290322585,0.0,0.004032258064516129,0.008064516129032258,0.012096774193548387,0.0020161290322580645,0.004032258064516129,0.004032258064516129,0.0,0.0020161290322580645,0.0,0.0,0.02620967741935484,0.0,0.004032258064516129,0.0,0.008064516129032258,0.004032258064516129,0.0,0.0,0.0,0.0,0.006048387096774193,0.0,0.008064516129032258,0.0
SRR521259,0.008064516129032258,0.12903225806451613,0.028225806451612906,0.012096774193548387,0.0,0.0,0.0,0.0,0.0,0.0,0.0,0.0,0.0,0.0,0.0,0.004032258064516129,0.0,0.0,0.0,0.004032258064516129,0.004032258064516129,0.004032258064516129,0.2338709677419355,0.024193548387096774,0.0,0.008064516129032258,0.0967741935483871,0.06854838709677419,0.004032258064516129,0.0,0.0,0.016129032258064516,0.008064516129032258,0.008064516129032258,0.0,0.0,0.0,0.004032258064516129,0.06451612903225806,0.004032258064516129,0.008064516129032258,0.05645161290322581,0.008064516129032258,0.0,0.016129032258064516,0.020161290322580645,0.0,0.0,0.024193548387096774,0.0,0.0,0.0,0.0,0.008064516129032258,0.004032258064516129,0.0,0.0,0.0,0.0,0.0,0.0,0.0,0.0,0.0,0.0,0.004032258064516129,0.0,0.0,0.0,0.04032258064516129,0.0,0.0,0.03629032258064517,0.0,0.0,0.0,0.0,0.004032258064516129,0.0,0.0,0.0,0.0,0.0,0.0,0.008064516129032258,0.0,0.0,0.0,0.0,0.0,0.0,0.0,0.0,0.0,0.0,0.0,0.0,0.0,0.016129032258064516,0.004032258064516129,0.0,0.0,0.0,0.0,0.0,0.0
SRR521204,0.018867924528301886,0.18238993710691825,0.025157232704402517,0.006289308176100629,0.0,0.012578616352201259,0.0,0.0,0.0,0.0,0.0,0.0,0.0,0.0,0.006289308176100629,0.031446540880503145,0.0,0.0,0.0,0.0,0.0,0.0,0.06289308176100629,0.03773584905660377,0.012578616352201259,0.0,0.13836477987421386,0.09433962264150944,0.012578616352201259,0.0,0.006289308176100629,0.006289308176100629,0.012578616352201259,0.006289308176100629,0.006289308176100629,0.0,0.0,0.0,0.10062893081761007,0.0,0.0,0.006289308176100629,0.012578616352201259,0.0,0.018867924528301886,0.031446540880503145,0.0,0.0,0.006289308176100629,0.0,0.006289308176100629,0.0,0.0,0.0,0.006289308176100629,0.006289308176100629,0.0,0.0,0.0,0.0,0.0,0.0,0.0,0.0,0.025157232704402517,0.0,0.018867924528301886,0.0,0.0,0.012578616352201259,0.0,0.0,0.018867924528301886,0.0,0.0,0.0,0.0,0.0,0.0,0.0,0.0,0.0,0.0,0.0,0.025157232704402517,0.0,0.0,0.0,0.0,0.0,0.0,0.0,0.0,0.0,0.0,0.0,0.012578616352201259,0.0,0.0,0.0,0.0,0.0,0.0,0.0,0.0,0.0
SRR521262,0.0,0.11458333333333333,0.010416666666666666,0.010416666666666666,0.0,0.005208333333333333,0.0,0.0,0.0,0.0,0.005208333333333333,0.0,0.0,0.0,0.0,0.010416666666666666,0.0,0.0,0.005208333333333333,0.0,0.015625,0.0,0.052083333333333336,0.005208333333333333,0.0,0.005208333333333333,0.125,0.046875,0.005208333333333333,0.005208333333333333,0.010416666666666666,0.010416666666666666,0.010416666666666666,0.005208333333333333,0.0,0.0,0.0,0.0,0.08854166666666667,0.010416666666666666,0.10416666666666667,0.005208333333333333,0.0,0.0,0.010416666666666666,0.015625,0.0,0.005208333333333333,0.010416666666666666,0.0,0.0,0.010416666666666666,0.0,0.026041666666666668,0.010416666666666666,0.010416666666666666,0.0,0.0,0.03125,0.0,0.0,0.0,0.005208333333333333,0.015625,0.0,0.0,0.0,0.0,0.0,0.036458333333333336,0.0,0.0,0.078125,0.0,0.0,0.0,0.0,0.010416666666666666,0.0,0.0,0.0,0.0,0.0,0.005208333333333333,0.015625,0.0,0.0,0.0,0.0,0.0,0.0,0.0,0.0,0.0,0.0,0.005208333333333333,0.0,0.0,0.0,0.0,0.0,0.0,0.0,0.0,0.0,0.0
SRR521252,0.006420545746388443,0.04173354735152488,0.003210272873194221,0.006420545746388443,0.0,0.0,0.0,0.0016051364365971107,0.0,0.004815409309791332,0.0,0.0,0.0,0.006420545746388443,0.0,0.016051364365971106,0.0,0.011235955056179777,0.0016051364365971107,0.0,0.0,0.0016051364365971107,0.0,0.0,0.0,0.0,0.012841091492776886,0.016051364365971106,0.0,0.0,0.003210272873194221,0.0,0.0016051364365971107,0.004815409309791332,0.0,0.0,0.0016051364365971107,0.009630818619582664,0.014446227929373997,0.0,0.0,0.0,0.0,0.0,0.05457463884430177,0.0016051364365971107,0.0016051364365971107,0.0,0.003210272873194221,0.0,0.0,0.0,0.0,0.0,0.0,0.0,0.0,0.0,0.0,0.0,0.003210272873194221,0.0,0.0,0.0,0.004815409309791332,0.003210272873194221,0.0016051364365971107,0.0,0.003210272873194221,0.0,0.0016051364365971107,0.0,0.5377207062600321,0.0,0.0,0.0,0.0,0.0,0.003210272873194221,0.0,0.0016051364365971107,0.0,0.012841091492776886,0.014446227929373997,0.12680577849117175,0.0016051364365971107,0.003210272873194221,0.004815409309791332,0.003210272873194221,0.027287319422150885,0.0,0.0,0.004815409309791332,0.0016051364365971107,0.0,0.0,0.0016051364365971107,0.0016051364365971107,0.0,0.0,0.0,0.0,0.003210272873194221,0.0,0.0016051364365971107,0.0
SRR521245,0.008048289738430584,0.06841046277665996,0.01006036217303823,0.0,0.0,0.0,0.0,0.0,0.0,0.002012072434607646,0.0,0.002012072434607646,0.004024144869215292,0.0,0.0,0.022132796780684104,0.0,0.006036217303822936,0.0,0.0,0.0,0.0,0.16901408450704225,0.018108651911468814,0.0,0.0,0.028169014084507043,0.0261569416498994,0.01006036217303823,0.004024144869215292,0.002012072434607646,0.0,0.0,0.002012072434607646,0.0,0.002012072434607646,0.0,0.004024144869215292,0.02414486921529175,0.0,0.0261569416498994,0.004024144869215292,0.004024144869215292,0.0,0.07243460764587525,0.004024144869215292,0.0,0.0,0.004024144869215292,0.0,0.002012072434607646,0.0,0.0,0.01006036217303823,0.0,0.0,0.0,0.0,0.0,0.0,0.0,0.002012072434607646,0.0,0.002012072434607646,0.004024144869215292,0.01006036217303823,0.01006036217303823,0.0,0.008048289738430584,0.0,0.0,0.002012072434607646,0.2917505030181087,0.008048289738430584,0.004024144869215292,0.0,0.0,0.0,0.0,0.002012072434607646,0.002012072434607646,0.002012072434607646,0.012072434607645876,0.002012072434607646,0.022132796780684104,0.02012072434607646,0.002012072434607646,0.0,0.006036217303822936,0.012072434607645876,0.0,0.002012072434607646,0.01609657947686117,0.0,0.004024144869215292,0.002012072434607646,0.0,0.0,0.0,0.0,0.002012072434607646,0.0,0.0,0.0,0.0,0.0
SRR521206,0.015463917525773196,0.14432989690721648,0.020618556701030927,0.0,0.0,0.0,0.0,0.0,0.005154639175257732,0.0,0.0,0.0,0.0,0.0,0.0,0.005154639175257732,0.0,0.0,0.0,0.0,0.0,0.0,0.020618556701030927,0.05154639175257732,0.15463917525773194,0.0,0.07216494845360824,0.061855670103092786,0.010309278350515464,0.0,0.0,0.0,0.010309278350515464,0.0,0.0,0.0,0.0,0.0,0.03608247422680412,0.07731958762886597,0.13402061855670105,0.030927835051546393,0.005154639175257732,0.0,0.010309278350515464,0.0,0.005154639175257732,0.0,0.010309278350515464,0.0,0.0,0.005154639175257732,0.0,0.0,0.0,0.0,0.0,0.0,0.0,0.0,0.0,0.0,0.0,0.0,0.0,0.0,0.005154639175257732,0.0,0.0,0.010309278350515464,0.0,0.005154639175257732,0.03608247422680412,0.0,0.0,0.0,0.0,0.0,0.0,0.0,0.0,0.0,0.0,0.0,0.0,0.0,0.0,0.0,0.0,0.0,0.0,0.0,0.0,0.0,0.0,0.0,0.0,0.0,0.030927835051546393,0.005154639175257732,0.0,0.0,0.005154639175257732,0.0,0.005154639175257732,0.0
SRR521258,0.014245014245014244,0.06837606837606837,0.037037037037037035,0.0,0.0,0.0,0.0,0.0028490028490028487,0.0028490028490028487,0.0028490028490028487,0.0,0.0028490028490028487,0.0,0.0,0.0,0.014245014245014244,0.0,0.0,0.0,0.008547008547008548,0.0,0.0028490028490028487,0.1452991452991453,0.04558404558404559,0.17094017094017094,0.011396011396011395,0.056980056980056974,0.042735042735042736,0.005698005698005697,0.008547008547008548,0.011396011396011395,0.022792022792022797,0.0,0.02564102564102564,0.0,0.0,0.0,0.0,0.022792022792022797,0.039886039886039885,0.022792022792022797,0.005698005698005697,0.0,0.0,0.02564102564102564,0.0028490028490028487,0.0,0.0,0.008547008547008548,0.0028490028490028487,0.0028490028490028487,0.0,0.0,0.005698005698005697,0.0028490028490028487,0.0028490028490028487,0.0,0.0028490028490028487,0.0028490028490028487,0.0,0.0,0.0,0.0,0.0,0.0,0.0028490028490028487,0.0,0.0,0.0,0.014245014245014244,0.0,0.0,0.05128205128205128,0.0028490028490028487,0.0,0.0,0.0,0.0,0.0,0.0,0.0028490028490028487,0.005698005698005697,0.0028490028490028487,0.014245014245014244,0.011396011396011395,0.0,0.0028490028490028487,0.0028490028490028487,0.0,0.0,0.0,0.0,0.0,0.0,0.0028490028490028487,0.0,0.0,0.0,0.0,0.008547008547008548,0.005698005698005697,0.0,0.0,0.0,0.0028490028490028487,0.005698005698005697
SRR521242,0.034324942791762014,0.10983981693363844,0.011441647597254004,0.009153318077803205,0.0022883295194508014,0.0,0.0,0.004576659038901603,0.0022883295194508014,0.0,0.0,0.0022883295194508014,0.006864988558352402,0.0,0.0022883295194508014,0.004576659038901603,0.0022883295194508014,0.0,0.0,0.0,0.0,0.0,0.06407322654462243,0.013729977116704805,0.011441647597254004,0.0,0.034324942791762014,0.009153318077803205,0.0022883295194508014,0.0022883295194508014,0.0,0.004576659038901603,0.004576659038901603,0.009153318077803205,0.0022883295194508014,0.0,0.0,0.004576659038901603,0.029748283752860413,0.006864988558352402,0.032036613272311214,0.0,0.004576659038901603,0.0,0.10068649885583524,0.004576659038901603,0.0022883295194508014,0.0,0.004576659038901603,0.0,0.0022883295194508014,0.0022883295194508014,0.004576659038901603,0.006864988558352402,0.011441647597254004,0.0,0.0,0.009153318077803205,0.0,0.0022883295194508014,0.0022883295194508014,0.0022883295194508014,0.0,0.0,0.0,0.006864988558352402,0.0,0.0,0.0,0.08466819221967964,0.0,0.0,0.15331807780320367,0.006864988558352402,0.0,0.01601830663615561,0.0,0.01601830663615561,0.004576659038901603,0.0,0.006864988558352402,0.0,0.0,0.006864988558352402,0.034324942791762014,0.009153318077803205,0.0022883295194508014,0.004576659038901603,0.0,0.0022883295194508014,0.004576659038901603,0.0,0.009153318077803205,0.0,0.0,0.0,0.0,0.0,0.004576659038901603,0.0,0.0,0.013729977116704805,0.004576659038901603,0.0,0.013729977116704805,0.0
SRR521216,0.007326007326007327,0.10622710622710622,0.02564102564102564,0.01831501831501832,0.0,0.01098901098901099,0.0,0.0,0.0,0.0036630036630036634,0.0036630036630036634,0.0,0.007326007326007327,0.0,0.0,0.007326007326007327,0.0,0.0,0.0,0.0036630036630036634,0.0,0.0,0.0695970695970696,0.01831501831501832,0.02564102564102564,0.0,0.08058608058608059,0.03663003663003663,0.0,0.0036630036630036634,0.0036630036630036634,0.0036630036630036634,0.0036630036630036634,0.0,0.0,0.0036630036630036634,0.0,0.0,0.040293040293040296,0.02564102564102564,0.1794871794871795,0.014652014652014654,0.0036630036630036634,0.0,0.03296703296703297,0.007326007326007327,0.0,0.0,0.007326007326007327,0.0,0.0,0.0,0.0,0.0,0.007326007326007327,0.0,0.0,0.0036630036630036634,0.0,0.0,0.0,0.0,0.007326007326007327,0.0,0.0,0.0,0.007326007326007327,0.0,0.0,0.07326007326007326,0.0,0.0,0.06593406593406594,0.0,0.0,0.0,0.0,0.014652014652014654,0.007326007326007327,0.0,0.0,0.0,0.0,0.007326007326007327,0.02197802197802198,0.0,0.0,0.0,0.0,0.0036630036630036634,0.0,0.0,0.0036630036630036634,0.0,0.0,0.0,0.0,0.0,0.0,0.0,0.0,0.0,0.0,0.0,0.0036630036630036634,0.0
SRR521201,0.018867924528301886,0.12735849056603776,0.014150943396226415,0.0,0.0,0.0,0.0,0.0,0.0,0.0,0.0,0.0,0.0,0.0,0.0,0.0047169811320754715,0.0,0.0,0.0,0.0,0.0,0.0,0.10377358490566037,0.08018867924528301,0.08962264150943396,0.02830188679245283,0.08962264150943396,0.0660377358490566,0.0047169811320754715,0.0047169811320754715,0.0047169811320754715,0.02358490566037736,0.0,0.018867924528301886,0.0047169811320754715,0.0,0.0,0.0047169811320754715,0.03773584905660377,0.0330188679245283,0.014150943396226415,0.009433962264150943,0.009433962264150943,0.0047169811320754715,0.014150943396226415,0.0047169811320754715,0.0047169811320754715,0.0,0.014150943396226415,0.0,0.0,0.0,0.0,0.0,0.0047169811320754715,0.014150943396226415,0.0,0.0,0.02358490566037736,0.0,0.0,0.0,0.0,0.0,0.0,0.0,0.0047169811320754715,0.0,0.0,0.0047169811320754715,0.0,0.0,0.07075471698113207,0.0,0.0,0.0,0.0,0.0047169811320754715,0.0,0.0,0.0,0.0,0.0,0.0,0.0047169811320754715,0.0,0.0,0.0047169811320754715,0.0,0.014150943396226415,0.0,0.0,0.0,0.0,0.0,0.0,0.0,0.0,0.0,0.0,0.0,0.0,0.0,0.0,0.0,0.0
SRR521217,0.011764705882352941,0.09411764705882353,0.032352941176470584,0.005882352941176471,0.0029411764705882357,0.0,0.0,0.0,0.0,0.0,0.0,0.0,0.0,0.0,0.0,0.0029411764705882357,0.0,0.0,0.0,0.0,0.0,0.0029411764705882357,0.2235294117647059,0.09117647058823528,0.14705882352941174,0.011764705882352941,0.052941176470588235,0.07058823529411765,0.020588235294117647,0.0029411764705882357,0.0,0.0029411764705882357,0.0,0.0029411764705882357,0.0029411764705882357,0.0,0.0,0.0,0.026470588235294117,0.0029411764705882357,0.005882352941176471,0.06764705882352941,0.0029411764705882357,0.0029411764705882357,0.0,0.011764705882352941,0.0029411764705882357,0.0,0.005882352941176471,0.0029411764705882357,0.0,0.0,0.0,0.0,0.026470588235294117,0.023529411764705882,0.0,0.0,0.023529411764705882,0.0,0.0,0.0,0.0,0.0,0.0,0.0,0.0,0.0,0.0,0.0,0.0,0.0,0.0,0.0,0.0,0.0,0.0,0.0,0.0,0.0,0.0,0.0,0.0,0.0029411764705882357,0.0,0.0,0.0,0.0,0.0,0.0,0.0,0.0,0.0,0.0,0.0,0.0,0.0,0.0,0.0029411764705882357,0.0,0.0,0.0,0.0,0.0,0.0,0.0
SRR521236,0.0,0.06477732793522267,0.008097165991902834,0.0,0.008097165991902834,0.0,0.0,0.0,0.0,0.0,0.0,0.0,0.0,0.0,0.0,0.004048582995951417,0.0,0.0,0.0,0.0,0.0,0.004048582995951417,0.008097165991902834,0.008097165991902834,0.02834008097165992,0.0,0.08906882591093117,0.020242914979757085,0.0,0.0,0.004048582995951417,0.004048582995951417,0.008097165991902834,0.004048582995951417,0.008097165991902834,0.004048582995951417,0.0,0.008097165991902834,0.02834008097165992,0.0,0.008097165991902834,0.004048582995951417,0.0,0.004048582995951417,0.048582995951417005,0.02834008097165992,0.0,0.004048582995951417,0.024291497975708502,0.008097165991902834,0.0,0.004048582995951417,0.004048582995951417,0.008097165991902834,0.012145748987854251,0.0,0.0,0.008097165991902834,0.0,0.004048582995951417,0.004048582995951417,0.004048582995951417,0.008097165991902834,0.0,0.0,0.008097165991902834,0.0,0.0,0.0,0.016194331983805668,0.0,0.0,0.3076923076923077,0.0,0.0,0.008097165991902834,0.012145748987854251,0.0,0.004048582995951417,0.0,0.0,0.0,0.004048582995951417,0.032388663967611336,0.016194331983805668,0.012145748987854251,0.0,0.0,0.012145748987854251,0.004048582995951417,0.008097165991902834,0.0,0.0,0.0,0.004048582995951417,0.0,0.0,0.004048582995951417,0.0,0.0,0.004048582995951417,0.0,0.004048582995951417,0.0,0.0,0.0
SRR521237,0.0047393364928909965,0.10426540284360188,0.014218009478672985,0.0047393364928909965,0.0,0.0,0.0,0.0,0.0,0.0047393364928909965,0.0,0.0,0.0,0.0,0.0047393364928909965,0.0,0.0,0.0,0.0,0.0,0.0,0.0,0.02843601895734597,0.0047393364928909965,0.018957345971563986,0.0,0.08056872037914692,0.009478672985781993,0.02369668246445497,0.0047393364928909965,0.009478672985781993,0.009478672985781993,0.009478672985781993,0.0047393364928909965,0.009478672985781993,0.0,0.0047393364928909965,0.0,0.07582938388625593,0.03317535545023697,0.0995260663507109,0.009478672985781993,0.0047393364928909965,0.0,0.018957345971563986,0.07109004739336493,0.0,0.0,0.014218009478672985,0.0,0.0047393364928909965,0.0,0.0,0.0047393364928909965,0.03791469194312797,0.02843601895734597,0.0,0.0,0.0,0.0,0.0,0.0,0.0,0.0,0.0047393364928909965,0.0047393364928909965,0.018957345971563986,0.0,0.0,0.018957345971563986,0.0,0.0047393364928909965,0.08530805687203792,0.0,0.0,0.0,0.0047393364928909965,0.0,0.0,0.0,0.0,0.0,0.0047393364928909965,0.014218009478672985,0.0,0.009478672985781993,0.0047393364928909965,0.0,0.0,0.0047393364928909965,0.0,0.0047393364928909965,0.0,0.0,0.0047393364928909965,0.0,0.0047393364928909965,0.0,0.0,0.0,0.0047393364928909965,0.0,0.0,0.009478672985781993,0.0,0.009478672985781993
SRR521233,0.011532125205930808,0.04612850082372323,0.008237232289950576,0.008237232289950576,0.0032948929159802307,0.0016474464579901151,0.0,0.0032948929159802307,0.0016474464579901151,0.0,0.0,0.0,0.0049423393739703465,0.0,0.0065897858319604605,0.008237232289950576,0.0049423393739703465,0.0032948929159802307,0.0016474464579901151,0.0016474464579901151,0.0,0.0016474464579901151,0.03789126853377265,0.008237232289950576,0.018121911037891267,0.0,0.0032948929159802307,0.0049423393739703465,0.0032948929159802307,0.0,0.0049423393739703465,0.0065897858319604605,0.0032948929159802307,0.0016474464579901151,0.0,0.0,0.0,0.019769357495881386,0.016474464579901153,0.0016474464579901151,0.052718286655683684,0.0,0.0016474464579901151,0.0,0.08731466227347613,0.0016474464579901151,0.0016474464579901151,0.0,0.0016474464579901151,0.0,0.0,0.0016474464579901151,0.008237232289950576,0.0032948929159802307,0.060955518945634266,0.036243822075782535,0.0,0.0,0.0,0.0016474464579901151,0.0016474464579901151,0.0016474464579901151,0.0,0.0,0.0,0.0016474464579901151,0.0,0.0,0.0,0.12520593080724876,0.0,0.0016474464579901151,0.2108731466227348,0.0016474464579901151,0.0,0.008237232289950576,0.0,0.0065897858319604605,0.0049423393739703465,0.0,0.0032948929159802307,0.0016474464579901151,0.0065897858319604605,0.013179571663920923,0.02471169686985173,0.019769357495881386,0.0032948929159802307,0.008237232289950576,0.0016474464579901151,0.008237232289950576,0.0,0.0,0.0016474464579901151,0.0,0.011532125205930808,0.0016474464579901151,0.0,0.0,0.0,0.0,0.0,0.0032948929159802307,0.0032948929159802307,0.0016474464579901151,0.0032948929159802307,0.0
SRR521243,0.004032258064516129,0.0846774193548387,0.012096774193548387,0.0,0.0,0.0,0.0,0.004032258064516129,0.004032258064516129,0.0,0.0,0.0,0.008064516129032258,0.0,0.004032258064516129,0.0,0.0,0.0,0.0,0.0,0.008064516129032258,0.0,0.06854838709677419,0.020161290322580645,0.028225806451612906,0.0,0.05645161290322581,0.06451612903225806,0.0,0.0,0.0,0.004032258064516129,0.0,0.0,0.012096774193548387,0.004032258064516129,0.0,0.0,0.03629032258064517,0.004032258064516129,0.024193548387096774,0.11693548387096775,0.0,0.0,0.06854838709677419,0.0,0.0,0.0,0.008064516129032258,0.0,0.0,0.0,0.0,0.0,0.0,0.008064516129032258,0.004032258064516129,0.012096774193548387,0.0,0.004032258064516129,0.0,0.0,0.0,0.0,0.0,0.020161290322580645,0.020161290322580645,0.0,0.0,0.008064516129032258,0.0,0.024193548387096774,0.125,0.004032258064516129,0.004032258064516129,0.012096774193548387,0.004032258064516129,0.004032258064516129,0.0,0.0,0.0,0.0,0.008064516129032258,0.016129032258064516,0.004032258064516129,0.004032258064516129,0.0,0.0,0.012096774193548387,0.004032258064516129,0.0,0.0,0.004032258064516129,0.0,0.004032258064516129,0.004032258064516129,0.0,0.0,0.0,0.0,0.008064516129032258,0.0,0.0,0.0,0.0,0.0
SRR521264,0.007672634271099744,0.03836317135549872,0.005115089514066497,0.0025575447570332483,0.0,0.0,0.0,0.0025575447570332483,0.0,0.0025575447570332483,0.0,0.0,0.0,0.0025575447570332483,0.0,0.010230179028132991,0.0,0.0,0.0025575447570332483,0.0,0.0025575447570332483,0.0,0.010230179028132991,0.0,0.03324808184143223,0.0,0.03580562659846547,0.0,0.010230179028132991,0.0,0.005115089514066497,0.005115089514066497,0.0,0.005115089514066497,0.0,0.0025575447570332483,0.0025575447570332483,0.0025575447570332483,0.020460358056265983,0.01278772378516624,0.017902813299232736,0.005115089514066497,0.0,0.0,0.056265984654731455,0.01278772378516624,0.0,0.0,0.005115089514066497,0.0,0.0,0.010230179028132991,0.0025575447570332483,0.005115089514066497,0.08184143222506395,0.017902813299232736,0.0,0.0025575447570332483,0.0,0.0,0.0,0.0025575447570332483,0.0,0.0025575447570332483,0.0,0.005115089514066497,0.0,0.0,0.0,0.05115089514066496,0.0,0.0,0.329923273657289,0.0,0.0,0.0,0.0,0.0025575447570332483,0.0,0.0,0.0,0.01278772378516624,0.007672634271099744,0.015345268542199487,0.03580562659846547,0.017902813299232736,0.010230179028132991,0.0025575447570332483,0.005115089514066497,0.0,0.0,0.0,0.0025575447570332483,0.0,0.0,0.0,0.0025575447570332483,0.0025575447570332483,0.0,0.0,0.0,0.0,0.0,0.0025575447570332483,0.0025575447570332483,0.0
SRR521240,0.004878048780487805,0.14146341463414633,0.043902439024390234,0.0,0.0,0.0,0.0,0.0,0.0,0.004878048780487805,0.0,0.0,0.0,0.0,0.0,0.0,0.0,0.0,0.0,0.0,0.0,0.004878048780487805,0.2731707317073171,0.05365853658536585,0.0,0.00975609756097561,0.0975609756097561,0.08292682926829269,0.0,0.0,0.004878048780487805,0.004878048780487805,0.004878048780487805,0.024390243902439025,0.0,0.0,0.0,0.0,0.024390243902439025,0.0,0.004878048780487805,0.11707317073170732,0.0,0.004878048780487805,0.024390243902439025,0.004878048780487805,0.0,0.0,0.004878048780487805,0.0,0.0,0.0,0.0,0.0,0.004878048780487805,0.0,0.0,0.0,0.0,0.0,0.0,0.0,0.0,0.0,0.0,0.0,0.0,0.0,0.004878048780487805,0.014634146341463415,0.0,0.0,0.00975609756097561,0.0,0.004878048780487805,0.004878048780487805,0.0,0.0,0.0,0.0,0.0,0.0,0.0,0.0,0.00975609756097561,0.0,0.0,0.0,0.0,0.0,0.0,0.0,0.0,0.0,0.0,0.0,0.0,0.0,0.0,0.0,0.0,0.0,0.0,0.0,0.0,0.0
SRR521209,0.015810276679841896,0.15019762845849802,0.015810276679841896,0.003952569169960474,0.003952569169960474,0.007905138339920948,0.0,0.007905138339920948,0.003952569169960474,0.0,0.0,0.0,0.01976284584980237,0.0,0.003952569169960474,0.003952569169960474,0.0,0.0,0.0,0.0,0.0,0.0,0.1067193675889328,0.03557312252964427,0.031620553359683785,0.0,0.09090909090909093,0.09486166007905138,0.0,0.003952569169960474,0.011857707509881422,0.011857707509881422,0.007905138339920948,0.003952569169960474,0.003952569169960474,0.003952569169960474,0.0,0.0,0.05928853754940711,0.007905138339920948,0.03557312252964427,0.007905138339920948,0.0,0.0,0.03557312252964427,0.015810276679841896,0.0,0.0,0.003952569169960474,0.0,0.0,0.0,0.0,0.015810276679841896,0.0,0.0,0.0,0.0,0.0,0.0,0.0,0.003952569169960474,0.003952569169960474,0.003952569169960474,0.003952569169960474,0.0,0.007905138339920948,0.003952569169960474,0.0,0.015810276679841896,0.0,0.0,0.02766798418972332,0.0,0.0,0.0,0.003952569169960474,0.015810276679841896,0.007905138339920948,0.0,0.0,0.0,0.0,0.0,0.007905138339920948,0.011857707509881422,0.003952569169960474,0.0,0.0,0.0,0.0,0.0,0.0,0.0,0.007905138339920948,0.0,0.007905138339920948,0.0,0.0,0.0,0.003952569169960474,0.0,0.0,0.0,0.003952569169960474,0.0
SRR521261,0.0,0.16339869281045752,0.026143790849673203,0.0,0.0,0.0,0.0,0.0,0.0,0.0,0.006535947712418301,0.0,0.006535947712418301,0.0,0.0,0.0,0.0,0.0,0.006535947712418301,0.0,0.0,0.013071895424836602,0.08496732026143791,0.013071895424836602,0.0,0.052287581699346414,0.12418300653594773,0.052287581699346414,0.032679738562091505,0.006535947712418301,0.0,0.013071895424836602,0.0,0.006535947712418301,0.0,0.0,0.0,0.0,0.1045751633986928,0.052287581699346414,0.0196078431372549,0.0196078431372549,0.0,0.0,0.0196078431372549,0.026143790849673203,0.0,0.0,0.013071895424836602,0.0,0.0,0.0,0.006535947712418301,0.0,0.0,0.006535947712418301,0.0,0.0,0.0196078431372549,0.0,0.0,0.0,0.006535947712418301,0.0,0.0,0.0,0.0,0.0,0.006535947712418301,0.05882352941176471,0.0,0.0,0.0,0.0,0.0,0.0,0.0,0.0,0.0,0.0,0.0,0.0,0.0,0.0,0.0,0.0,0.0,0.0,0.0,0.0,0.0,0.0,0.0,0.0,0.0,0.0,0.0,0.0,0.0,0.006535947712418301,0.013071895424836602,0.0,0.0,0.0,0.0,0.0
SRR521256,0.020134228187919462,0.08724832214765099,0.02348993288590604,0.0,0.0,0.0,0.0,0.003355704697986577,0.0,0.0,0.0,0.0,0.003355704697986577,0.006711409395973154,0.0,0.03355704697986577,0.0,0.0,0.0,0.003355704697986577,0.0,0.0,0.15436241610738255,0.013422818791946308,0.0,0.0,0.06375838926174497,0.03355704697986577,0.006711409395973154,0.003355704697986577,0.003355704697986577,0.006711409395973154,0.003355704697986577,0.003355704697986577,0.0,0.0,0.0,0.016778523489932886,0.03691275167785235,0.003355704697986577,0.020134228187919462,0.013422818791946308,0.0,0.0,0.03355704697986577,0.006711409395973154,0.0,0.0,0.010067114093959731,0.003355704697986577,0.003355704697986577,0.003355704697986577,0.0,0.0,0.010067114093959731,0.0,0.0,0.0,0.0,0.003355704697986577,0.003355704697986577,0.0,0.0,0.006711409395973154,0.003355704697986577,0.003355704697986577,0.0,0.0,0.0,0.010067114093959731,0.0,0.0,0.2550335570469799,0.0,0.003355704697986577,0.0,0.0,0.0,0.0,0.0,0.003355704697986577,0.003355704697986577,0.006711409395973154,0.0,0.02348993288590604,0.016778523489932886,0.0,0.0,0.003355704697986577,0.0,0.0,0.0,0.003355704697986577,0.0,0.0,0.0,0.0,0.0,0.0,0.0,0.0,0.0,0.0,0.0,0.0,0.0
SRR521231,0.011764705882352941,0.21176470588235294,0.011764705882352941,0.0,0.0,0.0,0.0,0.0,0.0,0.0,0.0,0.0,0.0,0.0,0.0,0.005882352941176471,0.0,0.0,0.0,0.005882352941176471,0.0,0.011764705882352941,0.18823529411764706,0.029411764705882356,0.0,0.017647058823529408,0.1,0.052941176470588235,0.011764705882352941,0.005882352941176471,0.0,0.0,0.0,0.017647058823529408,0.0,0.0,0.005882352941176471,0.0,0.06470588235294117,0.029411764705882356,0.035294117647058816,0.011764705882352941,0.0,0.0,0.011764705882352941,0.017647058823529408,0.0,0.0,0.029411764705882356,0.0,0.0,0.0,0.0,0.005882352941176471,0.011764705882352941,0.0,0.0,0.0,0.005882352941176471,0.0,0.0,0.0,0.011764705882352941,0.0,0.0,0.011764705882352941,0.0,0.0,0.0,0.005882352941176471,0.0,0.0,0.035294117647058816,0.0,0.0,0.0,0.0,0.0,0.0,0.0,0.0,0.0,0.0,0.0,0.0,0.0,0.0,0.0,0.0,0.0,0.0,0.0,0.0,0.005882352941176471,0.0,0.0,0.0,0.0,0.0,0.0,0.005882352941176471,0.0,0.0,0.0,0.0,0.0
SRR521263,0.002570694087403599,0.04627249357326478,0.012853470437017995,0.002570694087403599,0.002570694087403599,0.0,0.0,0.0,0.0,0.0,0.0,0.0,0.0,0.002570694087403599,0.0,0.0,0.0,0.0,0.0,0.0,0.0,0.0,0.038560411311053984,0.002570694087403599,0.0,0.0,0.017994858611825194,0.012853470437017995,0.002570694087403599,0.005141388174807198,0.0,0.0,0.0,0.0,0.005141388174807198,0.0,0.0,0.007712082262210797,0.03598971722365039,0.02313624678663239,0.017994858611825194,0.007712082262210797,0.005141388174807198,0.0,0.10539845758354756,0.005141388174807198,0.0,0.0,0.007712082262210797,0.0,0.0,0.0,0.007712082262210797,0.007712082262210797,0.005141388174807198,0.0,0.002570694087403599,0.0,0.005141388174807198,0.0,0.0,0.002570694087403599,0.005141388174807198,0.0,0.0,0.012853470437017995,0.002570694087403599,0.0,0.002570694087403599,0.043701799485861184,0.0,0.0,0.33676092544987146,0.0,0.002570694087403599,0.010282776349614395,0.002570694087403599,0.0,0.0,0.0,0.0,0.002570694087403599,0.007712082262210797,0.04627249357326478,0.03598971722365039,0.010282776349614395,0.002570694087403599,0.0,0.002570694087403599,0.005141388174807198,0.0,0.0,0.002570694087403599,0.0,0.002570694087403599,0.002570694087403599,0.0,0.005141388174807198,0.007712082262210797,0.005141388174807198,0.002570694087403599,0.0,0.005141388174807198,0.0,0.0,0.002570694087403599
SRR521232,0.003436426116838488,0.07560137457044673,0.030927835051546393,0.003436426116838488,0.0,0.006872852233676976,0.0,0.0,0.0,0.0,0.0,0.003436426116838488,0.006872852233676976,0.0,0.0,0.006872852233676976,0.0,0.0,0.0,0.0,0.006872852233676976,0.003436426116838488,0.15120274914089346,0.048109965635738834,0.03436426116838488,0.0,0.041237113402061855,0.020618556701030927,0.006872852233676976,0.003436426116838488,0.006872852233676976,0.006872852233676976,0.0,0.003436426116838488,0.0,0.0,0.003436426116838488,0.0,0.020618556701030927,0.006872852233676976,0.041237113402061855,0.0,0.010309278350515464,0.0,0.01718213058419244,0.0,0.0,0.0,0.0,0.0,0.0,0.010309278350515464,0.003436426116838488,0.003436426116838488,0.25773195876288657,0.006872852233676976,0.0,0.027491408934707903,0.0,0.0,0.0,0.0,0.0,0.0,0.0,0.0,0.0,0.003436426116838488,0.0,0.013745704467353952,0.0,0.0,0.041237113402061855,0.0,0.0,0.0,0.003436426116838488,0.0,0.0,0.0,0.003436426116838488,0.0,0.003436426116838488,0.003436426116838488,0.01718213058419244,0.003436426116838488,0.0,0.0,0.0,0.0,0.0,0.0,0.003436426116838488,0.0,0.003436426116838488,0.0,0.0,0.0,0.003436426116838488,0.0,0.006872852233676976,0.0,0.0,0.0,0.0,0.0
SRR521234,0.021897810218978103,0.19708029197080293,0.0583941605839416,0.007299270072992701,0.0,0.0,0.0,0.0,0.0,0.0,0.0,0.0,0.0,0.0,0.0,0.0145985401459854,0.007299270072992701,0.0,0.0,0.0,0.0,0.0,0.0,0.0,0.0,0.0,0.1605839416058394,0.051094890510948905,0.007299270072992701,0.007299270072992701,0.0,0.0145985401459854,0.0,0.0364963503649635,0.0145985401459854,0.0145985401459854,0.007299270072992701,0.0,0.0948905109489051,0.0,0.0,0.0,0.0,0.0,0.051094890510948905,0.021897810218978103,0.007299270072992701,0.0,0.0145985401459854,0.0,0.007299270072992701,0.0,0.0,0.0,0.007299270072992701,0.0,0.0,0.0145985401459854,0.0,0.0,0.0,0.0,0.0,0.0,0.0,0.0364963503649635,0.0,0.0,0.0,0.0,0.0,0.0,0.0583941605839416,0.007299270072992701,0.0,0.0,0.007299270072992701,0.0,0.0,0.0,0.0,0.0,0.0145985401459854,0.0,0.0,0.007299270072992701,0.0,0.0,0.0,0.0,0.0,0.007299270072992701,0.0,0.0,0.0,0.0,0.0,0.007299270072992701,0.0,0.0,0.0,0.0,0.0,0.007299270072992701,0.0,0.0
SRR521248,0.01327433628318584,0.11061946902654868,0.02212389380530973,0.004424778761061947,0.0,0.0,0.004424778761061947,0.004424778761061947,0.0,0.004424778761061947,0.0,0.0,0.008849557522123894,0.0,0.0,0.0,0.008849557522123894,0.004424778761061947,0.0,0.0,0.004424778761061947,0.004424778761061947,0.12389380530973453,0.035398230088495575,0.09292035398230088,0.008849557522123894,0.08849557522123894,0.1504424778761062,0.0,0.0,0.008849557522123894,0.01327433628318584,0.0,0.008849557522123894,0.0,0.0,0.0,0.004424778761061947,0.04867256637168142,0.035398230088495575,0.017699115044247787,0.008849557522123894,0.0,0.0,0.01327433628318584,0.008849557522123894,0.0,0.0,0.0,0.004424778761061947,0.0,0.0,0.0,0.008849557522123894,0.004424778761061947,0.0,0.008849557522123894,0.0,0.008849557522123894,0.0,0.0,0.0,0.0,0.0,0.0,0.0,0.0,0.0,0.0,0.0,0.0,0.0,0.05309734513274336,0.0,0.0,0.0,0.0,0.0,0.0,0.0,0.0,0.0,0.0,0.017699115044247787,0.0,0.0,0.0,0.0,0.0,0.0,0.0,0.0,0.008849557522123894,0.0,0.0,0.0,0.0,0.0,0.004424778761061947,0.0,0.004424778761061947,0.0,0.004424778761061947,0.0,0.0,0.004424778761061947
SRR521255,0.014760147601476013,0.06642066420664207,0.003690036900369004,0.0,0.0,0.0,0.0,0.003690036900369004,0.0,0.0,0.0,0.007380073800738006,0.0,0.0,0.0,0.01845018450184502,0.0,0.0,0.0,0.0,0.0,0.0,0.025830258302583026,0.0,0.0,0.0,0.01845018450184502,0.033210332103321034,0.025830258302583026,0.0,0.007380073800738006,0.007380073800738006,0.007380073800738006,0.014760147601476013,0.0,0.0,0.0,0.011070110701107009,0.01845018450184502,0.007380073800738006,0.04059040590405904,0.011070110701107009,0.007380073800738006,0.0,0.06642066420664207,0.003690036900369004,0.0,0.0,0.0,0.0,0.0,0.0,0.0,0.014760147601476013,0.0,0.007380073800738006,0.0,0.0,0.0,0.0,0.0,0.007380073800738006,0.0,0.0,0.0,0.007380073800738006,0.0,0.0,0.0,0.007380073800738006,0.003690036900369004,0.0,0.3468634686346864,0.003690036900369004,0.0,0.003690036900369004,0.0,0.0,0.007380073800738006,0.0,0.0,0.0,0.022140221402214017,0.0,0.022140221402214017,0.011070110701107009,0.007380073800738006,0.0,0.007380073800738006,0.007380073800738006,0.0,0.0,0.003690036900369004,0.0,0.0,0.0,0.0,0.0,0.0,0.0,0.0,0.033210332103321034,0.011070110701107009,0.0,0.022140221402214017,0.0
