#SampleID,OTU_1,OTU_2,OTU_3,OTU_4,OTU_5,OTU_6,OTU_7,OTU_8,OTU_9,OTU_10,OTU_11,OTU_12,OTU_13,OTU_14,OTU_15,OTU_16,OTU_17,OTU_18,OTU_19,OTU_20,OTU_21,OTU_22,OTU_23,OTU_24,OTU_25,OTU_26,OTU_27,OTU_28,OTU_29,OTU_30,OTU_31,OTU_32,OTU_33,OTU_34,OTU_35,OTU_36,OTU_37,OTU_38,OTU_39,OTU_40,OTU_41,OTU_42,OTU_43,OTU_44,OTU_45,OTU_46,OTU_47,OTU_48,OTU_49,OTU_50,OTU_51,OTU_52,OTU_53,OTU_54,OTU_55,OTU_56,OTU_57,OTU_58,OTU_59,OTU_60,OTU_61,OTU_62,OTU_63,OTU_64,OTU_65,OTU_66,OTU_67,OTU_68,OTU_69,OTU_70,OTU_71,OTU_72,OTU_73,OTU_74,OTU_75,OTU_76,OTU_77,OTU_78,OTU_79,OTU_80,OTU_81,OTU_82,OTU_83,OTU_84,OTU_85,OTU_86,OTU_87,OTU_88,OTU_89,OTU_90,OTU_91,OTU_92,OTU_93,OTU_94,OTU_95,OTU_96,OTU_97,OTU_98,OTU_99,OTU_100,OTU_101,OTU_102,OTU_103,OTU_104,OTU_105,OTU_106,OTU_107,OTU_108,OTU_109,OTU_110,OTU_111,OTU_112,OTU_113,OTU_114,OTU_115,OTU_116,OTU_117,OTU_118,OTU_119,OTU_120,OTU_121
SRR521177,0.0014749262536873156,0.019174041297935103,0.008849557522123894,0.0058997050147492625,0.0,0.0,0.0,0.0014749262536873156,0.05752212389380531,0.0029498525073746312,0.0,0.0058997050147492625,0.011799410029498525,0.035398230088495575,0.0014749262536873156,0.0,0.0014749262536873156,0.0,0.0,0.0,0.0014749262536873156,0.0,0.017699115044247787,0.016224188790560472,0.004424778761061947,0.0014749262536873156,0.06784660766961652,0.0,0.0029498525073746312,0.0014749262536873156,0.0,0.0014749262536873156,0.11061946902654868,0.0029498525073746312,0.0014749262536873156,0.0029498525073746312,0.0,0.0014749262536873156,0.0,0.0029498525073746312,0.0,0.0,0.0014749262536873156,0.0014749262536873156,0.0014749262536873156,0.0,0.0,0.0,0.0,0.02359882005899705,0.0014749262536873156,0.0029498525073746312,0.004424778761061947,0.0014749262536873156,0.0,0.0,0.0,0.0,0.0029498525073746312,0.0,0.0,0.0,0.0,0.0,0.0,0.17551622418879056,0.007374631268436578,0.0,0.04277286135693215,0.01032448377581121,0.0029498525073746312,0.004424778761061947,0.0029498525073746312,0.0,0.004424778761061947,0.0,0.0,0.0,0.058997050147492625,0.08702064896755163,0.0,0.0,0.0,0.048672566371681415,0.007374631268436578,0.0058997050147492625,0.0,0.0014749262536873156,0.014749262536873156,0.0014749262536873156,0.0014749262536873156,0.0,0.0,0.04129793510324484,0.0014749262536873156,0.0014749262536873156,0.007374631268436578,0.0058997050147492625,0.0,0.0,0.0,0.0,0.0014749262536873156,0.0,0.007374631268436578,0.0029498525073746312,0.0,0.0,0.0,0.0,0.007374631268436578,0.0014749262536873156,0.0058997050147492625,0.0,0.0,0.0,0.0,0.0,0.0014749262536873156,0.0,0.0
SRR521196,0.0012195121951219512,0.02926829268292683,0.007317073170731708,0.006097560975609756,0.0,0.0,0.0,0.0,0.04024390243902439,0.0024390243902439024,0.0,0.003658536585365854,0.004878048780487805,0.01707317073170732,0.0012195121951219512,0.0,0.0012195121951219512,0.0,0.0,0.0,0.0012195121951219512,0.0,0.02195121951219512,0.00853658536585366,0.006097560975609756,0.007317073170731708,0.03170731707317073,0.0024390243902439024,0.004878048780487805,0.0,0.0,0.0,0.14878048780487804,0.0012195121951219512,0.0,0.0024390243902439024,0.0,0.0012195121951219512,0.0,0.0,0.0,0.0,0.0012195121951219512,0.0012195121951219512,0.0024390243902439024,0.0,0.0,0.0,0.0,0.03170731707317073,0.0012195121951219512,0.0,0.0,0.0012195121951219512,0.0,0.0,0.0,0.0,0.0024390243902439024,0.0012195121951219512,0.0,0.0012195121951219512,0.0,0.0,0.0,0.20853658536585365,0.004878048780487805,0.0012195121951219512,0.036585365853658534,0.013414634146341463,0.003658536585365854,0.0,0.0,0.0012195121951219512,0.0,0.0,0.0,0.0,0.03414634146341464,0.05975609756097561,0.0,0.0,0.0,0.09146341463414634,0.004878048780487805,0.00975609756097561,0.0,0.0012195121951219512,0.020731707317073172,0.0012195121951219512,0.0012195121951219512,0.0,0.006097560975609756,0.05853658536585366,0.0012195121951219512,0.006097560975609756,0.004878048780487805,0.006097560975609756,0.0,0.0,0.0,0.0,0.0,0.0,0.0,0.0,0.0,0.0,0.0,0.0,0.006097560975609756,0.003658536585365854,0.003658536585365854,0.0,0.0,0.0,0.0,0.0,0.0,0.0,0.0012195121951219512
SRR521173,0.0,0.015399422521655439,0.0028873917228103944,0.0038498556304138597,0.0,0.0009624639076034649,0.0,0.0,0.012512030798845043,0.008662175168431183,0.013474494706448507,0.0009624639076034649,0.005774783445620789,0.016361886429258902,0.0009624639076034649,0.0,0.0,0.0,0.0009624639076034649,0.0,0.0,0.0009624639076034649,0.015399422521655439,0.0038498556304138597,0.006737247353224254,0.04234841193455245,0.04716073147256978,0.0,0.0028873917228103944,0.0,0.0,0.0,0.17901828681424448,0.0,0.0,0.0,0.0,0.0,0.0009624639076034649,0.0019249278152069298,0.0,0.0,0.004812319538017324,0.0,0.0028873917228103944,0.011549566891241578,0.0009624639076034649,0.0,0.0,0.04619826756496631,0.0038498556304138597,0.0,0.0,0.0009624639076034649,0.0019249278152069298,0.0,0.0,0.0,0.0028873917228103944,0.0,0.0,0.0,0.0,0.0009624639076034649,0.0,0.25890279114533205,0.0019249278152069298,0.004812319538017324,0.019249278152069296,0.009624639076034648,0.029836381135707413,0.0028873917228103944,0.0009624639076034649,0.007699711260827719,0.0,0.0009624639076034649,0.0,0.0,0.032723772858517804,0.02598652550529355,0.0,0.0,0.0,0.03464870067372473,0.0356111645813282,0.010587102983638113,0.0009624639076034649,0.0,0.004812319538017324,0.0,0.0038498556304138597,0.0,0.0,0.02021174205967276,0.0,0.0009624639076034649,0.004812319538017324,0.0009624639076034649,0.0,0.0009624639076034649,0.0,0.0,0.0009624639076034649,0.0,0.0009624639076034649,0.0,0.0,0.0,0.0,0.0009624639076034649,0.0038498556304138597,0.005774783445620789,0.005774783445620789,0.0019249278152069298,0.0,0.0,0.0,0.0,0.0,0.0,0.0
SRR521188,0.0008795074758135445,0.022867194371152155,0.008795074758135445,0.003518029903254178,0.0008795074758135445,0.0,0.001759014951627089,0.0,0.01759014951627089,0.0043975373790677225,0.023746701846965697,0.0,0.010554089709762533,0.019349164467897976,0.0,0.0,0.0,0.0,0.001759014951627089,0.002638522427440633,0.0,0.0,0.011433597185576077,0.006156552330694811,0.0043975373790677225,0.0079155672823219,0.05980650835532102,0.0,0.0008795074758135445,0.0,0.0,0.0,0.06596306068601583,0.007036059806508356,0.0,0.0008795074758135445,0.0,0.0,0.0,0.0,0.0008795074758135445,0.0,0.001759014951627089,0.0,0.002638522427440633,0.028144239226033423,0.0008795074758135445,0.0,0.0,0.032541776605101144,0.002638522427440633,0.0,0.0,0.001759014951627089,0.0,0.0,0.0,0.0,0.0008795074758135445,0.0,0.0008795074758135445,0.0,0.0,0.003518029903254178,0.0,0.27352682497801234,0.0008795074758135445,0.0008795074758135445,0.010554089709762533,0.01759014951627089,0.0008795074758135445,0.001759014951627089,0.0,0.003518029903254178,0.0,0.0,0.0008795074758135445,0.0,0.036939313984168866,0.08883025505716799,0.002638522427440633,0.0,0.0,0.002638522427440633,0.024626209322779244,0.010554089709762533,0.0,0.002638522427440633,0.0079155672823219,0.0,0.0,0.0,0.0008795074758135445,0.0932277924362357,0.0008795074758135445,0.0,0.0043975373790677225,0.006156552330694811,0.0008795074758135445,0.0,0.0,0.0,0.006156552330694811,0.0008795074758135445,0.0008795074758135445,0.0,0.0,0.0,0.0,0.0,0.0,0.003518029903254178,0.0,0.0,0.0,0.028144239226033423,0.0,0.0,0.0,0.0,0.0
SRR521174,0.0,0.025210084033613446,0.015406162464985995,0.0028011204481792717,0.0,0.0,0.0014005602240896359,0.0028011204481792717,0.0392156862745098,0.014005602240896359,0.028011204481792718,0.0,0.02100840336134454,0.02100840336134454,0.0,0.0014005602240896359,0.0,0.0028011204481792717,0.0,0.0,0.0,0.0,0.0056022408963585435,0.014005602240896359,0.014005602240896359,0.011204481792717087,0.08683473389355742,0.0,0.0056022408963585435,0.0014005602240896359,0.0,0.0,0.049019607843137254,0.0196078431372549,0.0,0.0028011204481792717,0.0014005602240896359,0.0,0.0,0.0,0.0,0.0,0.0,0.0,0.0,0.018207282913165267,0.0,0.0014005602240896359,0.0,0.03361344537815126,0.004201680672268907,0.0,0.0,0.0,0.0,0.0,0.0,0.0,0.0028011204481792717,0.0014005602240896359,0.0,0.0,0.0,0.0014005602240896359,0.0,0.21568627450980393,0.0,0.0,0.008403361344537815,0.0070028011204481795,0.0,0.0028011204481792717,0.0,0.0,0.0,0.0,0.0,0.0,0.028011204481792718,0.06722689075630252,0.0070028011204481795,0.0,0.0,0.0028011204481792717,0.058823529411764705,0.012605042016806723,0.0,0.0028011204481792717,0.011204481792717087,0.0014005602240896359,0.0,0.0,0.0014005602240896359,0.0784313725490196,0.0,0.0,0.0014005602240896359,0.004201680672268907,0.0,0.0,0.0,0.0,0.004201680672268907,0.0,0.0,0.0,0.0,0.0,0.0,0.0014005602240896359,0.0,0.0014005602240896359,0.0028011204481792717,0.0,0.0,0.025210084033613446,0.0,0.0,0.0,0.0,0.0
SRR521221,0.0,0.014184397163120567,0.002364066193853428,0.003940110323089046,0.0007880220646178094,0.0,0.0,0.0,0.05200945626477541,0.0252167060677699,0.009456264775413711,0.0,0.004728132387706856,0.007880220646178092,0.0015760441292356187,0.0,0.0,0.0007880220646178094,0.0007880220646178094,0.0,0.0,0.0007880220646178094,0.007880220646178092,0.004728132387706856,0.0015760441292356187,0.04728132387706856,0.0,0.0,0.0007880220646178094,0.0,0.0,0.0015760441292356187,0.14736012608353033,0.0007880220646178094,0.0,0.0007880220646178094,0.0007880220646178094,0.0,0.0,0.0015760441292356187,0.0,0.0,0.0007880220646178094,0.0007880220646178094,0.0,0.0007880220646178094,0.0,0.0007880220646178094,0.0,0.028368794326241134,0.0007880220646178094,0.0,0.0,0.0,0.0007880220646178094,0.0,0.0,0.0007880220646178094,0.002364066193853428,0.0,0.0,0.0,0.0,0.008668242710795903,0.0031520882584712374,0.16548463356973994,0.005516154452324665,0.0,0.028368794326241134,0.0,0.05358550039401103,0.013396375098502758,0.002364066193853428,0.007880220646178092,0.0007880220646178094,0.0007880220646178094,0.0,0.0,0.029944838455476755,0.061465721040189124,0.0,0.0,0.0007880220646178094,0.04885736800630418,0.0851063829787234,0.005516154452324665,0.0,0.0,0.01182033096926714,0.0,0.0015760441292356187,0.002364066193853428,0.014972419227738377,0.039401103230890466,0.008668242710795903,0.0,0.0015760441292356187,0.004728132387706856,0.0,0.0,0.0031520882584712374,0.0,0.0007880220646178094,0.0,0.0,0.0,0.0007880220646178094,0.0007880220646178094,0.0,0.0,0.0031520882584712374,0.0,0.003940110323089046,0.0007880220646178094,0.0,0.0,0.0,0.0,0.0,0.0,0.0
SRR521178,0.0025940337224383916,0.02594033722438392,0.010376134889753566,0.0025940337224383916,0.0,0.0,0.0,0.0012970168612191958,0.08560311284046693,0.005188067444876783,0.0025940337224383916,0.011673151750972763,0.007782101167315175,0.03501945525291829,0.0025940337224383916,0.0025940337224383916,0.0012970168612191958,0.0025940337224383916,0.0012970168612191958,0.0038910505836575876,0.0,0.0012970168612191958,0.009079118028534372,0.0012970168612191958,0.01556420233463035,0.01556420233463035,0.08300907911802853,0.0,0.005188067444876783,0.0,0.0012970168612191958,0.0012970168612191958,0.14396887159533073,0.0012970168612191958,0.0012970168612191958,0.0012970168612191958,0.0,0.0012970168612191958,0.0,0.0012970168612191958,0.0012970168612191958,0.0012970168612191958,0.0,0.0025940337224383916,0.0012970168612191958,0.0025940337224383916,0.0,0.0025940337224383916,0.0,0.018158236057068743,0.0012970168612191958,0.0,0.0012970168612191958,0.0012970168612191958,0.0,0.0012970168612191958,0.0,0.0,0.0,0.0,0.0,0.0025940337224383916,0.0,0.0,0.0,0.13229571984435798,0.005188067444876783,0.0025940337224383916,0.042801556420233464,0.01297016861219196,0.0,0.0,0.0012970168612191958,0.0,0.0012970168612191958,0.0,0.0,0.0,0.04928664072632944,0.057068741893644616,0.0,0.0,0.0,0.07263294422827497,0.0012970168612191958,0.0038910505836575876,0.0,0.0025940337224383916,0.007782101167315175,0.0012970168612191958,0.0,0.0,0.0,0.055771725032425425,0.0,0.0012970168612191958,0.0038910505836575876,0.00648508430609598,0.0,0.0,0.0,0.0,0.0012970168612191958,0.0,0.0,0.0,0.0,0.0012970168612191958,0.0,0.0,0.0012970168612191958,0.0012970168612191958,0.0038910505836575876,0.0,0.0,0.0,0.0,0.0,0.0,0.0,0.0
SRR521187,0.005509641873278237,0.03443526170798898,0.02066115702479339,0.006887052341597796,0.0,0.0,0.0013774104683195593,0.0027548209366391185,0.0,0.0,0.0,0.0,0.04269972451790634,0.07024793388429752,0.0,0.0,0.0,0.0027548209366391185,0.0013774104683195593,0.0,0.0013774104683195593,0.0,0.005509641873278237,0.024793388429752067,0.0,0.0,0.0,0.0013774104683195593,0.0,0.0,0.0,0.0,0.081267217630854,0.0027548209366391185,0.0,0.0013774104683195593,0.0,0.0,0.0,0.0,0.0,0.0,0.0013774104683195593,0.0,0.004132231404958678,0.046831955922865015,0.0,0.0,0.0,0.10192837465564739,0.0013774104683195593,0.0,0.0,0.0,0.0,0.0,0.0,0.0,0.0,0.0,0.0,0.0,0.0,0.0,0.0,0.19972451790633608,0.02066115702479339,0.009641873278236915,0.0,0.0,0.0013774104683195593,0.005509641873278237,0.004132231404958678,0.015151515151515152,0.0013774104683195593,0.0,0.0,0.0,0.08677685950413223,0.03168044077134986,0.0,0.0,0.0,0.0027548209366391185,0.06887052341597796,0.011019283746556474,0.0013774104683195593,0.0027548209366391185,0.011019283746556474,0.0,0.0,0.0,0.0,0.03581267217630854,0.0027548209366391185,0.0,0.0,0.004132231404958678,0.0,0.0027548209366391185,0.0,0.0,0.008264462809917356,0.0,0.0,0.0,0.0013774104683195593,0.0,0.0,0.0,0.0,0.0,0.0027548209366391185,0.0,0.0,0.0,0.0,0.0013774104683195593,0.0,0.0,0.0
SRR521198,0.0,0.018469656992084433,0.006596306068601583,0.00395778364116095,0.0013192612137203166,0.0,0.0,0.0013192612137203166,0.036939313984168866,0.0013192612137203166,0.0,0.0013192612137203166,0.006596306068601583,0.029023746701846966,0.0,0.0013192612137203166,0.0,0.0,0.0,0.0,0.0,0.0,0.002638522427440633,0.00395778364116095,0.002638522427440633,0.01978891820580475,0.027704485488126648,0.0,0.0013192612137203166,0.0,0.0,0.0,0.1741424802110818,0.0,0.0,0.0013192612137203166,0.0,0.0,0.0,0.0013192612137203166,0.0,0.0,0.0,0.0,0.002638522427440633,0.0,0.0013192612137203166,0.0,0.0,0.044854881266490766,0.006596306068601583,0.0,0.0,0.0013192612137203166,0.0,0.0,0.0,0.0,0.0013192612137203166,0.0,0.0,0.0,0.0,0.0,0.0,0.22295514511873352,0.026385224274406333,0.002638522427440633,0.030343007915567283,0.002638522427440633,0.0013192612137203166,0.0,0.0,0.0013192612137203166,0.0,0.0,0.0,0.0,0.05013192612137203,0.059366754617414245,0.0,0.0,0.0,0.07387862796833773,0.017150395778364115,0.006596306068601583,0.0,0.0,0.014511873350923483,0.0013192612137203166,0.00395778364116095,0.0,0.0,0.05672823218997362,0.0,0.00395778364116095,0.002638522427440633,0.0079155672823219,0.0,0.0,0.0,0.0,0.0,0.0,0.0013192612137203166,0.0013192612137203166,0.0,0.0,0.0,0.0,0.0013192612137203166,0.0013192612137203166,0.0,0.0,0.0,0.0,0.0,0.0,0.0,0.0,0.0
SRR521214,0.0,0.03337969401947149,0.011126564673157162,0.006954102920723227,0.0,0.0,0.0027816411682892906,0.0,0.0013908205841446453,0.0,0.0,0.0,0.02364394993045897,0.0890125173852573,0.0027816411682892906,0.0,0.0,0.0013908205841446453,0.0027816411682892906,0.0013908205841446453,0.0013908205841446453,0.0,0.0027816411682892906,0.01808066759388039,0.0,0.0,0.0013908205841446453,0.0,0.0,0.0,0.0,0.0,0.05146036161335188,0.0027816411682892906,0.0013908205841446453,0.005563282336578581,0.0,0.0,0.0,0.0,0.0,0.0,0.0013908205841446453,0.0,0.008344923504867872,0.027816411682892908,0.0,0.0,0.0027816411682892906,0.07927677329624479,0.006954102920723227,0.0,0.0,0.004172461752433936,0.0,0.0,0.0,0.0,0.0,0.0,0.0,0.0,0.0,0.0,0.0,0.29624478442280944,0.011126564673157162,0.0,0.0,0.0,0.0,0.0,0.006954102920723227,0.012517385257301807,0.0013908205841446453,0.0,0.0,0.0,0.12656467315716272,0.011126564673157162,0.0,0.0,0.0,0.0013908205841446453,0.019471488178025034,0.004172461752433936,0.0,0.0027816411682892906,0.009735744089012517,0.0,0.0,0.0,0.0013908205841446453,0.08066759388038942,0.0027816411682892906,0.0,0.0,0.005563282336578581,0.0,0.0,0.004172461752433936,0.0,0.0013908205841446453,0.0,0.0,0.004172461752433936,0.0,0.0,0.0,0.0,0.0,0.0,0.0013908205841446453,0.0,0.0,0.0,0.0,0.0,0.0,0.0,0.0
SRR521250,0.0037128712871287127,0.03217821782178218,0.017326732673267328,0.0012376237623762376,0.0,0.0,0.0,0.0024752475247524753,0.053217821782178217,0.01608910891089109,0.02599009900990099,0.0,0.013613861386138614,0.027227722772277228,0.0,0.0,0.0012376237623762376,0.0024752475247524753,0.0012376237623762376,0.0037128712871287127,0.0,0.0,0.008663366336633664,0.01485148514851485,0.027227722772277228,0.017326732673267328,0.12376237623762376,0.0,0.006188118811881188,0.0,0.0,0.0,0.08292079207920793,0.0012376237623762376,0.0,0.0049504950495049506,0.0024752475247524753,0.0012376237623762376,0.0,0.0,0.0012376237623762376,0.0012376237623762376,0.0,0.0,0.0037128712871287127,0.0,0.0,0.0,0.0,0.05693069306930693,0.0037128712871287127,0.0,0.0012376237623762376,0.0012376237623762376,0.0,0.0024752475247524753,0.0,0.0,0.0024752475247524753,0.0012376237623762376,0.0,0.0037128712871287127,0.0,0.01485148514851485,0.0,0.1967821782178218,0.0024752475247524753,0.0012376237623762376,0.008663366336633664,0.01608910891089109,0.0049504950495049506,0.0012376237623762376,0.0012376237623762376,0.0024752475247524753,0.0012376237623762376,0.0,0.0,0.0,0.039603960396039604,0.0297029702970297,0.0,0.0,0.0,0.03589108910891089,0.013613861386138614,0.0049504950495049506,0.0024752475247524753,0.0012376237623762376,0.0037128712871287127,0.0,0.0012376237623762376,0.0,0.0,0.013613861386138614,0.0037128712871287127,0.0,0.0012376237623762376,0.008663366336633664,0.0,0.0,0.0037128712871287127,0.0,0.0012376237623762376,0.0012376237623762376,0.0,0.0,0.0,0.0024752475247524753,0.0,0.0,0.0,0.0024752475247524753,0.006188118811881188,0.0,0.0,0.0,0.0,0.0,0.0,0.0,0.0
SRR521197,0.0,0.016221374045801526,0.004770992366412214,0.0028625954198473282,0.0,0.0,0.0,0.0028625954198473282,0.03148854961832061,0.008587786259541985,0.01431297709923664,0.0,0.007633587786259542,0.016221374045801526,0.0009541984732824427,0.0,0.0009541984732824427,0.0009541984732824427,0.0,0.0009541984732824427,0.0009541984732824427,0.0,0.008587786259541985,0.011450381679389313,0.0028625954198473282,0.016221374045801526,0.05916030534351145,0.0,0.0019083969465648854,0.0,0.0,0.0,0.09923664122137404,0.0057251908396946565,0.0,0.0019083969465648854,0.0009541984732824427,0.0,0.0,0.0,0.0,0.0,0.003816793893129771,0.0,0.0,0.01049618320610687,0.0,0.0,0.0,0.03244274809160305,0.003816793893129771,0.0,0.0,0.0,0.0,0.0,0.0,0.0,0.0019083969465648854,0.0,0.0,0.0009541984732824427,0.0,0.013358778625954198,0.0,0.21755725190839695,0.0,0.0,0.02480916030534351,0.008587786259541985,0.003816793893129771,0.003816793893129771,0.0,0.0028625954198473282,0.0028625954198473282,0.0,0.0009541984732824427,0.0,0.02099236641221374,0.05438931297709924,0.004770992366412214,0.0,0.0,0.06393129770992366,0.11259541984732824,0.01431297709923664,0.0,0.0057251908396946565,0.015267175572519083,0.0,0.004770992366412214,0.0,0.0019083969465648854,0.013358778625954198,0.0019083969465648854,0.0,0.0019083969465648854,0.0028625954198473282,0.0,0.0,0.0009541984732824427,0.0,0.0057251908396946565,0.0009541984732824427,0.0009541984732824427,0.0009541984732824427,0.0,0.0009541984732824427,0.0,0.0,0.0,0.0019083969465648854,0.007633587786259542,0.0,0.0,0.01049618320610687,0.0,0.0,0.0,0.0,0.0
SRR521184,0.003989361702127659,0.02127659574468085,0.011968085106382979,0.003989361702127659,0.0,0.0,0.0013297872340425532,0.0026595744680851063,0.057180851063829786,0.03590425531914894,0.02526595744680851,0.005319148936170213,0.013297872340425532,0.07446808510638298,0.0013297872340425532,0.0,0.0,0.0026595744680851063,0.0,0.0,0.0,0.0,0.003989361702127659,0.006648936170212766,0.009308510638297872,0.003989361702127659,0.04654255319148936,0.0,0.0,0.0,0.0,0.0,0.11037234042553191,0.0,0.0,0.003989361702127659,0.0,0.0,0.0,0.0,0.0013297872340425532,0.0,0.0013297872340425532,0.0,0.006648936170212766,0.0026595744680851063,0.0,0.0,0.0,0.05851063829787234,0.0013297872340425532,0.0013297872340425532,0.0,0.003989361702127659,0.0026595744680851063,0.0,0.0,0.0,0.0013297872340425532,0.0,0.0,0.0013297872340425532,0.0,0.0013297872340425532,0.0,0.1768617021276596,0.003989361702127659,0.0013297872340425532,0.041223404255319146,0.0,0.02526595744680851,0.0013297872340425532,0.003989361702127659,0.015957446808510637,0.0,0.0,0.0013297872340425532,0.0026595744680851063,0.02127659574468085,0.09175531914893617,0.0,0.0,0.0,0.006648936170212766,0.015957446808510637,0.0,0.0013297872340425532,0.0,0.007978723404255319,0.0,0.0,0.0,0.0,0.007978723404255319,0.010638297872340425,0.0,0.0,0.0026595744680851063,0.0,0.0,0.0013297872340425532,0.0,0.0013297872340425532,0.0,0.0026595744680851063,0.0013297872340425532,0.0013297872340425532,0.0,0.0,0.0,0.005319148936170213,0.0013297872340425532,0.005319148936170213,0.0,0.0,0.0,0.0,0.0,0.0,0.0,0.0
SRR521207,0.0008620689655172414,0.01810344827586207,0.008620689655172414,0.007758620689655172,0.0,0.0,0.0,0.0,0.01206896551724138,0.010344827586206896,0.004310344827586207,0.0,0.006896551724137931,0.015517241379310345,0.0,0.0,0.0,0.0008620689655172414,0.0,0.0,0.0,0.0,0.004310344827586207,0.00603448275862069,0.013793103448275862,0.025,0.027586206896551724,0.0,0.0034482758620689655,0.0,0.0,0.0,0.20344827586206896,0.0,0.0,0.0008620689655172414,0.0,0.0,0.0,0.0,0.0,0.0,0.0,0.0,0.004310344827586207,0.002586206896551724,0.0008620689655172414,0.0,0.0,0.07241379310344828,0.0017241379310344827,0.0,0.0008620689655172414,0.0,0.0,0.0,0.0,0.0,0.0017241379310344827,0.0,0.0,0.005172413793103448,0.0017241379310344827,0.004310344827586207,0.0,0.2775862068965517,0.015517241379310345,0.0008620689655172414,0.02586206896551724,0.019827586206896553,0.010344827586206896,0.0,0.002586206896551724,0.004310344827586207,0.0034482758620689655,0.0,0.0,0.0008620689655172414,0.05,0.014655172413793103,0.0,0.0,0.0,0.0017241379310344827,0.014655172413793103,0.009482758620689655,0.0017241379310344827,0.0008620689655172414,0.004310344827586207,0.0,0.0008620689655172414,0.0008620689655172414,0.0017241379310344827,0.026724137931034484,0.0034482758620689655,0.0,0.0017241379310344827,0.00603448275862069,0.0,0.0,0.013793103448275862,0.0,0.0008620689655172414,0.0,0.0017241379310344827,0.0,0.005172413793103448,0.0008620689655172414,0.0,0.0,0.0,0.002586206896551724,0.002586206896551724,0.0,0.0,0.0,0.0,0.0,0.0,0.0,0.0008620689655172414
SRR521175,0.002366863905325444,0.022485207100591716,0.007100591715976331,0.002366863905325444,0.0,0.0,0.0,0.001183431952662722,0.02485207100591716,0.008284023668639054,0.0,0.0035502958579881655,0.01301775147928994,0.01893491124260355,0.004733727810650888,0.0,0.0,0.002366863905325444,0.0,0.001183431952662722,0.002366863905325444,0.001183431952662722,0.0,0.008284023668639054,0.007100591715976331,0.008284023668639054,0.015384615384615385,0.0,0.001183431952662722,0.0,0.0,0.0,0.08165680473372781,0.001183431952662722,0.0,0.001183431952662722,0.0,0.0,0.0,0.001183431952662722,0.0,0.0,0.001183431952662722,0.0,0.001183431952662722,0.0035502958579881655,0.001183431952662722,0.0,0.0,0.03431952662721893,0.007100591715976331,0.004733727810650888,0.001183431952662722,0.0,0.0,0.0,0.0,0.0,0.001183431952662722,0.0,0.0,0.0,0.0,0.001183431952662722,0.001183431952662722,0.1834319526627219,0.002366863905325444,0.0,0.03550295857988166,0.011834319526627219,0.03905325443786982,0.008284023668639054,0.0,0.001183431952662722,0.001183431952662722,0.0,0.0,0.0,0.03905325443786982,0.04497041420118343,0.0,0.0,0.0,0.17041420118343195,0.03076923076923077,0.004733727810650888,0.023668639053254437,0.0035502958579881655,0.016568047337278107,0.001183431952662722,0.007100591715976331,0.0,0.001183431952662722,0.033136094674556214,0.001183431952662722,0.0,0.0035502958579881655,0.007100591715976331,0.0,0.0,0.0,0.0,0.007100591715976331,0.0,0.0,0.001183431952662722,0.0,0.001183431952662722,0.0,0.0,0.0,0.002366863905325444,0.004733727810650888,0.0,0.0,0.008284023668639054,0.0,0.0,0.0,0.0,0.001183431952662722
SRR521205,0.0021436227224008574,0.013933547695605574,0.004287245444801715,0.00857449088960343,0.0,0.0,0.0010718113612004287,0.0010718113612004287,0.01929260450160772,0.011789924973204717,0.007502679528403001,0.0,0.0053590568060021436,0.01607717041800643,0.0010718113612004287,0.0010718113612004287,0.0,0.0,0.0,0.003215434083601286,0.0,0.0010718113612004287,0.0021436227224008574,0.0021436227224008574,0.003215434083601286,0.012861736334405145,0.01822079314040729,0.0,0.0010718113612004287,0.0,0.0,0.0021436227224008574,0.13504823151125403,0.0021436227224008574,0.0,0.0,0.0,0.0,0.0,0.0010718113612004287,0.0,0.0,0.0,0.0010718113612004287,0.003215434083601286,0.007502679528403001,0.0,0.0021436227224008574,0.0,0.06966773847802786,0.0010718113612004287,0.0,0.0010718113612004287,0.0010718113612004287,0.0,0.0010718113612004287,0.0,0.0,0.0010718113612004287,0.0,0.0,0.0,0.0010718113612004287,0.004287245444801715,0.0,0.3558413719185423,0.0053590568060021436,0.003215434083601286,0.03858520900321544,0.027867095391211148,0.011789924973204717,0.003215434083601286,0.0,0.0053590568060021436,0.003215434083601286,0.0,0.0010718113612004287,0.003215434083601286,0.030010718113612004,0.020364415862808145,0.0,0.0010718113612004287,0.0010718113612004287,0.0010718113612004287,0.02572347266881029,0.0021436227224008574,0.0,0.003215434083601286,0.004287245444801715,0.0,0.0,0.0010718113612004287,0.0,0.03215434083601286,0.0053590568060021436,0.0,0.003215434083601286,0.015005359056806002,0.0,0.0,0.006430868167202572,0.0,0.0021436227224008574,0.0,0.0010718113612004287,0.0021436227224008574,0.0,0.0,0.0,0.0,0.0010718113612004287,0.0,0.0053590568060021436,0.0,0.0,0.0,0.0,0.003215434083601286,0.0,0.0010718113612004287,0.0
SRR521191,0.00156128024980484,0.01873536299765808,0.00858704137392662,0.00312256049960968,0.0,0.0,0.00078064012490242,0.00078064012490242,0.01249024199843872,0.00312256049960968,0.01405152224824356,0.00234192037470726,0.00624512099921936,0.01795472287275566,0.0,0.00234192037470726,0.00078064012490242,0.00156128024980484,0.0,0.00078064012490242,0.0,0.0,0.01873536299765808,0.0039032006245121,0.00468384074941452,0.0195160031225605,0.08743169398907104,0.00078064012490242,0.00312256049960968,0.0,0.0,0.0,0.16939890710382513,0.0,0.00078064012490242,0.0,0.00078064012490242,0.0,0.0,0.00078064012490242,0.0,0.0,0.00546448087431694,0.00078064012490242,0.00156128024980484,0.00624512099921936,0.0,0.00078064012490242,0.0,0.05620608899297424,0.00156128024980484,0.0,0.0,0.0,0.0,0.0,0.0,0.0,0.00156128024980484,0.00078064012490242,0.0,0.0,0.0,0.0,0.0,0.2615144418423107,0.01483216237314598,0.00234192037470726,0.00546448087431694,0.00546448087431694,0.0312256049960968,0.0039032006245121,0.00234192037470726,0.0039032006245121,0.00312256049960968,0.0,0.0,0.0,0.0234192037470726,0.01014832162373146,0.0,0.0,0.0,0.03825136612021858,0.02888368462138954,0.01092896174863388,0.01483216237314598,0.00156128024980484,0.00546448087431694,0.0,0.00234192037470726,0.0,0.00156128024980484,0.02419984387197502,0.0,0.0,0.0039032006245121,0.00234192037470726,0.0,0.0,0.0,0.0,0.0,0.0,0.00234192037470726,0.0,0.0,0.00078064012490242,0.0,0.0,0.00156128024980484,0.00156128024980484,0.00468384074941452,0.0,0.0,0.0,0.0,0.00078064012490242,0.0,0.0,0.0
SRR521190,0.0028680688336520078,0.016252390057361378,0.008604206500956023,0.0057361376673040155,0.0009560229445506692,0.0,0.0009560229445506692,0.0009560229445506692,0.030592734225621414,0.0057361376673040155,0.0,0.0,0.010516252390057362,0.014340344168260038,0.0,0.0,0.0009560229445506692,0.0009560229445506692,0.0,0.0019120458891013384,0.0009560229445506692,0.0,0.0076481835564053535,0.0076481835564053535,0.0076481835564053535,0.0057361376673040155,0.03154875717017208,0.0,0.0009560229445506692,0.0,0.0,0.0009560229445506692,0.17304015296367112,0.0019120458891013384,0.0,0.0,0.0009560229445506692,0.0009560229445506692,0.0,0.0,0.0009560229445506692,0.0,0.0,0.0009560229445506692,0.0019120458891013384,0.0028680688336520078,0.0,0.0,0.0,0.019120458891013385,0.0009560229445506692,0.0,0.0,0.0,0.0,0.0009560229445506692,0.0,0.0,0.0019120458891013384,0.0,0.0,0.0,0.0,0.0,0.0,0.2447418738049713,0.0038240917782026767,0.0009560229445506692,0.04684512428298279,0.004780114722753346,0.0057361376673040155,0.0,0.0009560229445506692,0.0038240917782026767,0.0038240917782026767,0.0,0.0,0.0,0.045889101338432124,0.06883365200764818,0.0,0.0,0.0,0.10707456978967496,0.0076481835564053535,0.0057361376673040155,0.0,0.0057361376673040155,0.008604206500956023,0.0,0.0019120458891013384,0.0,0.0019120458891013384,0.0372848948374761,0.0,0.0019120458891013384,0.0019120458891013384,0.0028680688336520078,0.0,0.0,0.0,0.0,0.0019120458891013384,0.0,0.0,0.0,0.0,0.0,0.0,0.0,0.0019120458891013384,0.004780114722753346,0.0019120458891013384,0.0,0.0,0.0,0.0,0.0009560229445506692,0.0,0.0,0.0
SRR518987,0.003284072249589491,0.019704433497536946,0.011494252873563218,0.009852216748768473,0.0,0.0016420361247947454,0.0,0.0,0.047619047619047616,0.003284072249589491,0.003284072249589491,0.0,0.024630541871921183,0.041050903119868636,0.0016420361247947454,0.0016420361247947454,0.0016420361247947454,0.0,0.0,0.003284072249589491,0.0016420361247947454,0.0,0.011494252873563218,0.008210180623973728,0.013136288998357963,0.026272577996715927,0.10837438423645321,0.0,0.0,0.0,0.0016420361247947454,0.0,0.10180623973727422,0.003284072249589491,0.0,0.003284072249589491,0.0,0.0,0.0,0.0,0.003284072249589491,0.0,0.0,0.0016420361247947454,0.0049261083743842365,0.009852216748768473,0.0,0.0,0.0,0.060755336617405585,0.0016420361247947454,0.008210180623973728,0.0016420361247947454,0.0,0.0,0.0,0.0,0.0,0.003284072249589491,0.0,0.0016420361247947454,0.0016420361247947454,0.0,0.0,0.0,0.07717569786535304,0.0016420361247947454,0.0,0.027914614121510674,0.011494252873563218,0.1116584564860427,0.026272577996715927,0.0,0.0,0.0,0.0,0.0,0.0,0.013136288998357963,0.021346469622331693,0.0016420361247947454,0.0,0.0,0.05582922824302135,0.006568144499178982,0.0180623973727422,0.0016420361247947454,0.0016420361247947454,0.0016420361247947454,0.0016420361247947454,0.0016420361247947454,0.0,0.0,0.013136288998357963,0.0016420361247947454,0.0,0.0,0.021346469622331693,0.0,0.0016420361247947454,0.0,0.003284072249589491,0.011494252873563218,0.0,0.0,0.0,0.0,0.0,0.0049261083743842365,0.0,0.0,0.0,0.0016420361247947454,0.0016420361247947454,0.0016420361247947454,0.0,0.0016420361247947454,0.0,0.0,0.0,0.0
SRR521225,0.000859106529209622,0.007731958762886598,0.00429553264604811,0.002577319587628866,0.000859106529209622,0.001718213058419244,0.0,0.0,0.03264604810996564,0.014604810996563574,0.018900343642611683,0.0,0.003436426116838488,0.01288659793814433,0.001718213058419244,0.000859106529209622,0.000859106529209622,0.001718213058419244,0.0,0.0,0.0,0.0,0.003436426116838488,0.003436426116838488,0.00429553264604811,0.04982817869415808,0.0,0.000859106529209622,0.000859106529209622,0.0,0.0,0.001718213058419244,0.1640893470790378,0.0,0.0,0.000859106529209622,0.0,0.000859106529209622,0.000859106529209622,0.0,0.0,0.0,0.000859106529209622,0.001718213058419244,0.001718213058419244,0.00429553264604811,0.001718213058419244,0.0,0.000859106529209622,0.0352233676975945,0.001718213058419244,0.002577319587628866,0.0,0.000859106529209622,0.001718213058419244,0.0,0.000859106529209622,0.0,0.003436426116838488,0.0,0.0,0.000859106529209622,0.0,0.002577319587628866,0.003436426116838488,0.14776632302405499,0.006013745704467354,0.0,0.011168384879725086,0.0,0.09278350515463918,0.003436426116838488,0.003436426116838488,0.02577319587628866,0.0,0.0,0.0,0.000859106529209622,0.03608247422680412,0.08075601374570447,0.0,0.0,0.0,0.002577319587628866,0.03865979381443299,0.003436426116838488,0.0,0.003436426116838488,0.003436426116838488,0.0,0.0,0.006872852233676976,0.011168384879725086,0.054982817869415807,0.02147766323024055,0.003436426116838488,0.002577319587628866,0.003436426116838488,0.0,0.001718213058419244,0.007731958762886598,0.0,0.0,0.0,0.001718213058419244,0.000859106529209622,0.0,0.0,0.0,0.0,0.006013745704467354,0.0,0.006872852233676976,0.000859106529209622,0.002577319587628866,0.0,0.0,0.0,0.0,0.0,0.000859106529209622
SRR521211,0.004449388209121246,0.021134593993325918,0.0033370411568409346,0.002224694104560623,0.0011123470522803114,0.0,0.0,0.002224694104560623,0.060066740823136816,0.03225806451612903,0.018909899888765295,0.0,0.004449388209121246,0.012235817575083427,0.002224694104560623,0.002224694104560623,0.0011123470522803114,0.0011123470522803114,0.0,0.002224694104560623,0.0,0.0,0.010011123470522803,0.0033370411568409346,0.008898776418242492,0.03781979977753059,0.0,0.0033370411568409346,0.0,0.0,0.0,0.0011123470522803114,0.16907675194660735,0.002224694104560623,0.0,0.0011123470522803114,0.0,0.0,0.0011123470522803114,0.0,0.0,0.0,0.0011123470522803114,0.0011123470522803114,0.0011123470522803114,0.002224694104560623,0.002224694104560623,0.0011123470522803114,0.0,0.025583982202447165,0.0011123470522803114,0.0011123470522803114,0.0,0.0,0.0,0.0,0.0,0.0,0.002224694104560623,0.0,0.0,0.0,0.0,0.006674082313681869,0.002224694104560623,0.13459399332591768,0.004449388209121246,0.0,0.03225806451612903,0.0011123470522803114,0.04560622914349277,0.00778642936596218,0.0,0.0011123470522803114,0.0011123470522803114,0.0,0.0011123470522803114,0.0011123470522803114,0.03225806451612903,0.03670745272525028,0.0,0.0,0.0,0.03781979977753059,0.026696329254727477,0.004449388209121246,0.0,0.0011123470522803114,0.00778642936596218,0.0,0.0011123470522803114,0.004449388209121246,0.0055617352614015575,0.08453837597330367,0.013348164627363738,0.004449388209121246,0.002224694104560623,0.011123470522803115,0.0,0.0,0.002224694104560623,0.0,0.011123470522803115,0.0,0.0,0.0,0.0011123470522803114,0.0011123470522803114,0.0,0.0011123470522803114,0.0055617352614015575,0.0,0.004449388209121246,0.0,0.0011123470522803114,0.0,0.0,0.0,0.0,0.0,0.0
SRR521215,0.0007451564828614009,0.012667660208643815,0.0029806259314456036,0.005961251862891207,0.0,0.0,0.0,0.0,0.040983606557377046,0.020119225037257823,0.00819672131147541,0.0,0.0014903129657228018,0.00894187779433681,0.0014903129657228018,0.0,0.0007451564828614009,0.0007451564828614009,0.0014903129657228018,0.0014903129657228018,0.0,0.0,0.0037257824143070045,0.0037257824143070045,0.009687034277198211,0.06259314456035768,0.0,0.0007451564828614009,0.0,0.0,0.0,0.0007451564828614009,0.1557377049180328,0.0007451564828614009,0.0,0.0,0.0,0.0,0.0,0.0,0.0,0.0,0.0007451564828614009,0.0,0.0007451564828614009,0.0,0.0,0.0,0.0,0.01713859910581222,0.0,0.0,0.0,0.0,0.0,0.0,0.0007451564828614009,0.0,0.005216095380029807,0.0007451564828614009,0.0,0.0,0.0,0.0067064083457526085,0.00819672131147541,0.15946348733233978,0.005961251862891207,0.0007451564828614009,0.01713859910581222,0.0007451564828614009,0.11698956780923994,0.004470938897168405,0.0037257824143070045,0.03204172876304024,0.0007451564828614009,0.0,0.0,0.0,0.02533532041728763,0.07898658718330849,0.0,0.0,0.0,0.009687034277198211,0.040983606557377046,0.005216095380029807,0.0022354694485842027,0.0014903129657228018,0.0037257824143070045,0.0,0.0007451564828614009,0.0067064083457526085,0.011922503725782414,0.029061102831594635,0.007451564828614009,0.0022354694485842027,0.0007451564828614009,0.00819672131147541,0.0,0.0007451564828614009,0.01639344262295082,0.0007451564828614009,0.0022354694485842027,0.0007451564828614009,0.0007451564828614009,0.0022354694485842027,0.0014903129657228018,0.0,0.0,0.0,0.0014903129657228018,0.0,0.0022354694485842027,0.0,0.0,0.0,0.0014903129657228018,0.0,0.0,0.0,0.0
SRR521227,0.0,0.02029664324746292,0.00624512099921936,0.00624512099921936,0.0,0.0,0.0,0.0,0.01327088212334114,0.0078064012490242,0.00702576112412178,0.0,0.00468384074941452,0.01405152224824356,0.00078064012490242,0.00078064012490242,0.0,0.00156128024980484,0.00078064012490242,0.0,0.0,0.0,0.00468384074941452,0.00468384074941452,0.01092896174863388,0.01795472287275566,0.02576112412177986,0.0,0.0039032006245121,0.0,0.0,0.0,0.19281811085089773,0.0,0.0,0.00078064012490242,0.0,0.0,0.0,0.0,0.00156128024980484,0.0,0.00156128024980484,0.0,0.00234192037470726,0.00078064012490242,0.00078064012490242,0.0,0.0,0.047619047619047616,0.0078064012490242,0.00156128024980484,0.00078064012490242,0.00234192037470726,0.0,0.00078064012490242,0.00078064012490242,0.0,0.00156128024980484,0.0,0.0,0.00156128024980484,0.0,0.00156128024980484,0.0,0.23341139734582358,0.0195160031225605,0.00468384074941452,0.01483216237314598,0.0117096018735363,0.01795472287275566,0.00234192037470726,0.00156128024980484,0.00312256049960968,0.00234192037470726,0.0,0.0,0.00078064012490242,0.03590944574551132,0.04839968774395004,0.00078064012490242,0.0,0.0,0.03669008587041374,0.07103825136612021,0.00624512099921936,0.00234192037470726,0.00078064012490242,0.00702576112412178,0.0,0.00234192037470726,0.0,0.00078064012490242,0.02576112412177986,0.0039032006245121,0.00078064012490242,0.0,0.00156128024980484,0.0,0.0,0.00858704137392662,0.00078064012490242,0.0039032006245121,0.0,0.00156128024980484,0.00156128024980484,0.00078064012490242,0.00078064012490242,0.0,0.0,0.0,0.0,0.00312256049960968,0.0,0.0,0.0,0.0,0.0,0.00078064012490242,0.0,0.0
SRR515153,0.0015527950310559005,0.04192546583850932,0.009316770186335404,0.004658385093167702,0.0,0.0,0.0015527950310559005,0.0,0.026397515527950312,0.017080745341614908,0.013975155279503106,0.0,0.031055900621118012,0.034161490683229816,0.0,0.0,0.0,0.0015527950310559005,0.0,0.003105590062111801,0.0015527950310559005,0.004658385093167702,0.012422360248447204,0.010869565217391304,0.003105590062111801,0.013975155279503106,0.09316770186335403,0.0015527950310559005,0.003105590062111801,0.0,0.0,0.0,0.12267080745341614,0.0015527950310559005,0.0,0.0,0.0,0.0015527950310559005,0.0,0.0,0.0,0.0,0.0,0.004658385093167702,0.004658385093167702,0.0015527950310559005,0.0,0.003105590062111801,0.0,0.023291925465838508,0.0015527950310559005,0.0,0.003105590062111801,0.003105590062111801,0.0,0.003105590062111801,0.0,0.0,0.003105590062111801,0.003105590062111801,0.0,0.0,0.0,0.0015527950310559005,0.0,0.14906832298136646,0.004658385093167702,0.0,0.006211180124223602,0.010869565217391304,0.06055900621118013,0.07142857142857142,0.0,0.0015527950310559005,0.0,0.0,0.0015527950310559005,0.0,0.017080745341614908,0.034161490683229816,0.010869565217391304,0.0,0.0,0.03260869565217391,0.013975155279503106,0.006211180124223602,0.0,0.0,0.003105590062111801,0.0,0.004658385093167702,0.0,0.0,0.012422360248447204,0.006211180124223602,0.0,0.0015527950310559005,0.017080745341614908,0.0,0.0,0.0,0.0,0.007763975155279503,0.0,0.0,0.0,0.0,0.0,0.0015527950310559005,0.0,0.0,0.0,0.003105590062111801,0.0015527950310559005,0.004658385093167702,0.0,0.0015527950310559005,0.0,0.0,0.0,0.0
SRR521189,0.0,0.014629948364888123,0.00774526678141136,0.0051635111876075735,0.0008605851979345956,0.0,0.0008605851979345956,0.0,0.0051635111876075735,0.0034423407917383822,0.0,0.0008605851979345956,0.006024096385542169,0.019793459552495698,0.0017211703958691911,0.0,0.0008605851979345956,0.0,0.0,0.0008605851979345956,0.0,0.0,0.006024096385542169,0.0008605851979345956,0.024096385542168676,0.013769363166953529,0.013769363166953529,0.0008605851979345956,0.0008605851979345956,0.0008605851979345956,0.0,0.0,0.2633390705679862,0.0,0.0,0.0017211703958691911,0.0,0.0,0.0,0.0025817555938037868,0.0,0.0,0.0008605851979345956,0.0,0.0051635111876075735,0.0008605851979345956,0.0008605851979345956,0.0,0.0,0.06282271944922548,0.0025817555938037868,0.0008605851979345956,0.0008605851979345956,0.0017211703958691911,0.0017211703958691911,0.0008605851979345956,0.0,0.0,0.0008605851979345956,0.0008605851979345956,0.0,0.0,0.0008605851979345956,0.0034423407917383822,0.0,0.14113597246127366,0.00946643717728055,0.0025817555938037868,0.011187607573149742,0.0008605851979345956,0.17814113597246128,0.012048192771084338,0.0008605851979345956,0.00774526678141136,0.0008605851979345956,0.0,0.0,0.0008605851979345956,0.019793459552495698,0.0034423407917383822,0.0008605851979345956,0.0,0.0,0.03614457831325301,0.0051635111876075735,0.006024096385542169,0.0,0.0025817555938037868,0.018072289156626505,0.0,0.0,0.004302925989672977,0.0008605851979345956,0.01721170395869191,0.004302925989672977,0.0,0.0025817555938037868,0.0017211703958691911,0.0,0.0008605851979345956,0.0034423407917383822,0.0,0.0034423407917383822,0.0,0.0,0.0,0.0,0.0008605851979345956,0.0,0.0008605851979345956,0.0,0.00774526678141136,0.0051635111876075735,0.0,0.0,0.0,0.0,0.0,0.0,0.0,0.0
SRR521220,0.0,0.0136986301369863,0.006322444678609062,0.005268703898840885,0.0,0.0,0.0,0.0,0.0,0.0,0.0,0.0,0.008429926238145416,0.04741833508956796,0.0,0.0,0.001053740779768177,0.0,0.001053740779768177,0.0,0.0,0.001053740779768177,0.004214963119072708,0.007376185458377239,0.0,0.0,0.0,0.0,0.0,0.0,0.0,0.0,0.06638566912539515,0.001053740779768177,0.0,0.001053740779768177,0.0,0.0,0.0,0.002107481559536354,0.0,0.0,0.0,0.0,0.003161222339304531,0.0410958904109589,0.0,0.001053740779768177,0.001053740779768177,0.08640674394099052,0.0,0.0,0.0,0.0,0.0,0.0,0.0,0.0,0.0,0.002107481559536354,0.0,0.0,0.0,0.0,0.0,0.27502634351949423,0.009483667017913594,0.004214963119072708,0.0,0.0,0.0,0.0,0.018967334035827187,0.020021074815595362,0.001053740779768177,0.0,0.0,0.0,0.16754478398314016,0.014752370916754479,0.0,0.0,0.0,0.006322444678609062,0.032665964172813484,0.004214963119072708,0.002107481559536354,0.003161222339304531,0.011591148577449948,0.001053740779768177,0.001053740779768177,0.0,0.0,0.06954689146469968,0.005268703898840885,0.0,0.026343519494204427,0.007376185458377239,0.0,0.0,0.003161222339304531,0.001053740779768177,0.001053740779768177,0.002107481559536354,0.001053740779768177,0.003161222339304531,0.0,0.0,0.0,0.001053740779768177,0.0,0.0,0.001053740779768177,0.0,0.0,0.0,0.0,0.0,0.0,0.001053740779768177,0.0
SRR521226,0.0008680555555555555,0.017361111111111112,0.005208333333333333,0.008680555555555556,0.0,0.0,0.0,0.0,0.008680555555555556,0.003472222222222222,0.008680555555555556,0.0,0.0078125,0.017361111111111112,0.0,0.0008680555555555555,0.0008680555555555555,0.0,0.001736111111111111,0.0008680555555555555,0.0,0.0,0.004340277777777778,0.001736111111111111,0.003472222222222222,0.017361111111111112,0.029513888888888888,0.0,0.0008680555555555555,0.0,0.0,0.0,0.1284722222222222,0.0,0.0,0.0,0.0,0.0,0.0,0.0008680555555555555,0.0,0.0,0.001736111111111111,0.0,0.003472222222222222,0.001736111111111111,0.0,0.0,0.0,0.04079861111111111,0.004340277777777778,0.0,0.0,0.0,0.0,0.0,0.0,0.0,0.0008680555555555555,0.0026041666666666665,0.0,0.0008680555555555555,0.0,0.018229166666666668,0.0,0.2986111111111111,0.011284722222222222,0.001736111111111111,0.027777777777777776,0.025173611111111112,0.026909722222222224,0.001736111111111111,0.003472222222222222,0.005208333333333333,0.0,0.0,0.001736111111111111,0.0,0.050347222222222224,0.029513888888888888,0.0008680555555555555,0.0008680555555555555,0.0,0.043402777777777776,0.04600694444444445,0.013020833333333334,0.0008680555555555555,0.004340277777777778,0.012152777777777778,0.0,0.001736111111111111,0.0,0.0,0.019965277777777776,0.0026041666666666665,0.0,0.0026041666666666665,0.004340277777777778,0.0,0.0008680555555555555,0.011284722222222222,0.0,0.001736111111111111,0.0,0.0,0.0008680555555555555,0.0008680555555555555,0.0008680555555555555,0.0,0.0,0.0,0.0,0.0008680555555555555,0.0,0.0,0.0,0.0,0.0,0.0,0.0,0.0
SRR521185,0.0019011406844106464,0.017110266159695818,0.008555133079847909,0.0038022813688212928,0.0009505703422053232,0.0,0.0009505703422053232,0.0,0.027566539923954372,0.014258555133079848,0.019011406844106463,0.004752851711026616,0.009505703422053232,0.03326996197718631,0.0009505703422053232,0.0,0.0,0.0009505703422053232,0.0009505703422053232,0.0019011406844106464,0.0,0.0,0.024714828897338403,0.0038022813688212928,0.004752851711026616,0.053231939163498096,0.028517110266159697,0.0009505703422053232,0.0,0.0009505703422053232,0.0,0.0,0.08935361216730038,0.0,0.0,0.0,0.0,0.0,0.0009505703422053232,0.0,0.0,0.0,0.0,0.0,0.006653992395437262,0.012357414448669201,0.0009505703422053232,0.0009505703422053232,0.0,0.03136882129277566,0.004752851711026616,0.0019011406844106464,0.0009505703422053232,0.0019011406844106464,0.0,0.0,0.0,0.0,0.0019011406844106464,0.0,0.0,0.0019011406844106464,0.0,0.0,0.0,0.20627376425855512,0.011406844106463879,0.0019011406844106464,0.04182509505703422,0.0019011406844106464,0.0779467680608365,0.0019011406844106464,0.0,0.0038022813688212928,0.0,0.0009505703422053232,0.0009505703422053232,0.0009505703422053232,0.02376425855513308,0.030418250950570342,0.0,0.0,0.0,0.07129277566539924,0.03231939163498099,0.008555133079847909,0.014258555133079848,0.0,0.008555133079847909,0.0,0.0009505703422053232,0.0,0.0019011406844106464,0.013307984790874524,0.0,0.0,0.0009505703422053232,0.0,0.0,0.0,0.0,0.0,0.0,0.0,0.0009505703422053232,0.0,0.0,0.0019011406844106464,0.0,0.0,0.0,0.009505703422053232,0.004752851711026616,0.0009505703422053232,0.0,0.0,0.0,0.0,0.0,0.0,0.0
SRR521182,0.0,0.022187004754358162,0.00792393026941363,0.006339144215530904,0.0,0.0,0.0,0.0,0.03803486529318542,0.003169572107765452,0.0,0.003169572107765452,0.017432646592709985,0.01901743264659271,0.001584786053882726,0.001584786053882726,0.0,0.001584786053882726,0.003169572107765452,0.001584786053882726,0.0,0.0,0.006339144215530904,0.004754358161648178,0.012678288431061807,0.025356576862123614,0.025356576862123614,0.0,0.003169572107765452,0.0,0.0,0.0,0.12995245641838352,0.001584786053882726,0.0,0.0,0.0,0.0,0.0,0.001584786053882726,0.0,0.0,0.003169572107765452,0.0,0.014263074484944533,0.001584786053882726,0.0,0.0,0.0,0.04595879556259905,0.004754358161648178,0.0,0.0,0.001584786053882726,0.0,0.0,0.0,0.0,0.006339144215530904,0.0,0.0,0.004754358161648178,0.0,0.0,0.0,0.19334389857369255,0.001584786053882726,0.001584786053882726,0.0491283676703645,0.011093502377179081,0.001584786053882726,0.00792393026941363,0.001584786053882726,0.001584786053882726,0.0,0.0,0.0,0.0,0.022187004754358162,0.03486529318541997,0.0,0.0,0.0,0.11727416798732171,0.014263074484944533,0.006339144215530904,0.017432646592709985,0.006339144215530904,0.00792393026941363,0.0,0.006339144215530904,0.0,0.0,0.05229793977812995,0.001584786053882726,0.0,0.0,0.003169572107765452,0.0,0.001584786053882726,0.0,0.0,0.0,0.0,0.001584786053882726,0.0,0.0,0.0,0.0,0.0,0.0,0.0,0.001584786053882726,0.0,0.0,0.009508716323296355,0.0,0.0,0.0,0.0,0.0
SRR521179,0.0,0.027737226277372264,0.014598540145985401,0.00145985401459854,0.0,0.0,0.0,0.00291970802919708,0.0364963503649635,0.020437956204379562,0.013138686131386862,0.00145985401459854,0.017518248175182483,0.06277372262773723,0.00145985401459854,0.00145985401459854,0.0,0.00145985401459854,0.0,0.00291970802919708,0.0,0.0,0.020437956204379562,0.00583941605839416,0.008759124087591242,0.033576642335766425,0.12992700729927006,0.00145985401459854,0.00145985401459854,0.0,0.0,0.0,0.07007299270072993,0.0,0.0,0.0,0.00145985401459854,0.00145985401459854,0.0,0.00145985401459854,0.0,0.0,0.00145985401459854,0.00145985401459854,0.004379562043795621,0.016058394160583942,0.0,0.0,0.00145985401459854,0.05547445255474453,0.0,0.0,0.00145985401459854,0.0,0.0,0.0,0.0,0.0,0.00145985401459854,0.0,0.00145985401459854,0.0,0.0,0.00145985401459854,0.00145985401459854,0.16496350364963502,0.00291970802919708,0.00291970802919708,0.0,0.016058394160583942,0.030656934306569343,0.00145985401459854,0.00145985401459854,0.00583941605839416,0.00145985401459854,0.0,0.00145985401459854,0.0,0.021897810218978103,0.01897810218978102,0.0,0.0,0.0,0.06423357664233577,0.01897810218978102,0.0072992700729927005,0.013138686131386862,0.00145985401459854,0.00583941605839416,0.0,0.00145985401459854,0.004379562043795621,0.0,0.026277372262773723,0.0,0.0,0.00145985401459854,0.0,0.0,0.0,0.0,0.0,0.0,0.0,0.0,0.0,0.0,0.0,0.0,0.0,0.0,0.00583941605839416,0.00291970802919708,0.0,0.0,0.0,0.00145985401459854,0.0,0.0,0.00145985401459854,0.0
SRR521183,0.0,0.023383768913342505,0.005502063273727648,0.002751031636863824,0.001375515818431912,0.0,0.0,0.0,0.03163686382393398,0.0,0.02063273727647868,0.0,0.015130674002751032,0.023383768913342505,0.001375515818431912,0.0,0.001375515818431912,0.0,0.0,0.0,0.0,0.0,0.0,0.002751031636863824,0.0041265474552957355,0.015130674002751032,0.059147180192572216,0.001375515818431912,0.0041265474552957355,0.0,0.0,0.0,0.07840440165061899,0.005502063273727648,0.001375515818431912,0.0,0.0,0.001375515818431912,0.0,0.0,0.0,0.0,0.001375515818431912,0.002751031636863824,0.002751031636863824,0.016506189821182942,0.001375515818431912,0.002751031636863824,0.0,0.037138927097661624,0.0041265474552957355,0.0,0.0,0.0,0.0,0.0,0.0,0.0,0.002751031636863824,0.0,0.002751031636863824,0.001375515818431912,0.0,0.001375515818431912,0.0,0.2407152682255846,0.0,0.0,0.015130674002751032,0.013755158184319119,0.002751031636863824,0.001375515818431912,0.005502063273727648,0.002751031636863824,0.001375515818431912,0.0,0.0,0.0,0.0453920220082531,0.0811554332874828,0.002751031636863824,0.0,0.0,0.026134800550206328,0.012379642365887207,0.011004126547455296,0.0,0.0041265474552957355,0.011004126547455296,0.0,0.001375515818431912,0.0,0.002751031636863824,0.11416781292984869,0.0,0.0,0.0,0.001375515818431912,0.0,0.0,0.0,0.0,0.008253094910591471,0.0,0.0,0.0,0.0,0.0,0.0,0.0,0.0,0.0,0.002751031636863824,0.0,0.0,0.013755158184319119,0.0,0.0,0.0,0.0,0.0
SRR521194,0.004552352048558422,0.024279210925644917,0.004552352048558422,0.0030349013657056147,0.0,0.0,0.0,0.0,0.02276176024279211,0.009104704097116844,0.021244309559939303,0.0,0.025796661608497723,0.048558421851289835,0.0,0.0,0.0,0.0,0.0015174506828528073,0.0015174506828528073,0.0030349013657056147,0.0015174506828528073,0.0030349013657056147,0.018209408194233688,0.0030349013657056147,0.004552352048558422,0.11836115326251896,0.0,0.006069802731411229,0.0,0.0,0.0,0.16084977238239756,0.0030349013657056147,0.0015174506828528073,0.007587253414264037,0.0,0.0,0.0,0.0015174506828528073,0.0,0.0,0.0,0.0,0.0030349013657056147,0.0030349013657056147,0.0,0.0015174506828528073,0.0,0.07435508345978756,0.0015174506828528073,0.0,0.0015174506828528073,0.0015174506828528073,0.0,0.0,0.0,0.0,0.0015174506828528073,0.0,0.0,0.0015174506828528073,0.0015174506828528073,0.0,0.0,0.05614567526555387,0.004552352048558422,0.004552352048558422,0.010622154779969651,0.013657056145675266,0.0622154779969651,0.06676783004552352,0.0015174506828528073,0.0,0.0,0.0,0.0,0.0,0.03186646433990895,0.010622154779969651,0.009104704097116844,0.0,0.0,0.018209408194233688,0.0015174506828528073,0.0015174506828528073,0.0015174506828528073,0.0015174506828528073,0.007587253414264037,0.0,0.0,0.0,0.0,0.021244309559939303,0.0030349013657056147,0.0,0.0015174506828528073,0.042488619119878605,0.0,0.0,0.0,0.0,0.013657056145675266,0.0,0.0,0.0,0.0,0.0015174506828528073,0.0030349013657056147,0.0,0.0,0.0,0.0030349013657056147,0.0030349013657056147,0.0030349013657056147,0.0,0.0,0.0,0.0,0.0015174506828528073,0.0
SRR521193,0.0023391812865497076,0.022222222222222223,0.010526315789473684,0.007017543859649123,0.0,0.0,0.0023391812865497076,0.0011695906432748538,0.056140350877192984,0.02456140350877193,0.029239766081871343,0.0,0.01871345029239766,0.03625730994152047,0.0023391812865497076,0.0011695906432748538,0.0,0.0,0.0011695906432748538,0.0011695906432748538,0.0,0.0,0.0035087719298245615,0.007017543859649123,0.004678362573099415,0.016374269005847954,0.12748538011695906,0.0,0.007017543859649123,0.0,0.0011695906432748538,0.0,0.0935672514619883,0.0035087719298245615,0.0,0.0,0.0,0.0,0.0,0.0,0.0,0.0,0.0,0.0011695906432748538,0.0023391812865497076,0.00935672514619883,0.0011695906432748538,0.0011695906432748538,0.0,0.0456140350877193,0.0035087719298245615,0.0,0.0035087719298245615,0.0,0.0,0.0,0.0,0.0,0.0011695906432748538,0.0,0.0,0.0,0.0,0.0011695906432748538,0.0,0.10409356725146199,0.0035087719298245615,0.0,0.0152046783625731,0.010526315789473684,0.016374269005847954,0.019883040935672516,0.0011695906432748538,0.0023391812865497076,0.0,0.0,0.0,0.0,0.022222222222222223,0.007017543859649123,0.012865497076023392,0.0,0.0011695906432748538,0.08771929824561403,0.023391812865497075,0.0035087719298245615,0.0011695906432748538,0.0,0.00935672514619883,0.0,0.004678362573099415,0.0,0.0035087719298245615,0.06198830409356725,0.0023391812865497076,0.0,0.0023391812865497076,0.0152046783625731,0.0,0.0,0.0,0.0011695906432748538,0.0011695906432748538,0.0,0.0,0.0011695906432748538,0.0,0.004678362573099415,0.0011695906432748538,0.0011695906432748538,0.0,0.0,0.0023391812865497076,0.0023391812865497076,0.0011695906432748538,0.0,0.0,0.0,0.0,0.0,0.0
SRR521192,0.0014727540500736377,0.01914580265095729,0.01914580265095729,0.005891016200294551,0.0,0.0014727540500736377,0.0,0.0014727540500736377,0.053019145802650956,0.054491899852724596,0.050073637702503684,0.011782032400589101,0.008836524300441826,0.0780559646539028,0.0014727540500736377,0.0,0.0014727540500736377,0.0014727540500736377,0.0029455081001472753,0.0,0.0014727540500736377,0.0,0.0014727540500736377,0.004418262150220913,0.01914580265095729,0.014727540500736377,0.07511045655375552,0.0,0.005891016200294551,0.0,0.0,0.0,0.07511045655375552,0.0014727540500736377,0.0,0.0029455081001472753,0.0014727540500736377,0.0014727540500736377,0.0,0.0,0.0,0.0,0.0,0.0,0.004418262150220913,0.0,0.0,0.0014727540500736377,0.0,0.03240058910162003,0.0,0.0,0.0,0.0014727540500736377,0.0,0.0,0.0014727540500736377,0.0014727540500736377,0.0014727540500736377,0.0,0.0,0.0014727540500736377,0.0,0.0,0.0014727540500736377,0.19293078055964655,0.0014727540500736377,0.0014727540500736377,0.007363770250368188,0.0,0.0014727540500736377,0.0,0.0,0.008836524300441826,0.0,0.0,0.0,0.0014727540500736377,0.048600883652430045,0.061855670103092786,0.0,0.0,0.0,0.011782032400589101,0.0029455081001472753,0.004418262150220913,0.0,0.004418262150220913,0.007363770250368188,0.0,0.0,0.0,0.0029455081001472753,0.029455081001472753,0.011782032400589101,0.0,0.0014727540500736377,0.0014727540500736377,0.0,0.0014727540500736377,0.007363770250368188,0.0,0.0029455081001472753,0.0,0.0,0.0,0.0,0.0,0.0,0.0,0.004418262150220913,0.0029455081001472753,0.0029455081001472753,0.0,0.0,0.0,0.0,0.0014727540500736377,0.0,0.0,0.0
SRR521219,0.001017293997965412,0.01017293997965412,0.01017293997965412,0.001017293997965412,0.0,0.0,0.0,0.001017293997965412,0.0254323499491353,0.0,0.0,0.0,0.01017293997965412,0.05391658189216684,0.0,0.0,0.0,0.002034587995930824,0.0,0.0,0.001017293997965412,0.0,0.001017293997965412,0.003051881993896236,0.03255340793489318,0.013224821973550356,0.03560528992878942,0.0,0.001017293997965412,0.0,0.001017293997965412,0.001017293997965412,0.14140386571719227,0.001017293997965412,0.0,0.002034587995930824,0.0,0.0,0.0,0.0,0.0,0.0,0.001017293997965412,0.0,0.003051881993896236,0.002034587995930824,0.001017293997965412,0.001017293997965412,0.001017293997965412,0.06612410986775177,0.006103763987792472,0.0,0.0,0.001017293997965412,0.0,0.0,0.011190233977619531,0.006103763987792472,0.002034587995930824,0.0,0.001017293997965412,0.0,0.0,0.0,0.001017293997965412,0.31637843336724314,0.00508646998982706,0.004069175991861648,0.0,0.0,0.0,0.0,0.003051881993896236,0.00508646998982706,0.0,0.0,0.0,0.0,0.04577822990844354,0.004069175991861648,0.0,0.0,0.0,0.007121057985757884,0.017293997965412006,0.006103763987792472,0.0,0.003051881993896236,0.009155645981688708,0.0,0.0,0.0,0.002034587995930824,0.07019328585961343,0.0,0.0,0.014242115971515769,0.009155645981688708,0.0,0.0,0.003051881993896236,0.0,0.002034587995930824,0.001017293997965412,0.0,0.003051881993896236,0.0,0.0,0.0,0.0,0.0,0.00508646998982706,0.003051881993896236,0.0,0.0,0.0,0.001017293997965412,0.0,0.0,0.0,0.001017293997965412
SRR521176,0.0022497187851518562,0.015748031496062992,0.007874015748031496,0.003374578177727784,0.0,0.0,0.0,0.0011248593925759281,0.01687289088863892,0.014623172103487065,0.0,0.010123734533183352,0.010123734533183352,0.019122609673790775,0.003374578177727784,0.0,0.0,0.0011248593925759281,0.0011248593925759281,0.0,0.0,0.0,0.0011248593925759281,0.007874015748031496,0.015748031496062992,0.02924634420697413,0.023622047244094488,0.0,0.0011248593925759281,0.0011248593925759281,0.0,0.0,0.11811023622047244,0.0,0.0011248593925759281,0.0011248593925759281,0.0,0.0,0.0011248593925759281,0.0011248593925759281,0.0,0.0011248593925759281,0.0022497187851518562,0.0,0.006749156355455568,0.0011248593925759281,0.0,0.0,0.0,0.031496062992125984,0.003374578177727784,0.0011248593925759281,0.0011248593925759281,0.0011248593925759281,0.0,0.0,0.0,0.0,0.0,0.0022497187851518562,0.0,0.0,0.0,0.0,0.0,0.14623172103487064,0.0022497187851518562,0.0,0.019122609673790775,0.01124859392575928,0.0044994375703037125,0.003374578177727784,0.0,0.0022497187851518562,0.0022497187851518562,0.0,0.0,0.0,0.008998875140607425,0.08886389201349831,0.0,0.0,0.0011248593925759281,0.20584926884139482,0.023622047244094488,0.003374578177727784,0.03824521934758155,0.003374578177727784,0.007874015748031496,0.003374578177727784,0.0022497187851518562,0.0,0.0,0.03374578177727784,0.003374578177727784,0.0,0.0,0.00562429696287964,0.0,0.0,0.0011248593925759281,0.0,0.003374578177727784,0.0,0.0,0.0011248593925759281,0.0,0.0,0.0,0.0,0.0,0.0011248593925759281,0.0044994375703037125,0.0,0.0,0.0,0.0,0.0,0.0,0.0,0.0011248593925759281
SRR521180,0.0016597510373443983,0.00995850622406639,0.004149377593360996,0.0016597510373443983,0.0,0.0008298755186721991,0.0,0.0,0.025726141078838173,0.007468879668049793,0.017427385892116183,0.004149377593360996,0.006639004149377593,0.030705394190871368,0.0008298755186721991,0.0,0.0,0.0008298755186721991,0.0,0.0,0.0,0.0,0.013278008298755186,0.0008298755186721991,0.015767634854771784,0.011618257261410789,0.018257261410788383,0.0,0.0033195020746887966,0.0,0.0008298755186721991,0.0,0.09211618257261411,0.0,0.0,0.0,0.0,0.0,0.0,0.0008298755186721991,0.0,0.0,0.0008298755186721991,0.0,0.0008298755186721991,0.0033195020746887966,0.0008298755186721991,0.0,0.0,0.04149377593360996,0.0024896265560165973,0.0,0.0,0.0008298755186721991,0.0024896265560165973,0.0,0.0008298755186721991,0.0,0.0008298755186721991,0.0016597510373443983,0.0,0.0008298755186721991,0.0008298755186721991,0.0008298755186721991,0.0,0.3219917012448133,0.007468879668049793,0.004149377593360996,0.03983402489626556,0.0,0.010788381742738589,0.011618257261410789,0.006639004149377593,0.024896265560165973,0.0,0.0,0.0008298755186721991,0.0,0.03153526970954357,0.1037344398340249,0.0008298755186721991,0.0008298755186721991,0.0,0.012448132780082987,0.024896265560165973,0.008298755186721992,0.0,0.0,0.012448132780082987,0.0,0.0008298755186721991,0.0,0.0,0.014107883817427386,0.004149377593360996,0.0,0.0016597510373443983,0.0008298755186721991,0.0,0.0008298755186721991,0.0033195020746887966,0.0,0.009128630705394191,0.0,0.0,0.0,0.0,0.0,0.0,0.0,0.004979253112033195,0.0008298755186721991,0.0033195020746887966,0.0,0.0,0.0,0.0,0.0,0.0,0.0,0.0
SRR521172,0.0028169014084507044,0.04084507042253521,0.005633802816901409,0.004225352112676056,0.0,0.0,0.0,0.0,0.009859154929577466,0.011267605633802818,0.008450704225352112,0.0,0.01971830985915493,0.016901408450704224,0.0028169014084507044,0.0014084507042253522,0.0,0.0028169014084507044,0.0014084507042253522,0.0014084507042253522,0.0014084507042253522,0.0014084507042253522,0.0028169014084507044,0.01267605633802817,0.004225352112676056,0.03380281690140845,0.035211267605633804,0.0,0.0,0.0,0.0,0.0,0.20704225352112676,0.0,0.0,0.0014084507042253522,0.0,0.0,0.0,0.0014084507042253522,0.0,0.0014084507042253522,0.0,0.0,0.0,0.0,0.0,0.0,0.0,0.029577464788732393,0.0,0.0,0.0,0.0,0.0,0.0014084507042253522,0.0,0.0,0.0028169014084507044,0.0,0.0014084507042253522,0.0,0.0,0.0,0.0,0.13943661971830987,0.005633802816901409,0.0,0.02676056338028169,0.0,0.04507042253521127,0.0323943661971831,0.0,0.0028169014084507044,0.0,0.0014084507042253522,0.0014084507042253522,0.0,0.023943661971830985,0.030985915492957747,0.015492957746478873,0.0,0.0014084507042253522,0.07605633802816901,0.018309859154929577,0.014084507042253521,0.0,0.007042253521126761,0.004225352112676056,0.0028169014084507044,0.011267605633802818,0.0,0.0,0.014084507042253521,0.0014084507042253522,0.0,0.004225352112676056,0.02535211267605634,0.0,0.0,0.0,0.0,0.004225352112676056,0.0,0.0,0.0,0.0,0.0,0.005633802816901409,0.0,0.0,0.0,0.0014084507042253522,0.004225352112676056,0.0014084507042253522,0.0,0.0014084507042253522,0.0,0.0014084507042253522,0.0,0.0
SRR521203,0.0011792452830188679,0.02122641509433962,0.012971698113207548,0.003537735849056604,0.0011792452830188679,0.0,0.0,0.0,0.04481132075471698,0.003537735849056604,0.0,0.0,0.01768867924528302,0.05306603773584906,0.0023584905660377358,0.0011792452830188679,0.0,0.0023584905660377358,0.0,0.0011792452830188679,0.0023584905660377358,0.0023584905660377358,0.0011792452830188679,0.009433962264150943,0.01768867924528302,0.01768867924528302,0.041273584905660375,0.0,0.0,0.0,0.0011792452830188679,0.0011792452830188679,0.09905660377358491,0.0011792452830188679,0.0,0.0011792452830188679,0.0,0.0,0.0,0.0,0.0,0.0,0.0,0.0,0.01179245283018868,0.01061320754716981,0.0011792452830188679,0.0011792452830188679,0.0023584905660377358,0.03773584905660377,0.0,0.0,0.0,0.0011792452830188679,0.0,0.0,0.01179245283018868,0.003537735849056604,0.0,0.0011792452830188679,0.0,0.0,0.0,0.0023584905660377358,0.0,0.36910377358490565,0.008254716981132075,0.0047169811320754715,0.0,0.0,0.0023584905660377358,0.003537735849056604,0.0011792452830188679,0.01179245283018868,0.0047169811320754715,0.0,0.0,0.0,0.03891509433962264,0.003537735849056604,0.0,0.0011792452830188679,0.0,0.008254716981132075,0.02358490566037736,0.0023584905660377358,0.0,0.0023584905660377358,0.0023584905660377358,0.0,0.0,0.0,0.0011792452830188679,0.0330188679245283,0.0011792452830188679,0.0,0.007075471698113208,0.0011792452830188679,0.0,0.0,0.0,0.0,0.0,0.0,0.0,0.0023584905660377358,0.0,0.0,0.0,0.0,0.0,0.003537735849056604,0.0047169811320754715,0.0,0.0,0.0,0.0011792452830188679,0.0,0.0,0.0,0.0
SRR521181,0.0,0.0041928721174004195,0.0031446540880503146,0.0041928721174004195,0.0005241090146750524,0.0,0.0,0.0,0.020964360587002098,0.016771488469601678,0.02148846960167715,0.01939203354297694,0.002620545073375262,0.0110062893081761,0.0,0.0,0.0,0.0005241090146750524,0.0,0.0005241090146750524,0.0,0.0005241090146750524,0.008385744234800839,0.0005241090146750524,0.039832285115303984,0.00890985324947589,0.009433962264150943,0.0005241090146750524,0.0005241090146750524,0.0,0.0,0.0005241090146750524,0.1629979035639413,0.0,0.0,0.0,0.0,0.0010482180293501049,0.0,0.0010482180293501049,0.0,0.0,0.0,0.0,0.002620545073375262,0.0010482180293501049,0.0,0.0005241090146750524,0.0,0.062368972746331235,0.0010482180293501049,0.0010482180293501049,0.0005241090146750524,0.0,0.0010482180293501049,0.0005241090146750524,0.0,0.0,0.0020964360587002098,0.0010482180293501049,0.0005241090146750524,0.0,0.0,0.0,0.0,0.28983228511530396,0.0110062893081761,0.0005241090146750524,0.024633123689727462,0.0020964360587002098,0.006813417190775681,0.018343815513626835,0.006289308176100629,0.011530398322851153,0.0020964360587002098,0.0,0.0,0.0005241090146750524,0.049266247379454925,0.06708595387840671,0.0,0.0005241090146750524,0.0,0.008385744234800839,0.01310272536687631,0.0041928721174004195,0.0010482180293501049,0.0015723270440251573,0.012054507337526206,0.0047169811320754715,0.0005241090146750524,0.0,0.0005241090146750524,0.01781970649895178,0.0020964360587002098,0.0,0.0010482180293501049,0.003668763102725367,0.0015723270440251573,0.0005241090146750524,0.005765199161425576,0.0,0.0005241090146750524,0.0,0.0,0.0,0.0,0.0005241090146750524,0.0,0.0,0.0015723270440251573,0.0015723270440251573,0.0047169811320754715,0.0,0.0,0.0,0.0010482180293501049,0.0,0.0,0.0,0.0
SRR521200,0.0011587485515643105,0.01738122827346466,0.005793742757821553,0.0011587485515643105,0.0,0.0011587485515643105,0.002317497103128621,0.002317497103128621,0.01738122827346466,0.004634994206257242,0.019698725376593278,0.0,0.010428736964078795,0.016222479721900347,0.002317497103128621,0.0,0.0,0.0,0.0,0.0,0.0,0.0,0.0034762456546929316,0.004634994206257242,0.016222479721900347,0.012746234067207415,0.05909617612977984,0.0011587485515643105,0.002317497103128621,0.0,0.0,0.0,0.07068366164542295,0.012746234067207415,0.0,0.0011587485515643105,0.0,0.002317497103128621,0.0,0.0011587485515643105,0.0011587485515643105,0.0,0.0034762456546929316,0.0,0.0,0.04055619930475087,0.0,0.0,0.0,0.039397450753186555,0.006952491309385863,0.0,0.0,0.0,0.0,0.0,0.0,0.0,0.0011587485515643105,0.0011587485515643105,0.0,0.0,0.0,0.013904982618771726,0.0,0.220162224797219,0.0,0.0011587485515643105,0.009269988412514484,0.010428736964078795,0.0034762456546929316,0.002317497103128621,0.0011587485515643105,0.0011587485515643105,0.0,0.0,0.0,0.0,0.04171494785631518,0.16801853997682503,0.004634994206257242,0.0,0.0,0.004634994206257242,0.0220162224797219,0.0220162224797219,0.0,0.002317497103128621,0.012746234067207415,0.0,0.0,0.0,0.002317497103128621,0.031286210892236384,0.0,0.0,0.0011587485515643105,0.0011587485515643105,0.0,0.0,0.0,0.0,0.004634994206257242,0.0,0.0011587485515643105,0.0,0.0,0.0011587485515643105,0.0,0.0,0.0,0.005793742757821553,0.0011587485515643105,0.0,0.0,0.011587485515643106,0.0,0.0,0.0,0.0,0.002317497103128621
SRR521199,0.0,0.021447721179624665,0.005361930294906166,0.0,0.0013404825737265416,0.0,0.0,0.002680965147453083,0.022788203753351208,0.002680965147453083,0.0,0.006702412868632708,0.006702412868632708,0.022788203753351208,0.0013404825737265416,0.0,0.0013404825737265416,0.0,0.0,0.0,0.0,0.0013404825737265416,0.00804289544235925,0.00804289544235925,0.022788203753351208,0.05093833780160858,0.029490616621983913,0.0,0.0,0.0013404825737265416,0.0,0.0,0.12198391420911528,0.0,0.0,0.0,0.0,0.0,0.0,0.0,0.0,0.0013404825737265416,0.0,0.0,0.004021447721179625,0.00938337801608579,0.0,0.0,0.002680965147453083,0.02546916890080429,0.0,0.002680965147453083,0.0,0.0,0.0,0.0,0.0,0.0,0.004021447721179625,0.0,0.0,0.0013404825737265416,0.0,0.0,0.0,0.14745308310991956,0.006702412868632708,0.002680965147453083,0.029490616621983913,0.012064343163538873,0.002680965147453083,0.004021447721179625,0.0,0.002680965147453083,0.0,0.0013404825737265416,0.0,0.0,0.014745308310991957,0.08176943699731903,0.0,0.0,0.0,0.1193029490616622,0.08042895442359249,0.002680965147453083,0.0160857908847185,0.0013404825737265416,0.004021447721179625,0.0,0.0,0.0,0.0013404825737265416,0.04423592493297587,0.006702412868632708,0.0,0.0013404825737265416,0.005361930294906166,0.0,0.0,0.0,0.0,0.0013404825737265416,0.0,0.0,0.002680965147453083,0.0,0.0,0.0,0.0,0.0,0.004021447721179625,0.0013404825737265416,0.0,0.0,0.005361930294906166,0.0,0.0,0.0,0.0,0.0
SRR521195,0.0023446658851113715,0.015240328253223915,0.005861664712778429,0.004689331770222743,0.0,0.0,0.0,0.0023446658851113715,0.02579132473622509,0.0035169988276670576,0.0,0.009378663540445486,0.008206330597889801,0.029308323563892145,0.0023446658851113715,0.0,0.0,0.0011723329425556857,0.0,0.0,0.0,0.0,0.0023446658851113715,0.009378663540445486,0.007033997655334115,0.012895662368112544,0.02579132473622509,0.0,0.0023446658851113715,0.0,0.0011723329425556857,0.0,0.123094958968347,0.0023446658851113715,0.0,0.0023446658851113715,0.0,0.0,0.0,0.0,0.0011723329425556857,0.0,0.0,0.0011723329425556857,0.0035169988276670576,0.005861664712778429,0.0,0.0,0.0,0.01875732708089097,0.0,0.0,0.0,0.0011723329425556857,0.0,0.0,0.0,0.0,0.0035169988276670576,0.0,0.0,0.0,0.0,0.0023446658851113715,0.0,0.21688159437280188,0.0,0.0011723329425556857,0.026963657678780773,0.011723329425556858,0.031652989449003514,0.0035169988276670576,0.0,0.0035169988276670576,0.0011723329425556857,0.0,0.0,0.0,0.01406799531066823,0.038686987104337635,0.0011723329425556857,0.0,0.0011723329425556857,0.16412661195779601,0.05041031652989449,0.0023446658851113715,0.016412661195779603,0.0011723329425556857,0.008206330597889801,0.0011723329425556857,0.0035169988276670576,0.0011723329425556857,0.0,0.035169988276670575,0.0011723329425556857,0.0,0.0035169988276670576,0.0035169988276670576,0.0011723329425556857,0.0,0.0,0.0,0.0011723329425556857,0.0011723329425556857,0.0,0.004689331770222743,0.0,0.0,0.0,0.0,0.0,0.0,0.0011723329425556857,0.0,0.0,0.0035169988276670576,0.0,0.0,0.0,0.0,0.0011723329425556857
SRR521213,0.0,0.011976047904191617,0.00427715996578272,0.0051325919589392645,0.0,0.0,0.0,0.0025662959794696323,0.0,0.0,0.0,0.0,0.013686911890504704,0.02566295979469632,0.0,0.000855431993156544,0.0,0.000855431993156544,0.000855431993156544,0.000855431993156544,0.000855431993156544,0.000855431993156544,0.011976047904191617,0.011120615911035072,0.0,0.0,0.0,0.0,0.0,0.0,0.0,0.0,0.09153122326775022,0.0,0.0,0.0,0.0,0.0,0.0,0.0,0.0,0.000855431993156544,0.0,0.001710863986313088,0.00427715996578272,0.02737382378100941,0.0,0.0,0.000855431993156544,0.03849443969204448,0.000855431993156544,0.000855431993156544,0.0,0.0,0.0,0.0,0.0,0.0,0.0,0.001710863986313088,0.0,0.0,0.0,0.0,0.0,0.47476475620188197,0.001710863986313088,0.0,0.000855431993156544,0.0,0.0025662959794696323,0.0,0.000855431993156544,0.00855431993156544,0.0,0.0025662959794696323,0.000855431993156544,0.0,0.08896492728828058,0.0051325919589392645,0.000855431993156544,0.0,0.0,0.001710863986313088,0.02737382378100941,0.0025662959794696323,0.0025662959794696323,0.000855431993156544,0.009409751924721984,0.0,0.0,0.0,0.003421727972626176,0.06928999144568007,0.000855431993156544,0.0,0.011976047904191617,0.003421727972626176,0.000855431993156544,0.000855431993156544,0.003421727972626176,0.0,0.000855431993156544,0.0,0.0025662959794696323,0.0025662959794696323,0.0,0.0,0.0,0.0,0.0,0.000855431993156544,0.001710863986313088,0.0,0.0,0.0,0.0,0.0,0.000855431993156544,0.0,0.0
SRR521222,0.0,0.023170731707317073,0.006097560975609756,0.003658536585365854,0.0,0.0,0.0,0.0,0.0,0.0,0.0,0.0,0.020731707317073172,0.08414634146341464,0.0,0.0,0.0012195121951219512,0.0,0.0012195121951219512,0.0,0.0012195121951219512,0.0012195121951219512,0.004878048780487805,0.004878048780487805,0.0,0.0,0.0012195121951219512,0.0,0.0,0.0,0.0,0.0,0.08414634146341464,0.003658536585365854,0.0,0.0012195121951219512,0.0,0.0,0.0,0.0,0.0,0.0,0.0,0.0,0.0024390243902439024,0.05731707317073171,0.0,0.0012195121951219512,0.0024390243902439024,0.07926829268292683,0.003658536585365854,0.0,0.0,0.0,0.0,0.0012195121951219512,0.0,0.0,0.0,0.0,0.0,0.0,0.0,0.0,0.0,0.21341463414634146,0.015853658536585366,0.00975609756097561,0.0,0.0,0.0,0.0,0.0024390243902439024,0.018292682926829267,0.0,0.0012195121951219512,0.0,0.0,0.06463414634146342,0.014634146341463415,0.0,0.0,0.0,0.006097560975609756,0.06341463414634146,0.003658536585365854,0.0,0.0,0.006097560975609756,0.0,0.0,0.0,0.0012195121951219512,0.1573170731707317,0.0024390243902439024,0.0,0.0024390243902439024,0.012195121951219513,0.0,0.0,0.003658536585365854,0.0,0.0024390243902439024,0.0,0.0,0.0,0.0,0.0,0.0012195121951219512,0.0,0.0,0.0,0.0012195121951219512,0.0,0.0,0.0,0.0,0.0,0.0,0.0012195121951219512,0.0
SRR521212,0.0011210762331838565,0.030269058295964126,0.007847533632286996,0.005605381165919282,0.0,0.0,0.0,0.002242152466367713,0.03811659192825112,0.005605381165919282,0.0,0.0,0.013452914798206279,0.04035874439461883,0.0,0.0,0.0011210762331838565,0.0033632286995515697,0.0,0.0011210762331838565,0.0,0.0,0.0,0.0033632286995515697,0.01569506726457399,0.017937219730941704,0.034753363228699555,0.0,0.004484304932735426,0.0,0.0,0.0011210762331838565,0.08632286995515695,0.0011210762331838565,0.0,0.0011210762331838565,0.0,0.0,0.0,0.0,0.0,0.0,0.0,0.0,0.004484304932735426,0.0,0.0011210762331838565,0.0,0.0,0.07399103139013453,0.004484304932735426,0.0,0.0,0.0,0.0,0.0,0.0033632286995515697,0.0033632286995515697,0.0,0.0,0.0,0.0,0.0,0.005605381165919282,0.0011210762331838565,0.3744394618834081,0.005605381165919282,0.0033632286995515697,0.0011210762331838565,0.0,0.0,0.0011210762331838565,0.0033632286995515697,0.006726457399103139,0.0,0.0011210762331838565,0.0,0.0,0.04147982062780269,0.0011210762331838565,0.0,0.0,0.0,0.004484304932735426,0.043721973094170405,0.007847533632286996,0.0,0.002242152466367713,0.006726457399103139,0.0,0.0,0.0,0.0011210762331838565,0.04820627802690583,0.0,0.0,0.005605381165919282,0.006726457399103139,0.0,0.002242152466367713,0.005605381165919282,0.0,0.0011210762331838565,0.0,0.0,0.0011210762331838565,0.0,0.0,0.0,0.0,0.0,0.002242152466367713,0.005605381165919282,0.0,0.0,0.0,0.0,0.0,0.0,0.0,0.0
SRR521186,0.001142857142857143,0.024,0.014857142857142857,0.004571428571428572,0.0,0.0,0.0,0.001142857142857143,0.046857142857142854,0.05028571428571429,0.021714285714285714,0.004571428571428572,0.005714285714285714,0.02857142857142857,0.0034285714285714284,0.0,0.002285714285714286,0.0,0.0,0.0,0.0,0.0,0.008,0.006857142857142857,0.013714285714285714,0.056,0.05028571428571429,0.0,0.004571428571428572,0.001142857142857143,0.0,0.001142857142857143,0.18285714285714286,0.001142857142857143,0.0,0.005714285714285714,0.0,0.0,0.0,0.0,0.001142857142857143,0.0,0.001142857142857143,0.001142857142857143,0.0,0.006857142857142857,0.001142857142857143,0.0,0.0,0.036571428571428574,0.001142857142857143,0.001142857142857143,0.0,0.001142857142857143,0.0,0.0,0.0,0.0,0.0034285714285714284,0.0,0.0,0.001142857142857143,0.0,0.001142857142857143,0.0,0.20914285714285713,0.002285714285714286,0.0,0.006857142857142857,0.001142857142857143,0.024,0.001142857142857143,0.001142857142857143,0.011428571428571429,0.0,0.0,0.0,0.0,0.018285714285714287,0.0034285714285714284,0.001142857142857143,0.0,0.0,0.037714285714285714,0.037714285714285714,0.002285714285714286,0.0034285714285714284,0.001142857142857143,0.008,0.001142857142857143,0.0,0.0,0.0,0.010285714285714285,0.0,0.0,0.0,0.0,0.001142857142857143,0.0,0.0,0.0,0.001142857142857143,0.0,0.001142857142857143,0.0,0.0,0.0,0.0,0.0,0.0,0.004571428571428572,0.002285714285714286,0.0,0.0,0.0,0.0,0.0,0.001142857142857143,0.0,0.0
