#SampleID,OTU_14,OTU_63,OTU_80,OTU_89,OTU_78,OTU_93,OTU_26,OTU_84,OTU_91,OTU_97,OTU_49,OTU_62,OTU_59,OTU_31,OTU_72,OTU_50,OTU_92,OTU_41,OTU_82,OTU_12,OTU_88,OTU_83,OTU_75,OTU_40,OTU_21,OTU_99,OTU_86,OTU_95,OTU_34,OTU_98,OTU_76,OTU_28,OTU_17,OTU_32,OTU_15,OTU_48,OTU_30,OTU_24,OTU_53,OTU_90,OTU_60,OTU_74,OTU_57,OTU_85,OTU_11,OTU_42,OTU_10,OTU_51,OTU_33,OTU_8
SKBTI.1286.1247055,0.0079155672823219,0.0,0.0,0.0,0.0,0.0,0.0026385224274406327,0.0,0.0,0.0,0.0,0.0,0.0079155672823219,0.0,0.0026385224274406327,0.0,0.0079155672823219,0.0,0.0,0.0,0.0,0.0,0.0,0.0,0.0,0.0,0.0,0.0,0.0,0.0,0.0,0.0,0.0,0.0,0.0,0.0,0.0,0.0,0.0,0.0,0.0,0.0,0.0,0.0,0.0026385224274406327,0.0026385224274406327,0.0,0.0,0.0,0.0
SKBTI.1147.1247101,0.2672566371681416,0.0,0.0,0.0,0.0,0.0,0.0,0.001769911504424779,0.0,0.0,0.0,0.0,0.001769911504424779,0.0,0.0,0.0,0.0,0.007079646017699116,0.0,0.0,0.0,0.0,0.0,0.0,0.010619469026548672,0.0,0.0,0.08141592920353982,0.001769911504424779,0.0,0.0,0.0,0.0,0.0,0.012389380530973451,0.0,0.003539823008849557,0.0,0.001769911504424779,0.0,0.0,0.0,0.0,0.0,0.001769911504424779,0.001769911504424779,0.003539823008849557,0.0,0.008849557522123894,0.0
SKBTI.0149.1246577,0.0,0.0,0.0,0.0,0.0,0.0,0.0,0.0,0.0,0.0,0.0,0.0,0.0,0.0,0.0,0.0,0.0,0.0,0.0,0.0,0.016393442622950817,0.0,0.0,0.0,0.0,0.18032786885245905,0.0,0.0,0.0,0.0,0.0,0.0,0.0,0.0,0.0,0.0,0.0,0.0,0.0,0.0,0.0,0.0,0.0,0.0,0.0,0.0,0.0,0.0,0.0,0.0
SKBTI.1229.1246952,0.140625,0.0,0.033482142857142856,0.0,0.0,0.0,0.05022321428571429,0.0,0.0,0.0,0.006696428571428571,0.002232142857142857,0.0,0.0011160714285714283,0.0,0.0,0.0,0.0,0.0,0.0,0.0,0.008928571428571428,0.0,0.0078125,0.0,0.016741071428571428,0.010044642857142858,0.0,0.0,0.0011160714285714283,0.10491071428571427,0.0,0.0011160714285714283,0.0,0.0,0.002232142857142857,0.015625,0.0,0.003348214285714285,0.002232142857142857,0.013392857142857142,0.008928571428571428,0.004464285714285714,0.0,0.09486607142857142,0.0,0.004464285714285714,0.0,0.003348214285714285,0.02232142857142857
SKBTI.0257.1246558,0.0,0.0,0.0,0.0,0.0,0.0,0.0,0.0,0.0,0.0948509485094851,0.0,0.0,0.0054200542005420045,0.0,0.0,0.002710027100271003,0.0,0.0,0.008130081300813009,0.0,0.002710027100271003,0.0,0.0,0.0,0.0054200542005420045,0.0,0.010840108401084009,0.0,0.0,0.013550135501355014,0.0,0.0,0.0,0.0054200542005420045,0.0,0.002710027100271003,0.0,0.0054200542005420045,0.0,0.002710027100271003,0.0,0.0,0.002710027100271003,0.0,0.06504065040650407,0.0,0.0,0.002710027100271003,0.002710027100271003,0.002710027100271003
SKBTI.1142.1246900,0.0,0.0,0.0,0.0,0.0,0.0,0.0,0.004456327985739751,0.0,0.13992869875222816,0.0,0.00267379679144385,0.0,0.0,0.0017825311942959,0.0,0.0,0.0,0.0,0.00089126559714795,0.0,0.00267379679144385,0.0,0.0,0.0,0.0,0.013368983957219251,0.00089126559714795,0.00089126559714795,0.0035650623885918,0.0,0.00089126559714795,0.004456327985739751,0.00089126559714795,0.0,0.0,0.0,0.0106951871657754,0.0017825311942959,0.0,0.00089126559714795,0.0,0.0017825311942959,0.0,0.01693404634581105,0.0017825311942959,0.0,0.00089126559714795,0.0,0.0
SKBTI.1223.1247448,0.3893129770992366,0.0,0.0,0.0,0.0038167938931297713,0.0,0.0,0.0,0.009541984732824428,0.0,0.0038167938931297713,0.0,0.005725190839694657,0.0,0.019083969465648856,0.0,0.0,0.0019083969465648852,0.11259541984732825,0.0,0.0038167938931297713,0.0,0.0038167938931297713,0.0,0.0,0.0,0.0,0.0,0.03244274809160305,0.0,0.0019083969465648852,0.005725190839694657,0.0019083969465648852,0.0,0.0,0.0,0.0038167938931297713,0.0,0.0,0.011450381679389313,0.10305343511450382,0.019083969465648856,0.0,0.0019083969465648852,0.0,0.0,0.0019083969465648852,0.0,0.0,0.0
SKBTI.1215.1246343,0.3605769230769231,0.0,0.0,0.0,0.0,0.0,0.0,0.0,0.0,0.0,0.002403846153846154,0.0,0.0,0.004807692307692308,0.004807692307692308,0.0,0.0,0.0,0.0,0.0,0.0,0.0,0.0,0.002403846153846154,0.0,0.0,0.007211538461538463,0.0,0.0,0.0,0.0,0.0,0.0,0.0,0.0,0.004807692307692308,0.0,0.0,0.01201923076923077,0.0,0.02403846153846154,0.002403846153846154,0.021634615384615384,0.002403846153846154,0.0,0.007211538461538463,0.0,0.0,0.0,0.0
SKBTI075.1246200,0.3643966547192354,0.0023894862604540022,0.0,0.0011947431302270011,0.0,0.0,0.0023894862604540022,0.0,0.0011947431302270011,0.0,0.0011947431302270011,0.0,0.003584229390681004,0.0,0.0,0.0,0.0,0.0,0.0,0.0,0.0,0.0,0.0,0.037037037037037035,0.0,0.0,0.0,0.0,0.0,0.0,0.0,0.0,0.0,0.0023894862604540022,0.0,0.0011947431302270011,0.0011947431302270011,0.0,0.0,0.0,0.0,0.009557945041816007,0.003584229390681004,0.04898446833930705,0.0,0.014336917562724013,0.0023894862604540022,0.011947431302270013,0.0,0.0011947431302270011
SKBTI057.1246676,0.07653061224489796,0.0,0.0,0.0,0.0,0.010204081632653059,0.0,0.0,0.0,0.025510204081632654,0.0,0.0,0.0,0.03571428571428571,0.0,0.005102040816326529,0.0,0.015306122448979591,0.0,0.0,0.03571428571428571,0.0,0.0,0.0,0.0,0.0,0.005102040816326529,0.0,0.0,0.0,0.0,0.0,0.0,0.0,0.010204081632653059,0.005102040816326529,0.005102040816326529,0.0,0.0,0.005102040816326529,0.005102040816326529,0.0,0.0,0.0,0.0,0.0,0.0,0.0,0.010204081632653059,0.05612244897959184
SKBTI.1341.1246655,0.11293260473588344,0.0,0.0018214936247723133,0.0,0.007285974499089253,0.0,0.0,0.0,0.0,0.0036429872495446266,0.0,0.00546448087431694,0.0,0.0,0.0,0.0018214936247723133,0.0,0.0,0.0,0.0,0.0,0.0,0.0018214936247723133,0.0,0.0,0.0,0.0,0.051001821493624776,0.0036429872495446266,0.0018214936247723133,0.023679417122040074,0.0,0.0,0.0018214936247723133,0.0018214936247723133,0.0,0.0018214936247723133,0.0036429872495446266,0.0,0.0,0.00546448087431694,0.0,0.01092896174863388,0.0,0.0,0.0,0.0018214936247723133,0.0,0.0018214936247723133,0.0036429872495446266
SKBTI064.1246302,0.09448818897637797,0.031496062992125984,0.0,0.0,0.0,0.0,0.13385826771653545,0.007874015748031496,0.0,0.0,0.0,0.0,0.0,0.007874015748031496,0.0,0.0,0.0,0.0,0.0,0.015748031496062992,0.0,0.015748031496062992,0.0,0.03937007874015748,0.0,0.0,0.0,0.05511811023622047,0.0,0.0,0.007874015748031496,0.0,0.0,0.0,0.0,0.0,0.023622047244094488,0.0,0.0,0.0,0.0,0.0,0.0,0.0,0.0,0.0,0.0,0.007874015748031496,0.0,0.007874015748031496
SKBTI.0205.1247390,0.3322784810126582,0.0,0.0,0.0,0.0,0.0,0.0,0.0031645569620253164,0.0,0.0,0.0031645569620253164,0.0,0.0,0.0,0.0,0.0,0.0,0.0,0.00949367088607595,0.0,0.0,0.0031645569620253164,0.0031645569620253164,0.02848101265822785,0.0,0.0,0.0,0.0,0.0,0.0,0.0,0.0,0.0031645569620253164,0.0,0.0,0.0,0.0,0.0,0.012658227848101266,0.0,0.0,0.0,0.0,0.0,0.0,0.0,0.0,0.0,0.0,0.0
SKBTI.1167.1246325,0.2419503219871205,0.0,0.0,0.0,0.0,0.0,0.0,0.013799448022079115,0.0,0.0,0.0,0.0,0.0009199632014719412,0.0,0.0018399264029438824,0.002759889604415824,0.0,0.0,0.015639374425023,0.17295308187672492,0.0,0.003679852805887765,0.0018399264029438824,0.0,0.0,0.0,0.0,0.0,0.0,0.0,0.0,0.002759889604415824,0.0,0.019319227230910764,0.003679852805887765,0.0018399264029438824,0.0018399264029438824,0.0,0.0,0.0018399264029438824,0.0,0.005519779208831647,0.0018399264029438824,0.08647654093836246,0.0,0.0018399264029438824,0.011959521619135235,0.002759889604415824,0.0,0.0
SKBTI.0144.1246362,0.07142857142857142,0.0,0.0,0.0,0.0071428571428571435,0.0,0.0,0.0,0.0,0.0,0.0,0.0071428571428571435,0.0,0.014285714285714284,0.0,0.0,0.0,0.0,0.0,0.0,0.0,0.0,0.0,0.0071428571428571435,0.0,0.0,0.0,0.0,0.0,0.0,0.042857142857142864,0.0071428571428571435,0.0,0.0,0.0,0.0,0.0,0.014285714285714284,0.0,0.0,0.021428571428571432,0.0,0.0,0.0,0.0,0.0,0.0,0.0,0.0,0.0071428571428571435
SKBTI.1130.1246867,0.5897035881435257,0.0,0.0,0.0031201248049922,0.0,0.0,0.0,0.0,0.0,0.0,0.0,0.0046801872074883,0.0,0.0,0.0,0.0,0.0031201248049922,0.0,0.0,0.0,0.0,0.0,0.0,0.0015600624024961,0.0,0.0031201248049922,0.0,0.0,0.0,0.0,0.0,0.0,0.0,0.0,0.0,0.0,0.0031201248049922,0.0,0.0,0.0015600624024961,0.0,0.0,0.0015600624024961,0.0015600624024961,0.0530421216848674,0.0015600624024961,0.0031201248049922,0.0,0.0,0.0
SKBTI.0281.1247228,0.008,0.0,0.0,0.0,0.008,0.008,0.0,0.0,0.0,0.0,0.0,0.016,0.0,0.0,0.024,0.0,0.0,0.0,0.0,0.07200000000000001,0.0,0.0,0.0,0.008,0.0,0.032,0.0,0.0,0.0,0.0,0.0,0.0,0.0,0.0,0.0,0.0,0.016,0.0,0.0,0.0,0.0,0.0,0.0,0.0,0.0,0.048,0.0,0.008,0.0,0.0
SKBTI029.1246737,0.1282051282051282,0.0,0.0,0.0,0.0,0.0,0.0,0.0,0.0,0.0,0.0,0.0,0.0,0.008547008547008548,0.0,0.0,0.0,0.0,0.02564102564102564,0.042735042735042736,0.0,0.0,0.0,0.008547008547008548,0.0,0.0,0.0,0.1282051282051282,0.0,0.0,0.0,0.0,0.0,0.0,0.0,0.0,0.0,0.0,0.0,0.0,0.0,0.0,0.0,0.0,0.0,0.008547008547008548,0.0,0.0,0.0,0.008547008547008548
SKBTI.1253.1246606,0.023391812865497075,0.0,0.0,0.03313840155945419,0.0,0.0,0.0,0.0,0.0019493177387914231,0.0,0.0,0.0,0.0,0.0,0.0,0.0,0.0,0.0,0.0,0.019493177387914232,0.0,0.0,0.0,0.0,0.0038986354775828462,0.0,0.0038986354775828462,0.0019493177387914231,0.0,0.0038986354775828462,0.0019493177387914231,0.0,0.0,0.0,0.017543859649122806,0.0,0.0,0.0,0.0,0.0,0.0,0.0019493177387914231,0.0,0.0,0.0077972709551656924,0.0,0.0,0.0,0.0077972709551656924,0.0
SKBTI.1322.1247202,0.1128860489882854,0.0074547390841320565,0.0,0.0,0.003194888178913738,0.0,0.0,0.002129925452609159,0.0,0.0,0.010649627263045794,0.0,0.0,0.0010649627263045792,0.0,0.0010649627263045792,0.0010649627263045792,0.0,0.0,0.0,0.0010649627263045792,0.003194888178913738,0.0,0.038338658146964855,0.0010649627263045792,0.0,0.0,0.0,0.0010649627263045792,0.0,0.0,0.0010649627263045792,0.0,0.003194888178913738,0.0,0.002129925452609159,0.0010649627263045792,0.0010649627263045792,0.011714589989350372,0.0,0.017039403620873268,0.003194888178913738,0.009584664536741214,0.013844515441959531,0.0,0.010649627263045794,0.0010649627263045792,0.002129925452609159,0.005324813631522897,0.0010649627263045792
SKBTI076.1246468,0.1928640308582449,0.0,0.0,0.0,0.0,0.0,0.0,0.0,0.0009643201542912248,0.0,0.0028929604628736747,0.006750241080038573,0.0009643201542912248,0.0,0.004821600771456124,0.0,0.005785920925747349,0.0,0.0,0.0,0.0,0.0,0.0009643201542912248,0.010607521697203472,0.0,0.0,0.020250723240115717,0.0,0.0,0.0028929604628736747,0.036644165863066534,0.013500482160077144,0.0009643201542912248,0.0,0.0028929604628736747,0.0009643201542912248,0.0,0.0,0.0009643201542912248,0.0,0.008678881388621022,0.007714561234329799,0.010607521697203472,0.0009643201542912248,0.02507232401157184,0.0038572806171648993,0.0009643201542912248,0.0,0.0,0.006750241080038573
SKBTI.0219.1246800,0.2914798206278027,0.0,0.0,0.0,0.0,0.008968609865470852,0.0,0.0,0.0,0.0,0.0,0.0,0.04035874439461883,0.0,0.0,0.0,0.04035874439461883,0.0,0.04035874439461883,0.0,0.0,0.0,0.0,0.0,0.0,0.0,0.008968609865470852,0.0,0.0,0.004484304932735426,0.0,0.008968609865470852,0.0,0.004484304932735426,0.0,0.0,0.0,0.0,0.0,0.0,0.0,0.0,0.0,0.0,0.0,0.0,0.008968609865470852,0.017937219730941704,0.0,0.0
SKBTI.0201.1246869,0.4511873350923482,0.0158311345646438,0.0,0.0,0.0,0.0,0.0,0.0,0.0,0.0,0.0,0.0,0.0,0.0,0.0,0.0,0.0,0.0,0.013192612137203168,0.0,0.0026385224274406327,0.0052770448548812654,0.0026385224274406327,0.0,0.0,0.0,0.0079155672823219,0.0,0.0052770448548812654,0.0,0.0,0.0,0.0,0.0,0.0,0.0,0.0052770448548812654,0.0,0.013192612137203168,0.0052770448548812654,0.0,0.0,0.0,0.0,0.0,0.0158311345646438,0.0026385224274406327,0.05277044854881266,0.0052770448548812654,0.0
SKBTI003.1246724,0.10479041916167664,0.0,0.0,0.002994011976047905,0.0,0.0,0.0,0.0,0.0,0.0,0.002994011976047905,0.0,0.0,0.0,0.0,0.0,0.0,0.002994011976047905,0.0,0.0,0.0,0.0,0.0,0.0,0.002994011976047905,0.0,0.0,0.10479041916167664,0.0,0.0,0.0,0.0,0.00598802395209581,0.0,0.008982035928143712,0.0,0.0,0.002994011976047905,0.00598802395209581,0.0,0.0,0.05688622754491018,0.00598802395209581,0.0,0.011976047904191616,0.002994011976047905,0.002994011976047905,0.002994011976047905,0.017964071856287425,0.026946107784431142
SKBTI.0236.1246777,0.3757225433526011,0.0,0.0,0.0,0.023121387283236997,0.0,0.0,0.0,0.0,0.0,0.0,0.0,0.0,0.011560693641618495,0.0,0.0,0.0,0.0,0.0,0.16184971098265896,0.0,0.0,0.0,0.0,0.0,0.0,0.0,0.0,0.0,0.0,0.0,0.0,0.0,0.0,0.0,0.0,0.005780346820809247,0.0,0.0,0.0,0.0,0.005780346820809247,0.0,0.0,0.0,0.0,0.005780346820809247,0.005780346820809247,0.0,0.0
SKBTI091.1247453,0.1828665568369028,0.0,0.0,0.0,0.0,0.0,0.0485996705107084,0.0065897858319604605,0.0,0.0,0.0,0.0,0.0032948929159802307,0.0,0.0,0.0,0.030477759472817133,0.0,0.0,0.0,0.0,0.018945634266886325,0.0032948929159802307,0.0,0.0016474464579901151,0.0,0.0049423393739703465,0.0,0.0,0.0032948929159802307,0.0,0.0008237232289950577,0.0,0.012355848434925864,0.0,0.0,0.0,0.028830313014827018,0.0,0.0,0.0,0.0,0.0,0.0,0.0,0.0,0.0008237232289950577,0.011532125205930808,0.0008237232289950577,0.0024711696869851732
SKBTI.1293.1246451,0.1659056316590563,0.0,0.0,0.0,0.0,0.0,0.0,0.0,0.0,0.0441400304414003,0.0015220700152207,0.0015220700152207,0.0,0.0,0.0,0.0015220700152207,0.0,0.0289193302891933,0.0,0.0,0.0,0.0045662100456621,0.0015220700152207,0.0015220700152207,0.0015220700152207,0.0,0.0,0.0,0.0,0.0,0.0,0.0030441400304414,0.0015220700152207,0.0076103500761035,0.0091324200913242,0.0,0.0,0.0136986301369863,0.0015220700152207,0.0,0.0,0.0015220700152207,0.0015220700152207,0.0,0.0,0.0,0.0060882800608828,0.0030441400304414,0.0106544901065449,0.0
SKBTI.0202.1246326,0.1862745098039216,0.0,0.0,0.024509803921568627,0.0,0.0,0.0,0.0,0.0,0.0,0.0024509803921568627,0.0,0.0,0.0,0.0,0.0,0.0,0.0,0.0024509803921568627,0.0,0.0,0.0,0.0,0.0,0.004901960784313725,0.0,0.00980392156862745,0.0,0.0024509803921568627,0.0,0.0,0.0,0.0,0.0,0.0,0.0,0.00980392156862745,0.0,0.0,0.00980392156862745,0.0,0.00980392156862745,0.004901960784313725,0.0,0.029411764705882356,0.0,0.0,0.0,0.0,0.0
SKBTI082.1247043,0.14858327574291638,0.0,0.0,0.02418797512093988,0.0,0.07394609536973047,0.0,0.0,0.0055286800276434,0.0,0.0,0.0,0.0,0.0,0.0,0.0,0.000691085003455425,0.0,0.0,0.0,0.00138217000691085,0.0,0.0,0.0,0.0,0.013130615065653077,0.0,0.0,0.0,0.0,0.0,0.0,0.0027643400138217,0.0,0.021423635107118172,0.0,0.00138217000691085,0.0048375950241879755,0.0,0.022805805114029024,0.0,0.002073255010366275,0.00138217000691085,0.0497581202487906,0.0,0.0,0.00138217000691085,0.00138217000691085,0.002073255010366275,0.0
SKBTI.1211.1247024,0.2676056338028169,0.0,0.0,0.0,0.0,0.0035211267605633804,0.0,0.0,0.0,0.0035211267605633804,0.0,0.0,0.0,0.0,0.0,0.0,0.0,0.0,0.014084507042253518,0.0,0.01056338028169014,0.0,0.0,0.0,0.0,0.07746478873239436,0.0,0.0,0.0035211267605633804,0.0,0.0,0.0,0.0,0.0,0.0,0.0,0.0035211267605633804,0.0,0.0,0.01056338028169014,0.0,0.0,0.0,0.0,0.0,0.0,0.0035211267605633804,0.01056338028169014,0.0,0.0
SKBTI.0284.1247364,0.2324561403508772,0.0,0.0,0.017543859649122806,0.0,0.0,0.0,0.0,0.04824561403508772,0.0,0.0,0.0,0.0,0.0,0.0,0.0,0.16666666666666666,0.0,0.0,0.0,0.0,0.0,0.0,0.0,0.04385964912280702,0.0043859649122807015,0.0,0.0,0.0,0.0,0.0,0.0,0.0,0.0,0.0,0.0,0.0043859649122807015,0.0,0.0,0.0,0.0,0.0,0.0,0.07894736842105263,0.0,0.0,0.0,0.0,0.0,0.0
SKBTI.0152.1246403,0.35537190082644626,0.0,0.012396694214876032,0.0,0.004132231404958678,0.0,0.0,0.004132231404958678,0.0,0.0,0.0,0.0,0.0,0.0,0.004132231404958678,0.0,0.0,0.0,0.0,0.0,0.0,0.0,0.0,0.0,0.004132231404958678,0.0,0.0,0.0,0.0,0.0,0.008264462809917356,0.0,0.0,0.0,0.0,0.0,0.0,0.0,0.004132231404958678,0.004132231404958678,0.012396694214876032,0.0,0.008264462809917356,0.04132231404958678,0.004132231404958678,0.004132231404958678,0.004132231404958678,0.0,0.0,0.008264462809917356
SKBTI.1226.1247384,0.1352549889135255,0.0,0.0,0.0,0.0,0.009608277900960829,0.008130081300813009,0.0007390983000739097,0.0014781966001478194,0.0,0.0,0.004434589800443459,0.0,0.0,0.0,0.0007390983000739097,0.006651884700665189,0.0007390983000739097,0.0,0.0022172949002217295,0.0007390983000739097,0.0,0.0,0.0,0.0,0.0007390983000739097,0.0,0.0,0.0007390983000739097,0.0,0.0,0.0,0.005173688100517369,0.0,0.0,0.0007390983000739097,0.0014781966001478194,0.0,0.0007390983000739097,0.0014781966001478194,0.003695491500369549,0.0,0.0029563932002956393,0.0,0.0,0.015521064301552109,0.0014781966001478194,0.008869179600886918,0.0,0.0
SKBTI.1200.1247173,0.4117647058823529,0.0,0.004705882352941176,0.0,0.002352941176470588,0.0,0.0,0.009411764705882352,0.0,0.0,0.002352941176470588,0.0,0.0,0.0,0.0,0.0,0.0,0.0,0.0,0.0,0.0,0.0,0.002352941176470588,0.0,0.0,0.0,0.0,0.0,0.0,0.0,0.054117647058823534,0.007058823529411766,0.004705882352941176,0.009411764705882352,0.0,0.0,0.0,0.0,0.0,0.0,0.011764705882352941,0.0,0.0,0.035294117647058816,0.0,0.0,0.007058823529411766,0.002352941176470588,0.0,0.009411764705882352
SKBTI.1355.1246399,0.34513274336283184,0.0,0.0,0.0,0.0,0.0,0.0,0.0,0.0,0.0,0.0,0.008849557522123894,0.0,0.017699115044247787,0.0,0.0,0.0,0.0,0.0,0.0,0.0,0.0,0.0,0.04129793510324484,0.005899705014749263,0.0,0.008849557522123894,0.0,0.0,0.0,0.0,0.0,0.0,0.0,0.0,0.0,0.005899705014749263,0.0,0.014749262536873156,0.0,0.035398230088495575,0.005899705014749263,0.002949852507374631,0.0,0.0,0.011799410029498523,0.005899705014749263,0.0,0.0,0.002949852507374631
SKBTI.0180.1246773,0.0016778523489932886,0.0,0.0,0.0,0.0,0.0,0.0,0.010067114093959731,0.0,0.0,0.0016778523489932886,0.0,0.0016778523489932886,0.0,0.0,0.003355704697986577,0.0,0.0,0.0,0.003355704697986577,0.008389261744966443,0.0,0.0,0.015100671140939596,0.0,0.0050335570469798654,0.0,0.026845637583892617,0.0016778523489932886,0.0,0.0,0.0,0.0,0.008389261744966443,0.003355704697986577,0.0016778523489932886,0.0016778523489932886,0.0,0.0,0.0016778523489932886,0.0,0.0016778523489932886,0.0,0.08221476510067115,0.0,0.003355704697986577,0.0,0.0,0.0016778523489932886,0.0
SKBTI.0104.1246134,0.1688888888888889,0.0,0.0,0.004444444444444445,0.0,0.0,0.0,0.004444444444444445,0.0,0.0,0.0,0.004444444444444445,0.0,0.0,0.0,0.004444444444444445,0.0,0.004444444444444445,0.0,0.008888888888888889,0.0,0.0,0.0,0.0,0.0,0.0,0.004444444444444445,0.04,0.0,0.004444444444444445,0.0,0.0,0.0,0.02666666666666667,0.0,0.0,0.0,0.013333333333333334,0.0,0.0,0.008888888888888889,0.0,0.0,0.017777777777777778,0.07111111111111111,0.0,0.004444444444444445,0.0,0.0,0.0
SKBTI.0192.1246404,0.0,0.0,0.0,0.0,0.0,0.0,0.0,0.0049504950495049506,0.0,0.08415841584158416,0.0,0.0,0.0,0.0,0.0,0.0049504950495049506,0.0,0.0297029702970297,0.0,0.0,0.0,0.0,0.0,0.0,0.0,0.0099009900990099,0.0,0.0,0.0,0.0,0.0,0.0,0.0,0.0,0.01485148514851485,0.0,0.0,0.0,0.0,0.0,0.0,0.0,0.0,0.0,0.0,0.0,0.0,0.0,0.0049504950495049506,0.0
SKBTI.0190.1246201,0.2698412698412698,0.0,0.0,0.0,0.0,0.0,0.0,0.0,0.0,0.0,0.0,0.0,0.0,0.0,0.0,0.0,0.0,0.0,0.0,0.005291005291005291,0.0,0.0,0.0,0.0,0.005291005291005291,0.005291005291005291,0.0,0.0,0.0,0.0,0.0,0.0,0.0,0.0,0.0,0.0,0.0,0.005291005291005291,0.0,0.0,0.0,0.005291005291005291,0.0,0.021164021164021163,0.042328042328042326,0.0,0.0,0.0,0.01058201058201058,0.015873015873015872
SKBTI.0171.1246915,0.22380952380952385,0.0,0.0,0.0,0.0,0.0047619047619047615,0.0,0.0,0.0,0.0,0.0,0.0,0.0047619047619047615,0.0,0.0047619047619047615,0.0,0.0,0.009523809523809523,0.0,0.0,0.0,0.0,0.0,0.0,0.0,0.014285714285714284,0.0047619047619047615,0.0,0.0,0.014285714285714284,0.0,0.009523809523809523,0.0,0.014285714285714284,0.0,0.0,0.0,0.0,0.0,0.0,0.0,0.0,0.0,0.0,0.0,0.0,0.0,0.0,0.0,0.0
SKBTI062.1246572,0.04044943820224719,0.0,0.0,0.0,0.0,0.0044943820224719105,0.0,0.0,0.0,0.0,0.0,0.0,0.0022471910112359553,0.0,0.017977528089887642,0.0,0.0,0.0022471910112359553,0.0,0.0,0.0044943820224719105,0.0,0.015730337078651686,0.0,0.0,0.011235955056179777,0.0,0.024719101123595502,0.0,0.0,0.0,0.0044943820224719105,0.0,0.0,0.0022471910112359553,0.0044943820224719105,0.02921348314606742,0.0022471910112359553,0.0,0.011235955056179777,0.0,0.015730337078651686,0.0,0.0,0.0,0.0,0.0,0.011235955056179777,0.0044943820224719105,0.0044943820224719105
SKBTI028.1246818,0.05128205128205128,0.0,0.0,0.0,0.0,0.0,0.0,0.0,0.0,0.0,0.0,0.0,0.004273504273504274,0.0,0.0,0.0,0.0,0.017094017094017096,0.0,0.0,0.0,0.0,0.0,0.0,0.01282051282051282,0.0,0.02564102564102564,0.0,0.0,0.0,0.02564102564102564,0.004273504273504274,0.004273504273504274,0.0,0.017094017094017096,0.0,0.0,0.01282051282051282,0.004273504273504274,0.0,0.0,0.0,0.004273504273504274,0.0,0.02991452991452992,0.0,0.0,0.0,0.008547008547008548,0.02991452991452992
SKBTI.1220.1246728,0.17777777777777778,0.003703703703703704,0.0,0.0,0.001851851851851852,0.0,0.0,0.009259259259259259,0.0,0.0,0.0,0.0,0.0,0.003703703703703704,0.001851851851851852,0.005555555555555557,0.0,0.003703703703703704,0.0,0.12222222222222222,0.0,0.003703703703703704,0.001851851851851852,0.0,0.003703703703703704,0.0,0.016666666666666666,0.02037037037037037,0.003703703703703704,0.003703703703703704,0.024074074074074074,0.0,0.005555555555555557,0.001851851851851852,0.005555555555555557,0.001851851851851852,0.0,0.0,0.005555555555555557,0.0,0.001851851851851852,0.0,0.0,0.0,0.0,0.003703703703703704,0.007407407407407408,0.0,0.012962962962962964,0.003703703703703704
SKBTI.1019.1246282,0.3783783783783784,0.0,0.0,0.0,0.0,0.0,0.0,0.003003003003003003,0.0,0.0,0.0,0.0,0.0,0.0,0.0,0.0,0.0,0.03303303303303303,0.0,0.0,0.0,0.0,0.0,0.0,0.012012012012012012,0.0,0.0,0.054054054054054064,0.003003003003003003,0.0,0.0,0.003003003003003003,0.003003003003003003,0.0,0.018018018018018014,0.0,0.0,0.006006006006006006,0.0,0.0,0.0,0.0,0.003003003003003003,0.0,0.0,0.0,0.0,0.0,0.006006006006006006,0.0
SKBTI.1140.1246476,0.1425,0.0,0.0,0.0,0.0,0.0,0.0,0.0,0.0025,0.0,0.0,0.0,0.0,0.0,0.0,0.0,0.0,0.0,0.0,0.0525,0.0,0.0,0.0,0.0025,0.0,0.0075,0.0,0.0,0.0,0.0,0.0025,0.0,0.015,0.0,0.0075,0.0,0.005,0.0025,0.0,0.0,0.0075,0.0075,0.0,0.0,0.0075,0.0,0.0,0.0,0.0075,0.005
SKBTI012.1246804,0.1760204081632653,0.003826530612244898,0.0,0.0,0.0025510204081632647,0.0,0.0012755102040816323,0.0,0.0,0.0,0.0025510204081632647,0.0025510204081632647,0.005102040816326529,0.0,0.0012755102040816323,0.0,0.0,0.0,0.03188775510204082,0.007653061224489796,0.0,0.003826530612244898,0.02423469387755102,0.052295918367346934,0.0,0.0,0.0,0.0012755102040816323,0.0,0.0012755102040816323,0.005102040816326529,0.0012755102040816323,0.0,0.0,0.0012755102040816323,0.006377551020408163,0.0,0.0012755102040816323,0.008928571428571428,0.0025510204081632647,0.0,0.0,0.006377551020408163,0.006377551020408163,0.007653061224489796,0.04846938775510204,0.0,0.007653061224489796,0.0,0.0012755102040816323
SKBTI.0238.1247283,0.004807692307692308,0.0,0.0,0.014423076923076926,0.0,0.0,0.0,0.0,0.0,0.0,0.004807692307692308,0.0,0.0,0.0,0.0,0.0,0.0,0.004807692307692308,0.0,0.0,0.0,0.0,0.0,0.0,0.0,0.004807692307692308,0.0,0.0,0.0,0.0,0.0,0.0,0.009615384615384616,0.0,0.009615384615384616,0.0,0.004807692307692308,0.0,0.0,0.004807692307692308,0.0,0.0,0.004807692307692308,0.02884615384615385,0.0,0.004807692307692308,0.0,0.0,0.014423076923076926,0.0
SKBTI.1217.1247088,0.3382838283828383,0.0,0.0,0.0,0.0,0.0,0.0,0.0,0.0016501650165016502,0.0016501650165016502,0.0,0.0016501650165016502,0.0,0.0,0.0,0.0016501650165016502,0.0,0.0016501650165016502,0.0,0.0,0.0016501650165016502,0.0,0.0,0.0,0.006600660066006601,0.0,0.0,0.18151815181518152,0.0,0.0,0.0,0.0033003300330033004,0.0,0.0,0.0,0.0,0.0,0.0,0.0,0.0,0.0,0.0,0.0,0.11056105610561057,0.03135313531353135,0.0,0.0033003300330033004,0.0016501650165016502,0.00825082508250825,0.0
SKBTI.0129.1246157,0.3377483443708609,0.0,0.0,0.019867549668874173,0.0,0.0,0.0,0.0,0.0,0.0,0.0,0.0,0.006622516556291391,0.0,0.0,0.0,0.0,0.0,0.0,0.0,0.0,0.0,0.0,0.0,0.0,0.0,0.0,0.0,0.0,0.0,0.006622516556291391,0.0,0.0,0.0,0.0,0.0,0.0,0.0,0.0,0.0,0.0,0.0,0.0,0.03311258278145696,0.006622516556291391,0.0,0.0,0.006622516556291391,0.0,0.0
SKBTI.1227.1246129,0.10891089108910892,0.0,0.042432814710042434,0.0,0.0,0.0,0.04667609618104668,0.0014144271570014145,0.0,0.0,0.002828854314002829,0.005657708628005658,0.0,0.0,0.0,0.0014144271570014145,0.0,0.0014144271570014145,0.0,0.0,0.0,0.014144271570014143,0.0014144271570014145,0.021216407355021217,0.0,0.005657708628005658,0.004243281471004243,0.0014144271570014145,0.0,0.0,0.15558698727015555,0.0,0.0014144271570014145,0.0014144271570014145,0.0,0.002828854314002829,0.011315417256011316,0.0,0.0,0.0014144271570014145,0.02263083451202263,0.008486562942008486,0.002828854314002829,0.0,0.09193776520509192,0.0,0.0,0.0,0.0014144271570014145,0.01272984441301273
SKBTI.1352.1246592,0.0024691358024691358,0.03209876543209877,0.0,0.0,0.0,0.0,0.0,0.0024691358024691358,0.0,0.0,0.0,0.007407407407407408,0.0,0.0,0.0,0.0049382716049382715,0.0,0.0,0.0,0.0,0.0,0.0024691358024691358,0.0,0.0,0.0,0.0,0.0024691358024691358,0.0,0.0024691358024691358,0.0024691358024691358,0.019753086419753086,0.0,0.0,0.0,0.0024691358024691358,0.0,0.0,0.012345679012345678,0.007407407407407408,0.0,0.0,0.0024691358024691358,0.0049382716049382715,0.0,0.0049382716049382715,0.0024691358024691358,0.0,0.0,0.0024691358024691358,0.0049382716049382715
SKBTI.0120.1246941,0.24444444444444444,0.0,0.0,0.0,0.0,0.0,0.0,0.0,0.0,0.0,0.0,0.0,0.0,0.0,0.0,0.0,0.0,0.0,0.0,0.04814814814814815,0.0,0.0,0.0,0.0,0.0,0.05925925925925926,0.0,0.08148148148148149,0.0,0.0,0.0,0.0,0.0,0.0,0.0,0.0,0.0,0.0,0.0,0.011111111111111113,0.0,0.0,0.0,0.0,0.08518518518518517,0.0,0.0,0.0,0.0,0.0
SKBTI.0188.1246738,0.1076487252124646,0.0,0.0028328611898017,0.0,0.0,0.0,0.00141643059490085,0.0,0.0,0.0,0.0,0.00141643059490085,0.0,0.0,0.0,0.0,0.0,0.0056657223796034,0.0,0.0453257790368272,0.0,0.0056657223796034,0.00141643059490085,0.0,0.0056657223796034,0.0,0.0,0.0,0.0,0.0056657223796034,0.0056657223796034,0.0028328611898017,0.00141643059490085,0.0,0.0028328611898017,0.00141643059490085,0.0,0.0169971671388102,0.0,0.0,0.00424929178470255,0.00141643059490085,0.0,0.0,0.0028328611898017,0.0,0.00141643059490085,0.0,0.00424929178470255,0.024079320113314446
SKBTI.0234.1246423,0.29508196721311475,0.0,0.0,0.0,0.0,0.0,0.0,0.0,0.0,0.0,0.0,0.0,0.0,0.0,0.0,0.0,0.0,0.0,0.0,0.0,0.0,0.0,0.0,0.0,0.0,0.008196721311475409,0.0,0.0,0.0,0.008196721311475409,0.0,0.008196721311475409,0.0,0.0,0.0,0.0,0.0,0.008196721311475409,0.0,0.008196721311475409,0.0,0.0,0.0,0.10655737704918032,0.08196721311475409,0.0,0.008196721311475409,0.0,0.0,0.0
SKBTI.0258.1247419,0.22699386503067484,0.003067484662576687,0.009202453987730062,0.0,0.0,0.0,0.0,0.0,0.0,0.027607361963190184,0.0,0.0,0.0,0.009202453987730062,0.0,0.003067484662576687,0.0,0.0,0.0,0.0,0.0,0.0,0.0,0.033742331288343565,0.003067484662576687,0.0,0.009202453987730062,0.0,0.0,0.0,0.015337423312883437,0.0,0.003067484662576687,0.0,0.0,0.003067484662576687,0.0,0.003067484662576687,0.02147239263803681,0.0,0.033742331288343565,0.015337423312883437,0.0,0.049079754601227,0.0,0.006134969325153374,0.003067484662576687,0.0,0.003067484662576687,0.0
SKBTI.0161.1246229,0.5537190082644629,0.0,0.0,0.004132231404958678,0.0,0.0,0.0,0.0,0.0,0.0,0.004132231404958678,0.0,0.0,0.0,0.0,0.0,0.0,0.0,0.0,0.06611570247933883,0.0,0.0,0.0,0.0,0.0,0.0,0.0,0.012396694214876032,0.0,0.004132231404958678,0.0,0.0,0.004132231404958678,0.0,0.0,0.0,0.0,0.02066115702479339,0.0,0.0,0.0,0.004132231404958678,0.0,0.012396694214876032,0.016528925619834708,0.0,0.008264462809917356,0.0,0.008264462809917356,0.004132231404958678
SKBTI.1248.1247428,0.0,0.0,0.0,0.0,0.0,0.0,0.0,0.002309468822170901,0.0,0.0,0.0,0.002309468822170901,0.0,0.0,0.0,0.0,0.0,0.0046189376443418004,0.0,0.0,0.0,0.0,0.002309468822170901,0.0,0.0,0.0,0.0046189376443418004,0.0,0.0046189376443418004,0.0,0.0,0.0,0.0,0.0,0.0,0.0,0.0,0.0,0.0046189376443418004,0.002309468822170901,0.20554272517321012,0.0,0.0,0.0,0.0,0.013856812933025405,0.0,0.0,0.002309468822170901,0.0
SKBTI.0235.1246605,0.24509803921568624,0.0,0.0,0.0,0.0,0.0,0.0,0.0,0.0,0.0,0.0,0.0,0.0392156862745098,0.0,0.0,0.0,0.00980392156862745,0.0,0.0,0.0,0.0,0.0,0.0,0.0,0.0,0.0,0.0,0.0392156862745098,0.0,0.00980392156862745,0.0,0.0,0.0,0.0,0.0,0.0,0.0,0.0,0.0,0.0,0.0,0.0,0.0,0.0,0.0,0.0,0.0,0.00980392156862745,0.0,0.0
SKBTI.1165.1246502,0.13414634146341464,0.0,0.0,0.0,0.0,0.0,0.0,0.0,0.0,0.0,0.006097560975609756,0.0,0.0,0.0,0.0,0.004573170731707317,0.0,0.006097560975609756,0.0,0.10060975609756098,0.001524390243902439,0.004573170731707317,0.0,0.0,0.0,0.0,0.0,0.0,0.009146341463414634,0.001524390243902439,0.013719512195121951,0.0,0.0,0.004573170731707317,0.009146341463414634,0.001524390243902439,0.0,0.004573170731707317,0.0,0.0,0.01524390243902439,0.003048780487804878,0.021341463414634148,0.0,0.0,0.007621951219512195,0.006097560975609756,0.004573170731707317,0.006097560975609756,0.001524390243902439
SKBTI.0193.1246598,0.07075471698113207,0.0,0.0,0.0,0.0,0.0,0.0,0.0,0.0,0.0,0.0,0.0,0.0,0.0,0.0,0.0,0.0,0.0047169811320754715,0.0,0.0,0.0,0.0,0.0,0.0,0.009433962264150943,0.0,0.0,0.042452830188679236,0.0,0.0,0.0,0.0,0.014150943396226415,0.0,0.014150943396226415,0.0,0.0,0.0,0.0047169811320754715,0.0,0.0,0.0,0.0,0.0,0.014150943396226415,0.009433962264150943,0.0,0.0,0.02358490566037736,0.009433962264150943
SKBTI.0242.1246464,0.31666666666666665,0.0,0.0,0.0,0.0,0.0,0.0,0.0,0.0,0.008333333333333333,0.0,0.0,0.0,0.0,0.0,0.0,0.0,0.016666666666666666,0.0,0.008333333333333333,0.0,0.0,0.0,0.0,0.008333333333333333,0.0,0.0,0.08333333333333333,0.0,0.0,0.0,0.0,0.0,0.0,0.0,0.0,0.016666666666666666,0.016666666666666666,0.0,0.0,0.0,0.0,0.0,0.0,0.03333333333333333,0.0,0.0,0.0,0.008333333333333333,0.0
SKBTI.0167.1247157,0.3076923076923077,0.0,0.0,0.0,0.0,0.0,0.0,0.0,0.0,0.0,0.0,0.0,0.0,0.06993006993006994,0.0,0.0,0.0,0.0,0.0,0.16083916083916086,0.0,0.0,0.0,0.013986013986013986,0.0,0.0,0.006993006993006993,0.0,0.0,0.0,0.0,0.0,0.0,0.0,0.0,0.0,0.0,0.0,0.0,0.0,0.02797202797202797,0.006993006993006993,0.0,0.0,0.06993006993006994,0.0,0.0,0.0,0.0,0.0
SKBTI.1334.1247137,0.1762820512820513,0.003205128205128205,0.0,0.0,0.0,0.0,0.0,0.0,0.0,0.0,0.0,0.0,0.0,0.003205128205128205,0.0,0.00641025641025641,0.0,0.0,0.0,0.00641025641025641,0.0,0.0,0.0,0.00641025641025641,0.0,0.0,0.0,0.11217948717948717,0.0,0.0,0.0,0.0,0.003205128205128205,0.0,0.0,0.0,0.003205128205128205,0.0,0.003205128205128205,0.0,0.003205128205128205,0.00641025641025641,0.009615384615384616,0.0,0.0,0.0,0.003205128205128205,0.0,0.00641025641025641,0.0
SKBTI.1252.1247124,0.3563218390804598,0.020689655172413796,0.0,0.0,0.0,0.0,0.0,0.0,0.0,0.0,0.002298850574712644,0.002298850574712644,0.0,0.0367816091954023,0.0,0.0,0.0,0.002298850574712644,0.0,0.0,0.0,0.0,0.0,0.006896551724137931,0.002298850574712644,0.002298850574712644,0.0,0.0,0.0,0.0,0.0,0.002298850574712644,0.004597701149425286,0.0,0.009195402298850576,0.002298850574712644,0.006896551724137931,0.0,0.004597701149425286,0.0,0.0,0.006896551724137931,0.03218390804597701,0.0,0.0,0.004597701149425286,0.0,0.0,0.009195402298850576,0.0
SKBTI.0251.1247301,0.0253968253968254,0.0,0.0,0.0,0.0,0.0,0.0,0.0,0.0,0.06984126984126984,0.0,0.0,0.0,0.0,0.0,0.0031746031746031746,0.0,0.015873015873015872,0.0,0.0,0.0,0.0031746031746031746,0.0,0.0,0.012698412698412698,0.0,0.0031746031746031746,0.0,0.0,0.006349206349206349,0.0,0.0,0.0031746031746031746,0.0,0.0,0.0,0.0,0.0,0.0,0.0,0.0,0.0,0.0,0.0,0.0,0.0,0.0,0.0,0.006349206349206349,0.0
SKBTI.0176.1246981,0.22043010752688166,0.0,0.0,0.0,0.0,0.0,0.0,0.0,0.0,0.0,0.0,0.005376344086021507,0.0,0.0,0.0,0.0,0.0,0.0,0.0,0.0,0.0,0.0,0.0,0.010752688172043013,0.010752688172043013,0.005376344086021507,0.0,0.016129032258064516,0.005376344086021507,0.0,0.021505376344086027,0.0,0.010752688172043013,0.0,0.0,0.0,0.0,0.016129032258064516,0.010752688172043013,0.0,0.0,0.0,0.0,0.0,0.0,0.0,0.0,0.0,0.0,0.010752688172043013
SKBTI.0099.1246757,0.5842696629213483,0.0,0.0,0.0,0.0,0.0,0.0,0.0,0.0022471910112359553,0.0,0.0,0.0,0.0,0.0022471910112359553,0.0,0.0,0.0022471910112359553,0.0022471910112359553,0.0022471910112359553,0.0,0.0,0.0,0.0,0.0,0.0,0.011235955056179777,0.008988764044943821,0.0,0.0,0.0,0.0,0.0,0.0022471910112359553,0.0,0.0,0.0,0.0,0.0022471910112359553,0.0,0.0022471910112359553,0.0,0.0,0.0,0.0,0.008988764044943821,0.0044943820224719105,0.0067415730337078645,0.015730337078651686,0.0,0.0
SKBTI.0182.1247424,0.002710027100271003,0.0,0.0,0.0,0.0,0.0,0.0,0.0,0.0,0.07588075880758807,0.0,0.0,0.0,0.0,0.0,0.0,0.0,0.0,0.018970189701897015,0.0,0.0,0.0,0.002710027100271003,0.0,0.0,0.0,0.0,0.0,0.0,0.0,0.0,0.0,0.0,0.0,0.0,0.0,0.0,0.0,0.0,0.0,0.0,0.0,0.0,0.0054200542005420045,0.0,0.0,0.0,0.06504065040650407,0.0,0.0
SKBTI.0137.1246515,0.3907284768211921,0.0,0.0,0.0,0.0,0.0,0.0,0.0,0.0,0.0,0.002207505518763797,0.002207505518763797,0.0,0.0,0.0,0.0,0.0,0.002207505518763797,0.039735099337748346,0.0,0.0,0.0,0.0,0.0,0.0,0.0,0.0,0.002207505518763797,0.002207505518763797,0.006622516556291391,0.0,0.0,0.002207505518763797,0.002207505518763797,0.0,0.011037527593818984,0.0,0.002207505518763797,0.002207505518763797,0.0,0.0,0.0,0.002207505518763797,0.004415011037527594,0.0,0.03532008830022075,0.0,0.011037527593818984,0.0,0.004415011037527594
SKBTI.0164.1247217,0.11387163561076605,0.0,0.0,0.0,0.0,0.0,0.0,0.0,0.0,0.0,0.0,0.0,0.0,0.0,0.0,0.002070393374741201,0.0,0.0,0.0,0.002070393374741201,0.0,0.004140786749482402,0.0,0.002070393374741201,0.018633540372670808,0.004140786749482402,0.0,0.0,0.0,0.004140786749482402,0.0,0.0,0.0,0.0,0.0,0.0,0.0,0.0,0.002070393374741201,0.0,0.0,0.002070393374741201,0.002070393374741201,0.07246376811594203,0.0,0.002070393374741201,0.006211180124223602,0.0,0.0,0.002070393374741201
SKBTI.0097.1247143,0.12626262626262627,0.0,0.0,0.0,0.0,0.0,0.0,0.0,0.0,0.0,0.005050505050505051,0.0,0.005050505050505051,0.0,0.0,0.0,0.0,0.0,0.0,0.0,0.0,0.02525252525252525,0.0,0.010101010101010102,0.040404040404040414,0.0,0.0,0.0,0.005050505050505051,0.0,0.0,0.0,0.0,0.0,0.010101010101010102,0.0,0.0,0.015151515151515154,0.0,0.0,0.0,0.0,0.0,0.015151515151515154,0.0,0.0,0.0,0.0,0.005050505050505051,0.015151515151515154
SKBTI053.1246431,0.19444444444444445,0.04861111111111111,0.0,0.0,0.0,0.0,0.0,0.006944444444444444,0.0,0.0,0.0,0.0,0.0,0.0,0.0,0.0,0.0,0.0,0.0,0.0,0.0,0.0,0.0,0.0,0.0,0.0,0.0,0.0,0.006944444444444444,0.0,0.0,0.0,0.0,0.013888888888888888,0.006944444444444444,0.0,0.0,0.0,0.0,0.0,0.02083333333333333,0.0,0.02083333333333333,0.125,0.006944444444444444,0.0,0.0,0.0,0.0,0.006944444444444444
SKBTI066.1247046,0.29896907216494845,0.0,0.0,0.0,0.0,0.01855670103092784,0.002061855670103093,0.0,0.0,0.002061855670103093,0.0,0.0,0.0,0.0,0.002061855670103093,0.0,0.002061855670103093,0.0,0.035051546391752585,0.0,0.010309278350515464,0.0,0.002061855670103093,0.0,0.0,0.020618556701030927,0.0,0.0,0.0,0.002061855670103093,0.0,0.0,0.0,0.0,0.0,0.0,0.004123711340206186,0.0,0.0,0.004123711340206186,0.0,0.0,0.0,0.0,0.002061855670103093,0.002061855670103093,0.006185567010309278,0.002061855670103093,0.0,0.0
SKBTI.0187.1246621,0.20398009950248755,0.05472636815920398,0.0,0.0,0.0,0.0,0.0,0.0,0.0,0.0,0.0049751243781094535,0.0,0.0,0.0,0.0,0.0,0.0,0.0,0.0049751243781094535,0.0,0.0,0.0,0.0,0.0049751243781094535,0.0,0.0,0.0,0.0,0.0,0.0,0.0,0.0,0.01492537313432836,0.0,0.0,0.01492537313432836,0.0,0.0,0.0049751243781094535,0.0,0.0,0.0,0.0,0.0,0.01492537313432836,0.0,0.0,0.0049751243781094535,0.0,0.0
SKBTI049.1247244,0.11428571428571427,0.0,0.0,0.0,0.009523809523809523,0.0,0.0,0.0,0.009523809523809523,0.0,0.0,0.009523809523809523,0.0,0.0,0.0,0.0,0.0,0.0,0.0,0.0,0.0,0.0,0.0,0.11428571428571427,0.0,0.0,0.0,0.20952380952380956,0.0,0.0,0.0,0.009523809523809523,0.0,0.0,0.0,0.0,0.01904761904761905,0.0,0.0,0.01904761904761905,0.0,0.0,0.028571428571428567,0.0,0.009523809523809523,0.0,0.0,0.01904761904761905,0.0,0.0
SKBTI.1193.1246398,0.17105263157894735,0.011278195488721804,0.016917293233082706,0.0,0.0,0.0,0.09398496240601503,0.0,0.0,0.0,0.0,0.0,0.0,0.0018796992481203009,0.0018796992481203009,0.0018796992481203009,0.0,0.0,0.0,0.04887218045112782,0.0,0.003759398496240601,0.0,0.0,0.0018796992481203009,0.0,0.0,0.0,0.0018796992481203009,0.003759398496240601,0.02067669172932331,0.003759398496240601,0.0,0.0,0.0018796992481203009,0.0018796992481203009,0.005639097744360902,0.013157894736842105,0.003759398496240601,0.0,0.028195488721804513,0.005639097744360902,0.0,0.02067669172932331,0.05075187969924812,0.0018796992481203009,0.0,0.0,0.0018796992481203009,0.013157894736842105
SKBTI.0216.1246266,0.0925925925925926,0.006172839506172839,0.0,0.0,0.0,0.0,0.0,0.00308641975308642,0.0,0.05864197530864197,0.0,0.0,0.0,0.02469135802469136,0.0,0.0,0.0,0.0,0.018518518518518517,0.0,0.0,0.0,0.00308641975308642,0.043209876543209874,0.0,0.0,0.015432098765432096,0.0,0.009259259259259259,0.0,0.0,0.006172839506172839,0.0,0.027777777777777776,0.0,0.00308641975308642,0.0,0.0,0.0,0.0,0.012345679012345678,0.0,0.0,0.0,0.0,0.0,0.0,0.006172839506172839,0.00308641975308642,0.009259259259259259
SKBTI.0268.1247386,0.0,0.0,0.0,0.0,0.0,0.0,0.0,0.0,0.0,0.0,0.0,0.0,0.0,0.0,0.0,0.0,0.0,0.0,0.0,0.0,0.00546448087431694,0.0,0.0,0.0,0.0,0.0,0.01092896174863388,0.0,0.0,0.0,0.0,0.02185792349726776,0.0,0.01092896174863388,0.0,0.0,0.01092896174863388,0.0,0.016393442622950817,0.00546448087431694,0.0,0.0,0.0,0.0,0.0,0.01092896174863388,0.0,0.016393442622950817,0.00546448087431694,0.00546448087431694
SKBTI.1354.1247212,0.002873563218390805,0.0,0.0,0.0,0.0,0.0,0.0,0.0,0.02586206896551724,0.0,0.0,0.0,0.0,0.0,0.0,0.0,0.03160919540229885,0.0,0.0,0.0,0.0,0.0,0.0,0.0,0.0,0.0,0.0,0.0,0.0,0.0,0.0,0.0,0.0,0.0,0.002873563218390805,0.0,0.0,0.0,0.0,0.008620689655172414,0.0,0.0,0.0,0.002873563218390805,0.0,0.0,0.0,0.002873563218390805,0.0,0.0
SKBTI.0168.1246827,0.0,0.0,0.0,0.0,0.0,0.0,0.0020408163265306124,0.0,0.0,0.0,0.0,0.0,0.0,0.0,0.00816326530612245,0.0,0.0,0.0,0.0,0.0,0.04693877551020408,0.0,0.0,0.0,0.0,0.0020408163265306124,0.0,0.0,0.0,0.0,0.0326530612244898,0.004081632653061225,0.0,0.0020408163265306124,0.0,0.0,0.0,0.0,0.0,0.04489795918367346,0.0,0.0,0.0,0.0,0.0,0.0020408163265306124,0.0,0.02244897959183673,0.0,0.0
SKBTI.0124.1247131,0.25118483412322273,0.0,0.0,0.0,0.0,0.0,0.0,0.0,0.0,0.0,0.0,0.0,0.009478672985781993,0.0047393364928909965,0.0,0.0,0.0,0.0,0.0,0.0,0.0047393364928909965,0.0,0.0,0.0,0.0,0.0,0.0,0.0,0.009478672985781993,0.0,0.0,0.0,0.0,0.009478672985781993,0.0,0.0,0.009478672985781993,0.0,0.0047393364928909965,0.0,0.0,0.0,0.0,0.0,0.05213270142180095,0.0,0.0047393364928909965,0.018957345971563986,0.0,0.02369668246445497
SKBTI.1311.1247432,0.2953020134228188,0.0,0.0,0.003355704697986577,0.0,0.0,0.0,0.0,0.0,0.0,0.006711409395973154,0.0,0.0,0.0,0.0,0.02348993288590604,0.0,0.0,0.0,0.0,0.0,0.0,0.0,0.0,0.0,0.0,0.0,0.11073825503355704,0.0,0.0,0.0,0.0,0.0,0.0,0.0,0.006711409395973154,0.0,0.0,0.0,0.0,0.0,0.0,0.006711409395973154,0.0,0.03355704697986577,0.0,0.0,0.003355704697986577,0.0,0.0
SKBTI.0169.1247246,0.0049751243781094535,0.0,0.0,0.0,0.0,0.0,0.0,0.0,0.0,0.0,0.0,0.0,0.0,0.02487562189054726,0.0,0.0,0.0049751243781094535,0.0,0.04477611940298507,0.0,0.0,0.0,0.0,0.0,0.0,0.0,0.0,0.0,0.0,0.0,0.0,0.0049751243781094535,0.0,0.0,0.0,0.0,0.0,0.0,0.0,0.0,0.0,0.0,0.0,0.0,0.0,0.0,0.0,0.01492537313432836,0.0,0.0
SKBTI046.1246959,0.0,0.0,0.0,0.0,0.0,0.0,0.0,0.0,0.0,0.11637931034482757,0.0,0.0,0.0,0.0,0.0,0.0,0.0,0.0,0.0,0.0,0.0,0.0,0.0,0.0,0.0,0.0021551724137931034,0.0,0.2629310344827586,0.0,0.0,0.0,0.0,0.0,0.0,0.0,0.0,0.0,0.0,0.0,0.0,0.0,0.0,0.0,0.0,0.0,0.0,0.0021551724137931034,0.0,0.0,0.0
SKBTI.0155.1246919,0.007352941176470587,0.0,0.004901960784313725,0.0,0.0,0.0,0.0,0.0024509803921568627,0.0,0.0,0.0024509803921568627,0.0,0.0,0.01715686274509804,0.0,0.0,0.0,0.0024509803921568627,0.004901960784313725,0.0,0.0,0.0,0.007352941176470587,0.0,0.0,0.0,0.0,0.0,0.0024509803921568627,0.0,0.014705882352941175,0.007352941176470587,0.029411764705882356,0.0,0.01715686274509804,0.0,0.0,0.0,0.0024509803921568627,0.0,0.012254901960784314,0.00980392156862745,0.0,0.07107843137254903,0.0,0.0024509803921568627,0.0,0.0,0.0,0.012254901960784314
SKBTI.1312.1247312,0.07792207792207792,0.0,0.0,0.0,0.0,0.0,0.008658008658008658,0.0,0.0,0.0,0.0,0.0,0.004329004329004329,0.0,0.012987012987012988,0.0,0.06926406926406926,0.0,0.004329004329004329,0.004329004329004329,0.0,0.0,0.0,0.0,0.0,0.008658008658008658,0.008658008658008658,0.025974025974025976,0.0,0.0,0.012987012987012988,0.0,0.0,0.0,0.004329004329004329,0.0,0.0,0.0,0.0,0.004329004329004329,0.0,0.0,0.0,0.0,0.008658008658008658,0.0,0.0,0.012987012987012988,0.0,0.0
SKBTI089.1247376,0.0,0.04150579150579151,0.0019305019305019305,0.0,0.0,0.0009652509652509653,0.0,0.0,0.0,0.003861003861003861,0.0,0.0,0.0,0.0,0.009652509652509652,0.0009652509652509653,0.0,0.0,0.0009652509652509653,0.0,0.00579150579150579,0.0009652509652509653,0.0019305019305019305,0.0,0.00579150579150579,0.0,0.0,0.0,0.003861003861003861,0.0,0.0,0.0,0.002895752895752896,0.0,0.0,0.004826254826254826,0.0,0.0,0.020270270270270268,0.003861003861003861,0.002895752895752896,0.002895752895752896,0.0,0.01158301158301158,0.0009652509652509653,0.01254826254826255,0.0,0.0019305019305019305,0.002895752895752896,0.0
SKBTI.0206.1247297,0.31543624161073824,0.0,0.0,0.0,0.060402684563758385,0.0,0.0,0.0,0.0,0.0,0.0,0.0,0.0,0.0,0.0,0.0,0.0,0.0,0.0,0.17449664429530198,0.0,0.0,0.0,0.0,0.0,0.0,0.0,0.0,0.006711409395973154,0.0,0.0,0.0,0.0,0.0,0.0,0.0,0.0,0.0,0.0,0.020134228187919462,0.0,0.0,0.0,0.0,0.0,0.013422818791946308,0.0,0.0,0.0,0.0
SKBTI.0156.1247394,0.3802469135802469,0.0,0.0,0.0,0.0,0.0,0.0,0.0024691358024691358,0.0,0.0,0.0,0.0,0.0,0.0,0.0,0.0024691358024691358,0.0,0.0,0.0,0.0,0.0,0.0,0.0,0.0,0.01728395061728395,0.0024691358024691358,0.0,0.0,0.0024691358024691358,0.0,0.0,0.01728395061728395,0.0,0.0,0.014814814814814815,0.0024691358024691358,0.0,0.0345679012345679,0.0,0.0,0.0,0.0,0.0024691358024691358,0.0,0.0,0.0,0.0,0.0,0.0,0.012345679012345678
SKBTI037.1246306,0.07407407407407407,0.0,0.0,0.0,0.0,0.07936507936507936,0.0,0.0,0.005291005291005291,0.0,0.0,0.0,0.005291005291005291,0.0,0.0,0.0,0.052910052910052914,0.0,0.01058201058201058,0.0,0.005291005291005291,0.0,0.0,0.0,0.005291005291005291,0.0,0.0,0.0,0.0,0.0,0.0,0.0,0.0,0.031746031746031744,0.0,0.0,0.0,0.01058201058201058,0.0,0.052910052910052914,0.0,0.0,0.0,0.015873015873015872,0.0,0.0,0.0,0.0,0.0,0.005291005291005291
SKBTI052.1247066,0.0198019801980198,0.0,0.0,0.0,0.0,0.0,0.0,0.0,0.0,0.0099009900990099,0.0,0.0,0.0,0.0,0.0,0.0,0.0,0.0,0.0,0.0297029702970297,0.0,0.0,0.0,0.0,0.0,0.0,0.0,0.0,0.0099009900990099,0.0099009900990099,0.10891089108910892,0.0198019801980198,0.0,0.0198019801980198,0.0,0.0,0.0,0.0,0.0099009900990099,0.0,0.0,0.0,0.0099009900990099,0.0,0.0,0.0,0.0,0.0198019801980198,0.0,0.0396039603960396
SKBTI.0218.1246657,0.007326007326007327,0.0,0.0,0.0,0.0,0.0,0.0,0.0036630036630036634,0.0,0.0,0.0,0.01098901098901099,0.0,0.0,0.0,0.0,0.0,0.0,0.0,0.0,0.0,0.0,0.0,0.0036630036630036634,0.007326007326007327,0.0,0.0,0.0,0.0,0.0,0.0036630036630036634,0.0,0.01098901098901099,0.0,0.01831501831501832,0.0,0.0,0.029304029304029307,0.0,0.0,0.0,0.0,0.0,0.029304029304029307,0.02197802197802198,0.0,0.0,0.0,0.0,0.01098901098901099
SKBTI.0127.1247224,0.08241758241758243,0.0,0.02197802197802198,0.0,0.0,0.0,0.0,0.0,0.0,0.02197802197802198,0.0,0.0,0.0,0.0,0.0,0.0,0.0,0.005494505494505495,0.0,0.06043956043956044,0.0,0.0,0.0,0.005494505494505495,0.0,0.0,0.005494505494505495,0.0,0.0,0.0,0.02197802197802198,0.0,0.0,0.005494505494505495,0.0,0.0,0.0,0.04395604395604396,0.0,0.0,0.02197802197802198,0.0,0.0,0.0,0.1043956043956044,0.0,0.0,0.0,0.01098901098901099,0.005494505494505495
SKBTI.1192.1247336,0.10424710424710423,0.0,0.0,0.0,0.003861003861003861,0.0,0.0,0.0,0.0,0.0,0.0,0.003861003861003861,0.0,0.0,0.0,0.0,0.06177606177606178,0.0,0.0,0.0,0.003861003861003861,0.0,0.0,0.23938223938223935,0.0,0.0,0.0,0.0,0.0,0.0,0.0,0.0,0.0,0.0,0.0,0.0,0.0,0.0,0.0,0.02316602316602316,0.015444015444015444,0.0,0.0,0.0,0.01158301158301158,0.007722007722007722,0.0,0.0,0.0,0.0
SKBTI.1203.1246230,0.25598086124401914,0.0,0.0023923444976076554,0.0,0.0,0.0023923444976076554,0.0,0.0,0.0,0.18181818181818185,0.0,0.0,0.0,0.0,0.004784688995215311,0.0,0.0,0.0,0.0,0.0,0.0,0.0,0.0,0.0,0.0,0.0,0.0,0.0,0.0071770334928229675,0.0,0.0,0.004784688995215311,0.0,0.0,0.004784688995215311,0.0,0.004784688995215311,0.004784688995215311,0.0,0.004784688995215311,0.0071770334928229675,0.0,0.009569377990430622,0.0,0.0,0.0023923444976076554,0.0,0.0023923444976076554,0.057416267942583726,0.0
SKBTI.0260.1247152,0.08284023668639054,0.0,0.0,0.02958579881656805,0.0,0.01183431952662722,0.0,0.0,0.005917159763313609,0.0,0.0,0.0,0.002958579881656805,0.0,0.0,0.0,0.002958579881656805,0.0,0.005917159763313609,0.002958579881656805,0.002958579881656805,0.0,0.0,0.0,0.002958579881656805,0.002958579881656805,0.0,0.0,0.0,0.002958579881656805,0.0,0.0,0.0,0.0,0.0,0.0,0.0,0.0,0.0,0.0,0.0,0.0,0.0,0.10355029585798817,0.0,0.0,0.002958579881656805,0.0,0.0,0.0
SKBTI.0147.1247156,0.0,0.0,0.0,0.0,0.0,0.0,0.0,0.0,0.0,0.0,0.024,0.0,0.0,0.0,0.0,0.0,0.0,0.0,0.0,0.0,0.0,0.0,0.0,0.008,0.0,0.0,0.0,0.0,0.0,0.0,0.0,0.0,0.0,0.008,0.0,0.0,0.0,0.0,0.0,0.024,0.0,0.0,0.0,0.04,0.0,0.008,0.0,0.0,0.0,0.0
SKBTI.0151.1247294,0.013392857142857142,0.0,0.0,0.03571428571428571,0.0,0.0,0.0,0.0,0.0,0.0,0.0,0.0,0.0,0.0,0.0,0.0,0.0,0.004464285714285714,0.0,0.07142857142857142,0.0,0.0,0.0,0.0,0.0,0.0,0.004464285714285714,0.0,0.0,0.0,0.0,0.0,0.004464285714285714,0.0,0.0,0.0,0.0,0.008928571428571428,0.004464285714285714,0.0,0.0,0.004464285714285714,0.0,0.0,0.02232142857142857,0.0,0.0,0.0,0.0,0.0
SKBTI.1315.1246136,0.3256704980842912,0.0,0.0,0.0,0.0,0.0,0.0,0.0019157088122605363,0.0019157088122605363,0.0,0.0,0.0,0.0,0.0,0.0,0.0,0.02873563218390805,0.0,0.0019157088122605363,0.0,0.0019157088122605363,0.0,0.0019157088122605363,0.007662835249042145,0.0,0.017241379310344827,0.0,0.10919540229885058,0.0,0.0019157088122605363,0.0,0.0019157088122605363,0.0,0.0038314176245210726,0.0,0.0,0.0,0.0,0.0,0.0019157088122605363,0.0,0.0,0.0,0.0,0.0,0.0019157088122605363,0.0,0.0019157088122605363,0.0,0.0
SKBTI.1093.1246216,0.17330210772833726,0.0,0.0,0.0,0.00234192037470726,0.0,0.0,0.0,0.0,0.0,0.0,0.00468384074941452,0.0,0.00468384074941452,0.0,0.0,0.00468384074941452,0.0,0.00468384074941452,0.05620608899297424,0.0,0.00936768149882904,0.00234192037470726,0.05152224824355972,0.0,0.0,0.0,0.0585480093676815,0.0,0.00234192037470726,0.0,0.0,0.0,0.00234192037470726,0.0,0.0,0.0,0.0,0.0,0.0,0.0,0.0,0.0,0.0,0.030444964871194382,0.0,0.00234192037470726,0.021077283372365342,0.0,0.0
SKBTI093.1246214,0.0379746835443038,0.0,0.02531645569620253,0.0,0.0,0.0,0.0,0.0,0.0,0.0,0.006329113924050633,0.0,0.0,0.0,0.006329113924050633,0.0,0.0,0.0,0.0,0.0,0.0,0.0,0.0,0.006329113924050633,0.012658227848101266,0.0,0.04430379746835443,0.0,0.006329113924050633,0.0,0.13924050632911392,0.0,0.0,0.0,0.0,0.0,0.0,0.02531645569620253,0.012658227848101266,0.0,0.006329113924050633,0.006329113924050633,0.012658227848101266,0.0,0.006329113924050633,0.0,0.0,0.0,0.006329113924050633,0.0189873417721519
SKBTI.1295.1246856,0.1870967741935484,0.0,0.0,0.0,0.0,0.0,0.0,0.0,0.0,0.0,0.0,0.0,0.0,0.0,0.0,0.0,0.0,0.0064516129032258064,0.0,0.0,0.0,0.0,0.0,0.0,0.0,0.0064516129032258064,0.0,0.0,0.0,0.0,0.0,0.0,0.0,0.0,0.0,0.0,0.01935483870967742,0.0,0.0,0.012903225806451613,0.0,0.0,0.0,0.0,0.0064516129032258064,0.0,0.0,0.012903225806451613,0.0,0.0
SKBTI.0269.1246526,0.4901960784313725,0.0,0.006535947712418301,0.0,0.0,0.0,0.0,0.0,0.0,0.0,0.0,0.0,0.0,0.006535947712418301,0.0,0.0,0.0,0.0,0.0,0.0,0.013071895424836602,0.0,0.0,0.0,0.0,0.0,0.0,0.0,0.0,0.0,0.0,0.0,0.0,0.0,0.0,0.0,0.0,0.0,0.0,0.0,0.0,0.0,0.0,0.0,0.0196078431372549,0.0,0.0,0.006535947712418301,0.0,0.0
SKBTI.1332.1246892,0.0,0.0,0.0,0.0,0.0,0.0,0.0,0.0,0.0,0.0,0.0,0.0,0.0,0.0,0.0,0.0,0.0,0.0,0.0,0.0,0.0,0.0,0.0,0.0,0.0,0.0,0.0,0.0076335877862595426,0.0,0.0,0.0,0.0,0.0,0.0,0.0,0.0,0.0,0.0,0.0,0.0,0.0,0.0,0.0,0.0,0.0076335877862595426,0.0,0.0,0.0,0.0,0.0
SKBTI.0128.1246922,0.37735849056603776,0.0,0.0,0.03773584905660377,0.0,0.0,0.0,0.0,0.006289308176100629,0.0,0.0,0.0,0.012578616352201259,0.0,0.0,0.0,0.0440251572327044,0.0,0.03773584905660377,0.0,0.0,0.0,0.0,0.0,0.0,0.0,0.006289308176100629,0.0,0.006289308176100629,0.0,0.0,0.0,0.0,0.0,0.0,0.0,0.0,0.0,0.0,0.012578616352201259,0.0,0.0,0.0,0.0,0.0,0.0,0.012578616352201259,0.006289308176100629,0.0,0.0
SKBTI.1174.1246939,0.4539877300613497,0.0,0.0,0.0,0.0,0.003067484662576687,0.0,0.0,0.04601226993865031,0.0,0.0,0.0,0.0,0.0,0.0,0.0,0.0,0.0,0.0,0.0,0.0,0.0,0.0,0.0,0.0,0.030674846625766868,0.0,0.0,0.0,0.0,0.0,0.0,0.0,0.0,0.0,0.0,0.003067484662576687,0.0,0.0,0.003067484662576687,0.0,0.0,0.0,0.012269938650306749,0.0,0.0,0.003067484662576687,0.0,0.0,0.0
SKBTI.1209.1246285,0.7935103244837758,0.0,0.0,0.0,0.0,0.002949852507374631,0.0,0.0,0.0,0.0,0.0,0.0,0.0,0.0,0.0,0.0,0.0,0.0,0.005899705014749263,0.0,0.0,0.0,0.0,0.0,0.0,0.008849557522123894,0.0,0.0,0.002949852507374631,0.0,0.0,0.0,0.0,0.005899705014749263,0.0,0.0,0.0,0.0,0.0,0.0,0.0,0.0,0.0,0.0,0.0,0.0,0.017699115044247787,0.002949852507374631,0.0,0.0
SKBTI.0286.1247033,0.016528925619834708,0.0,0.0,0.0,0.0,0.008264462809917356,0.016528925619834708,0.0,0.016528925619834708,0.016528925619834708,0.0,0.0,0.0,0.0,0.0,0.0,0.0,0.0,0.008264462809917356,0.0,0.0,0.008264462809917356,0.016528925619834708,0.0,0.0,0.0,0.0,0.0,0.0,0.0,0.0,0.0,0.0,0.0,0.0,0.0,0.008264462809917356,0.0,0.008264462809917356,0.008264462809917356,0.0,0.0,0.0,0.016528925619834708,0.008264462809917356,0.0,0.0,0.016528925619834708,0.0,0.0
SKBTI.0266.1247285,0.2727272727272727,0.0,0.0,0.0,0.0,0.0,0.0,0.0,0.0,0.0,0.0,0.0,0.0,0.0,0.0,0.0,0.0,0.0,0.0,0.040404040404040414,0.0,0.0,0.0,0.0,0.010101010101010102,0.010101010101010102,0.0,0.0,0.0,0.020202020202020204,0.0,0.0,0.0,0.0,0.0,0.0,0.0,0.020202020202020204,0.0,0.0,0.0,0.0,0.0,0.020202020202020204,0.010101010101010102,0.0,0.0,0.0,0.030303030303030307,0.0
SKBTI.1350.1246617,0.4340770791075051,0.0,0.0,0.0,0.0,0.0,0.0,0.0,0.0,0.0,0.0,0.0,0.0020283975659229213,0.0,0.0,0.0,0.0,0.0,0.018255578093306288,0.03448275862068965,0.0,0.0,0.0,0.0,0.0,0.0,0.0,0.0060851926977687635,0.0,0.0,0.0,0.0020283975659229213,0.0,0.0,0.014198782961460446,0.0,0.0,0.0,0.0,0.010141987829614604,0.0,0.0,0.0,0.0,0.0,0.0,0.004056795131845843,0.0020283975659229213,0.0,0.0
SKBTI.0248.1247146,0.3876221498371336,0.0,0.0,0.0,0.0,0.0,0.0,0.0,0.0,0.0,0.0,0.0,0.0032573289902280127,0.0,0.0,0.0032573289902280127,0.0,0.0,0.0,0.0,0.0,0.0,0.0,0.0,0.0032573289902280127,0.0,0.0,0.0,0.0032573289902280127,0.0,0.0,0.01954397394136808,0.0,0.0,0.0,0.0,0.0,0.0,0.0,0.0,0.0,0.0,0.0,0.035830618892508145,0.0,0.0032573289902280127,0.0065146579804560255,0.013029315960912051,0.0,0.0
SKBTI.0232.1247457,0.22397476340694009,0.0,0.0,0.0,0.0,0.006309148264984227,0.006309148264984227,0.0,0.0,0.012618296529968454,0.0,0.0,0.012618296529968454,0.0,0.0,0.0,0.050473186119873815,0.0,0.0,0.0,0.003154574132492113,0.0,0.0,0.0,0.0,0.006309148264984227,0.0,0.11041009463722397,0.003154574132492113,0.0,0.0,0.0,0.0,0.0,0.0,0.0,0.003154574132492113,0.0,0.0,0.0220820189274448,0.0,0.0,0.0,0.003154574132492113,0.0,0.0,0.006309148264984227,0.0,0.0,0.0
SKBTI.0184.1247369,0.004807692307692308,0.0,0.0,0.0,0.0,0.0,0.0,0.0,0.0,0.0,0.0,0.0,0.0,0.0,0.0,0.0,0.0,0.0,0.009615384615384616,0.0,0.009615384615384616,0.0,0.0,0.0,0.0,0.0,0.0,0.0,0.0,0.0,0.0,0.0,0.0,0.0,0.0,0.0,0.0,0.0,0.0,0.009615384615384616,0.0,0.0,0.009615384615384616,0.0,0.0,0.009615384615384616,0.0,0.02403846153846154,0.0,0.0
SKBTI.0285.1246960,0.5951219512195122,0.0,0.0,0.043902439024390234,0.0,0.0,0.0,0.0,0.014634146341463415,0.13170731707317074,0.0,0.0,0.0,0.004878048780487805,0.0,0.0,0.0,0.0,0.0,0.0,0.0,0.0,0.0,0.0,0.0,0.004878048780487805,0.0,0.0,0.0,0.0,0.0,0.0,0.0,0.0,0.0,0.0,0.0,0.0,0.0,0.0,0.0,0.0,0.0,0.004878048780487805,0.004878048780487805,0.0,0.004878048780487805,0.004878048780487805,0.0,0.0
SKBTI.0273.1247229,0.007936507936507936,0.0,0.0,0.07936507936507936,0.0,0.0,0.0,0.0,0.0,0.023809523809523808,0.0,0.0,0.0,0.0,0.0,0.0,0.007936507936507936,0.015873015873015872,0.0,0.0,0.0,0.0,0.0,0.0,0.007936507936507936,0.0,0.0,0.1349206349206349,0.0,0.0,0.0,0.0,0.0,0.0,0.0,0.0,0.0,0.0,0.0,0.0,0.0,0.0,0.0,0.0,0.015873015873015872,0.0,0.0,0.0,0.0,0.0
SKBTI.0253.1247272,0.42,0.0,0.0,0.0,0.0,0.0,0.0,0.0,0.0,0.03,0.0,0.01,0.0,0.02,0.0,0.0,0.0,0.0,0.0,0.0,0.0,0.0,0.0,0.0,0.0,0.0,0.0,0.02,0.0,0.0,0.0,0.0,0.0,0.0,0.0,0.01,0.0,0.0,0.01,0.0,0.01,0.0,0.0,0.02,0.0,0.03,0.0,0.0,0.0,0.0
SKBTI.0239.1246848,0.008695652173913044,0.0,0.0,0.0,0.0,0.0,0.0,0.0,0.0,0.0,0.008695652173913044,0.0,0.0,0.0,0.0,0.0,0.0,0.0,0.0,0.0,0.0,0.0,0.0,0.0,0.017391304347826087,0.008695652173913044,0.0,0.017391304347826087,0.0,0.0,0.026086956521739132,0.0,0.0,0.017391304347826087,0.0,0.0,0.0,0.0,0.0,0.0,0.008695652173913044,0.017391304347826087,0.0,0.10434782608695653,0.0,0.0,0.0,0.0,0.0,0.008695652173913044
SKBTI036.1246510,0.0,0.013793103448275862,0.03448275862068965,0.0,0.006896551724137931,0.0,0.0,0.0,0.0,0.0,0.0,0.0,0.0,0.06896551724137931,0.0,0.0,0.0,0.0,0.0,0.0,0.006896551724137931,0.0,0.0,0.0,0.0,0.0,0.0,0.0,0.020689655172413796,0.0,0.0,0.0,0.006896551724137931,0.006896551724137931,0.0,0.006896551724137931,0.0,0.006896551724137931,0.0,0.0,0.006896551724137931,0.006896551724137931,0.0,0.013793103448275862,0.0,0.0,0.0,0.006896551724137931,0.0,0.0
SKBTI.0170.1246571,0.10344827586206896,0.0,0.0,0.0,0.0,0.004310344827586207,0.0,0.0,0.004310344827586207,0.0,0.0,0.0,0.0,0.0,0.0,0.0,0.0,0.0,0.01293103448275862,0.0,0.008620689655172414,0.0,0.0,0.0,0.0,0.008620689655172414,0.0,0.0,0.0,0.0,0.0,0.0,0.0,0.0,0.0,0.0,0.017241379310344827,0.0,0.0,0.008620689655172414,0.0,0.0,0.0,0.0,0.0,0.017241379310344827,0.0,0.0,0.0,0.0
SKBTI.1206.1246813,0.0,0.0,0.0,0.0,0.0,0.0,0.0,0.0,0.05607476635514018,0.0,0.0,0.0,0.0,0.0,0.0,0.0,0.12461059190031153,0.0,0.0,0.0,0.003115264797507788,0.0,0.0,0.0,0.0,0.0529595015576324,0.0,0.0,0.0,0.0,0.0,0.0,0.0,0.0,0.0,0.0,0.03426791277258567,0.0,0.0,0.006230529595015576,0.0,0.0,0.0,0.0,0.0,0.0,0.0,0.0,0.0,0.0
SKBTI.0212.1247473,0.12403100775193797,0.0,0.0,0.0,0.0,0.015503875968992246,0.0,0.0,0.06976744186046513,0.0,0.0,0.0,0.015503875968992246,0.0,0.0,0.0,0.0,0.0,0.0,0.05426356589147287,0.0,0.0,0.0,0.0,0.0,0.0,0.02325581395348837,0.0,0.0,0.0,0.0,0.007751937984496123,0.0,0.0,0.0,0.0,0.0,0.0,0.0,0.007751937984496123,0.0,0.0,0.0,0.0,0.0,0.0,0.0,0.0,0.0,0.0
SKBTI.0233.1246991,0.11920529801324505,0.0,0.0,0.0,0.0,0.0,0.0,0.0,0.0,0.0,0.0,0.0,0.01324503311258278,0.0,0.0,0.0,0.0,0.0,0.006622516556291391,0.0,0.0,0.0,0.0,0.0,0.0,0.0,0.0,0.0,0.0,0.0,0.0,0.006622516556291391,0.0,0.0,0.0,0.0,0.01324503311258278,0.01324503311258278,0.0,0.006622516556291391,0.0,0.0,0.0,0.0,0.06622516556291391,0.0,0.0,0.0,0.0,0.0
SKBTI.1228.1247034,0.017241379310344827,0.0,0.0,0.0,0.0,0.0,0.0,0.0,0.0,0.0,0.0,0.0,0.0,0.0,0.0,0.0,0.0,0.0,0.0,0.0,0.0,0.0,0.0,0.0,0.0,0.04310344827586207,0.0,0.0,0.0,0.0,0.0,0.0,0.0,0.0,0.0,0.0,0.0,0.0,0.0,0.017241379310344827,0.0,0.0,0.0,0.0,0.0,0.0,0.0,0.008620689655172414,0.0,0.0
SKBTI.0132.1247149,0.0743801652892562,0.0,0.008264462809917356,0.0,0.0,0.0,0.0,0.0,0.0,0.02479338842975207,0.0,0.0,0.0,0.008264462809917356,0.0,0.0,0.0,0.0,0.0,0.0,0.0,0.0,0.0,0.008264462809917356,0.0,0.016528925619834708,0.0,0.0,0.0,0.0,0.016528925619834708,0.0,0.0,0.0,0.0,0.0,0.008264462809917356,0.0,0.008264462809917356,0.0,0.0,0.0,0.0,0.06611570247933883,0.0,0.0,0.0,0.0,0.0,0.0
SKBTI.0158.1246412,0.0,0.0,0.0,0.0,0.0,0.0,0.0,0.0,0.0,0.0,0.0,0.0,0.0,0.0,0.0,0.0,0.0,0.0,0.0,0.0,0.0,0.0,0.0106951871657754,0.0,0.0,0.0,0.016042780748663103,0.0,0.0,0.0,0.0,0.0053475935828877,0.0,0.0,0.0,0.0,0.0,0.0,0.0053475935828877,0.0,0.0,0.0053475935828877,0.0106951871657754,0.0,0.0,0.0,0.0,0.0,0.0,0.0
SKBTI.0237.1246742,0.2147239263803681,0.0,0.0,0.0,0.0,0.0,0.0,0.0,0.0,0.0,0.0,0.0,0.0,0.0,0.0,0.0,0.0,0.0,0.0,0.0,0.0,0.0,0.0,0.0,0.0,0.0,0.0,0.0,0.0,0.0,0.0,0.0,0.0,0.0,0.0,0.0,0.018404907975460124,0.0,0.0,0.018404907975460124,0.0,0.0,0.0,0.0,0.0,0.0,0.0,0.012269938650306749,0.0,0.0
SKBTI.0114.1247070,0.2767857142857143,0.0,0.0,0.0,0.0,0.04464285714285714,0.0,0.0,0.0,0.0,0.0,0.0,0.008928571428571428,0.0,0.0,0.0,0.0,0.0,0.0,0.0,0.0,0.0,0.0,0.0,0.0,0.0,0.0,0.0,0.0,0.0,0.0,0.0,0.0,0.0,0.0,0.0,0.008928571428571428,0.0,0.0,0.008928571428571428,0.0,0.0,0.0,0.0,0.0,0.0,0.0,0.0,0.0,0.0
SKBTI009.1246949,0.11976047904191615,0.0,0.0,0.0,0.0,0.0,0.0,0.0,0.00598802395209581,0.0,0.0,0.0,0.0,0.0,0.0,0.0,0.02994011976047904,0.0,0.02994011976047904,0.0,0.0,0.0,0.0,0.0,0.0,0.0,0.0,0.053892215568862284,0.0,0.0,0.0,0.0,0.0,0.0,0.0,0.0,0.0,0.0,0.0,0.0,0.0,0.0,0.0,0.03592814371257485,0.0,0.0,0.0,0.017964071856287425,0.0,0.0
SKBTI.0191.1246278,0.10606060606060606,0.0,0.0,0.0,0.0,0.0,0.007575757575757577,0.0,0.0,0.0,0.0,0.0,0.0,0.0,0.0,0.0,0.0,0.0,0.0,0.030303030303030307,0.0,0.0,0.0,0.0,0.007575757575757577,0.0,0.007575757575757577,0.0,0.0,0.0,0.007575757575757577,0.0,0.0,0.0,0.0,0.0,0.0,0.0,0.0,0.0,0.0,0.007575757575757577,0.015151515151515154,0.007575757575757577,0.007575757575757577,0.0,0.0,0.0,0.0,0.0
SKBTI.0276.1246951,0.018292682926829267,0.0,0.0,0.018292682926829267,0.0,0.0,0.0,0.0,0.0,0.0,0.0,0.0,0.0,0.0,0.0,0.0,0.0,0.0,0.0,0.0,0.0,0.0,0.0,0.0,0.0,0.0,0.0,0.0,0.0,0.0,0.012195121951219513,0.0,0.0,0.0,0.0,0.0,0.0,0.0,0.0,0.0,0.012195121951219513,0.0,0.012195121951219513,0.0,0.0,0.0,0.0,0.0,0.006097560975609756,0.0
SKBTI.1298.1246756,0.004694835680751174,0.0,0.0,0.0,0.0,0.0,0.0297339593114241,0.0,0.0,0.07668231611893582,0.0,0.0,0.0,0.014084507042253518,0.010954616588419406,0.0,0.0,0.0,0.0,0.0,0.0,0.0,0.0,0.0,0.0,0.001564945226917058,0.0,0.0,0.0,0.0,0.0,0.0,0.0,0.0,0.0,0.0,0.003129890453834116,0.0,0.0,0.0,0.003129890453834116,0.0,0.009389671361502348,0.0,0.014084507042253518,0.001564945226917058,0.0,0.006259780907668232,0.0,0.0
SKBTI.0203.1246320,0.0,0.0,0.0,0.0,0.0,0.0,0.0,0.0,0.0,0.0,0.0,0.0,0.0,0.0,0.0,0.0,0.0,0.0,0.2980769230769231,0.0,0.019230769230769232,0.0,0.009615384615384616,0.0,0.0,0.0,0.0,0.0,0.0,0.0,0.0,0.0,0.0,0.0,0.0,0.0,0.0,0.0,0.0,0.03365384615384615,0.0,0.0,0.0,0.0,0.0,0.0,0.0,0.08173076923076923,0.0,0.0
SKBTI.0283.1247094,0.21212121212121213,0.0,0.0,0.0,0.010101010101010102,0.0,0.0,0.0,0.0,0.0,0.010101010101010102,0.0,0.0,0.0,0.0,0.0,0.010101010101010102,0.0,0.0,0.0,0.0,0.0,0.0,0.0,0.010101010101010102,0.0,0.0,0.0,0.010101010101010102,0.0,0.0,0.0,0.0,0.010101010101010102,0.0,0.0,0.0,0.040404040404040414,0.0,0.0,0.0,0.0,0.0,0.0505050505050505,0.0,0.0,0.0,0.020202020202020204,0.0,0.0
SKBTI038.1246928,0.15040650406504066,0.0,0.0,0.0,0.0,0.0,0.0,0.0,0.0,0.0,0.0,0.0,0.0,0.0,0.0,0.0,0.0,0.0,0.0,0.0,0.0,0.0,0.0040650406504065045,0.0,0.0040650406504065045,0.0,0.0,0.0,0.0,0.0,0.0,0.0040650406504065045,0.0040650406504065045,0.0040650406504065045,0.0,0.0,0.0,0.0,0.0,0.0,0.0,0.012195121951219513,0.0,0.0,0.0040650406504065045,0.0040650406504065045,0.0,0.0,0.0,0.0
SKBTI.0186.1246672,0.3540372670807453,0.0,0.0,0.0,0.0,0.0,0.012422360248447204,0.0,0.0,0.031055900621118005,0.0,0.0,0.0,0.0,0.0,0.0,0.0,0.0,0.0,0.0,0.0,0.0,0.0,0.012422360248447204,0.0,0.0,0.0,0.031055900621118005,0.0,0.0,0.0,0.0,0.0,0.0,0.0,0.0,0.012422360248447204,0.0,0.0,0.0,0.0,0.006211180124223602,0.0,0.0,0.0,0.0,0.0,0.0,0.0,0.0
SKBTI.0103.1246121,0.0,0.0,0.0,0.0,0.0,0.4,0.0,0.0,0.08695652173913042,0.0,0.0,0.0,0.0,0.0,0.0,0.0,0.017391304347826087,0.0,0.0,0.008695652173913044,0.10434782608695653,0.0,0.0,0.0,0.0,0.11304347826086955,0.0,0.0,0.0,0.0,0.0,0.0,0.0,0.0,0.0,0.0,0.0,0.0,0.0,0.2,0.0,0.0,0.0,0.0,0.0,0.0,0.0,0.0,0.0,0.0
SKBTI.0254.1246845,0.42857142857142855,0.0,0.0,0.0,0.0,0.0,0.0,0.0,0.0,0.026785714285714284,0.0,0.0,0.0,0.0,0.026785714285714284,0.0,0.0,0.0,0.0,0.0,0.0,0.0,0.0,0.0,0.0,0.008928571428571428,0.0,0.0,0.0,0.0,0.0,0.0,0.0,0.0,0.0,0.0,0.008928571428571428,0.0,0.0,0.0,0.0,0.0,0.017857142857142856,0.0,0.0,0.0,0.0,0.0,0.0,0.0
SKBTI.0139.1247077,0.005050505050505051,0.0,0.0,0.0,0.0,0.0,0.0,0.0,0.08585858585858586,0.0,0.0,0.0,0.015151515151515154,0.0,0.0,0.0,0.1111111111111111,0.0,0.0,0.0,0.0,0.0,0.0,0.0,0.0,0.0,0.0,0.0,0.0,0.0,0.0,0.015151515151515154,0.0,0.0,0.0,0.0,0.0,0.0,0.0,0.010101010101010102,0.0,0.0,0.0,0.0,0.0,0.0,0.0,0.005050505050505051,0.0,0.0
SKBTI.0267.1246891,0.0,0.0,0.0,0.0,0.0,0.004830917874396135,0.0,0.0,0.0,0.15942028985507245,0.0,0.0,0.00966183574879227,0.0,0.004830917874396135,0.0,0.0,0.0,0.0,0.0,0.0,0.03864734299516908,0.0,0.0,0.00966183574879227,0.0,0.0,0.0,0.0,0.0,0.004830917874396135,0.0,0.0,0.00966183574879227,0.0,0.0,0.0,0.0,0.0,0.0,0.0,0.0,0.0,0.01932367149758454,0.0,0.0,0.0,0.00966183574879227,0.0,0.0
SKBTI.0209.1247020,0.6504854368932039,0.0,0.0,0.0,0.0,0.0,0.0,0.0,0.0,0.0,0.0,0.0,0.0,0.0,0.009708737864077669,0.0,0.0,0.0,0.0,0.0,0.0,0.0,0.0,0.0,0.0,0.0,0.0,0.0,0.0,0.0,0.0,0.0,0.0,0.0,0.0,0.0,0.0,0.0,0.0,0.0,0.0,0.0,0.0,0.0,0.0,0.0,0.0,0.009708737864077669,0.0,0.0
