,8982,2040,10076,10127,2694,10404,88,12341,10646,4169,10563,603,15337,6323,2179,15672,9151,9416,14844,2798,11316,11066,11653,15724,11134,2251,2799,6185,1931,14036,14341,5323,8040,4821,10163,15302,3832,1872,6910,10993,11848,13401,10504,8983,13713,8912,12351,3932,1314,6115
Skin,136,0,0,0,0,0,0,0,0,0,0,24,0,0,0,0,0,0,0,10,0,0,0,3,0,0,0,0,0,0,0,1,0,0,0,0,0,0,0,0,0,0,0,62,0,0,0,0,0,0
Skin.1,167,0,0,0,0,0,0,0,0,0,0,9,0,0,0,0,0,0,0,2,0,0,0,0,0,0,0,0,0,0,0,0,0,0,1,0,0,0,0,0,0,0,0,105,0,0,0,0,0,0
External Auditory Canal,63,0,0,0,0,2,0,0,0,0,0,11,0,0,0,0,204,0,0,1,0,0,0,0,0,0,0,0,1,0,0,322,0,0,0,0,0,0,1,0,0,138,0,0,0,0,0,0,0,0
External Auditory Canal.1,214,0,0,0,0,2,0,0,0,1,0,7,0,0,0,0,264,0,0,0,0,0,6,0,0,0,0,0,1,0,0,139,0,0,0,0,0,0,1,0,0,71,0,0,0,0,0,0,0,0
Feces,0,0,3,2,0,0,0,0,0,15,0,0,0,4,0,0,0,0,0,0,1,0,0,0,1,0,0,1,0,0,1,0,0,6,0,0,0,0,0,2,0,0,0,0,0,1,0,3,0,0
Feces.1,0,0,0,2,0,0,0,0,0,16,0,0,0,8,0,0,0,0,0,0,7,0,0,0,1,0,0,1,0,0,3,0,0,7,9,0,0,0,0,28,0,0,1,0,0,7,0,6,0,0
Skin.2,168,0,0,0,0,0,0,0,0,1,0,3,0,0,0,0,1,0,0,10,0,0,0,0,0,0,0,0,0,0,1,0,0,0,0,0,0,0,1,1,0,1,0,94,0,0,0,0,0,0
Skin.3,167,0,0,0,2,0,0,0,1,0,0,10,0,0,0,0,1,0,0,9,0,0,0,0,0,0,0,0,0,1,0,2,1,0,0,0,0,0,0,0,0,0,0,91,0,0,0,0,0,0
Skin.4,6,0,0,0,0,0,0,0,0,0,0,0,0,0,0,0,0,0,0,112,0,0,0,0,0,0,0,0,0,0,0,0,0,0,0,0,0,0,0,0,0,0,0,19,0,0,0,0,0,0
Skin.5,7,0,0,0,0,0,0,0,0,0,0,0,0,0,0,0,0,0,0,59,0,0,0,0,0,0,0,0,0,0,0,0,0,0,0,0,0,0,0,0,0,0,0,18,0,0,0,0,0,0
Skin.6,561,0,0,0,0,0,0,0,0,0,0,2,0,0,0,0,0,0,0,1,0,0,0,0,0,2,0,0,0,1,0,0,0,0,0,0,0,0,0,0,0,0,0,52,0,0,1,0,0,0
Hair,575,0,0,0,0,0,0,0,0,0,0,17,0,0,0,0,0,0,0,0,0,0,0,0,0,0,0,0,0,0,0,0,0,1,0,0,0,0,1,0,0,0,0,3,0,0,0,0,0,0
Skin.7,400,0,0,0,0,0,0,0,0,0,0,5,0,0,2,0,1,0,0,1,2,0,0,0,0,0,0,0,0,1,0,1,1,0,0,0,0,0,0,0,0,0,0,5,0,0,1,0,1,0
Skin.8,159,0,0,0,0,0,0,1,0,0,0,4,0,0,0,1,2,0,0,1,0,0,0,0,0,0,1,0,0,0,0,0,0,0,0,0,0,0,1,0,6,0,0,22,0,0,0,0,0,0
Skin.9,68,0,0,0,0,0,0,0,0,0,0,20,0,0,0,0,0,0,0,39,0,0,0,0,0,0,0,0,0,0,0,0,0,0,1,0,0,0,0,0,0,0,0,16,0,0,0,0,0,0
Skin.10,148,0,0,0,0,0,0,0,0,0,0,18,0,0,0,0,0,0,0,18,0,0,0,0,0,0,0,0,0,0,0,0,0,0,0,0,0,0,1,0,0,0,0,5,0,0,0,0,0,0
Skin.11,4,0,0,0,0,0,0,0,0,0,0,0,0,0,1,0,0,0,0,4,0,0,0,0,0,0,0,0,0,0,0,0,0,0,0,0,0,0,1,0,0,0,0,0,0,0,0,0,0,0
Oral Cavity,2,0,0,0,13,0,0,0,4,0,0,0,0,0,0,3,0,0,0,0,0,0,0,3,0,4,0,0,0,27,0,0,2,0,0,1,0,0,1,0,8,0,0,0,0,0,3,0,5,0
Skin.12,28,0,0,0,0,0,0,0,0,0,0,0,0,0,2,0,0,0,0,0,0,0,0,0,0,0,0,0,0,0,0,0,0,0,0,0,0,0,0,0,0,0,0,0,0,0,0,0,0,0
Skin.13,687,0,0,0,0,0,0,0,0,0,0,9,0,1,1,0,0,0,0,2,0,0,0,0,0,0,0,0,0,0,0,0,0,0,0,0,0,0,27,0,0,0,0,34,0,0,0,0,0,0
Nostril,146,0,0,0,0,0,0,2,0,0,0,117,0,0,2,0,0,0,0,23,0,0,0,0,0,0,1,0,0,0,0,0,0,0,0,0,0,0,8,0,0,0,0,1,0,0,0,0,0,0
Nostril.1,242,0,0,0,0,0,0,8,0,0,0,30,0,0,5,0,1,0,0,56,0,0,0,0,0,0,2,0,0,0,0,0,0,0,0,0,1,0,23,0,0,0,0,4,0,0,0,0,0,0
Skin.14,303,0,0,0,0,0,0,0,0,0,0,8,0,0,2,0,34,0,0,6,0,0,0,0,0,0,0,0,0,0,0,47,0,0,0,0,0,0,0,0,0,15,0,3,0,0,0,0,0,0
Skin.15,880,0,0,0,0,0,0,0,0,0,0,54,0,0,0,0,6,0,0,4,0,0,0,0,0,0,0,0,0,0,0,3,0,0,0,0,0,0,2,0,0,0,0,51,0,0,0,0,0,0
Skin.16,212,0,0,0,0,0,0,0,0,1,0,6,0,0,0,0,1,0,0,8,0,0,0,0,0,0,0,0,0,3,0,0,0,0,0,0,0,0,0,0,0,0,0,30,0,0,0,0,0,0
Skin.17,111,1,0,0,0,0,0,0,0,0,0,2,0,0,0,0,1,0,0,2,1,0,0,1,0,0,0,0,0,1,0,0,1,0,0,0,0,0,0,0,3,0,0,21,0,0,1,0,0,0
Oral Cavity.1,2,3,0,0,23,0,0,0,16,0,0,0,3,0,0,5,0,0,0,0,0,0,0,3,0,6,0,0,0,94,0,0,6,0,0,0,0,0,0,0,21,0,0,0,0,0,14,0,10,0
Skin.18,157,0,0,0,0,0,0,0,0,0,0,11,0,0,0,0,0,0,0,4,0,0,0,0,0,0,0,0,0,0,1,0,0,0,0,0,0,0,0,0,0,0,0,416,0,0,0,0,0,0
Skin.19,152,0,0,0,0,0,0,0,0,0,0,5,0,0,0,0,0,0,0,7,0,0,0,0,0,0,0,0,0,0,0,1,0,0,0,0,0,0,1,0,1,0,0,325,0,0,0,0,0,0
External Auditory Canal.2,162,0,0,0,0,1,0,0,0,0,0,22,0,0,0,0,175,0,0,0,0,0,1,0,0,0,0,0,1,0,0,275,0,0,0,0,0,0,1,0,0,106,0,5,0,0,0,0,0,0
External Auditory Canal.3,181,0,0,0,0,2,0,0,0,0,0,9,0,0,0,0,167,0,0,0,0,0,0,0,0,0,0,0,0,0,0,46,0,0,1,0,0,0,0,0,0,0,0,4,0,0,0,0,0,0
Feces.2,10,0,3,4,0,0,0,0,0,20,0,0,0,5,0,0,0,1,0,0,11,0,0,0,0,0,0,2,0,0,4,1,0,20,1,0,0,0,0,1,0,0,2,2,0,0,0,7,0,0
Feces.3,11,0,0,0,0,0,0,0,0,14,0,0,0,4,0,0,1,0,0,1,14,0,0,0,1,0,0,3,0,0,4,0,0,8,9,0,0,0,0,2,0,0,4,4,0,1,0,2,0,0
Skin.20,186,0,0,0,0,0,0,0,1,0,0,5,0,0,0,0,4,0,0,2,0,0,0,0,0,0,0,0,0,5,0,0,0,1,0,1,0,0,0,0,0,0,0,88,0,0,0,0,1,0
Skin.21,174,0,0,0,1,0,0,0,0,0,0,5,0,0,0,0,0,0,0,5,0,0,0,1,0,0,0,0,0,2,0,0,0,0,0,0,0,0,0,0,1,0,0,76,2,0,0,0,1,0
Skin.22,1,0,0,0,0,0,0,0,0,0,0,1,0,0,0,0,0,0,0,289,0,0,0,0,0,0,0,0,0,0,0,0,0,0,0,0,0,0,0,0,0,0,0,10,0,0,0,0,0,0
Skin.23,0,0,0,0,0,0,0,0,0,0,0,0,0,0,0,0,0,0,0,106,0,0,0,0,0,0,0,0,0,0,0,0,0,0,0,0,0,0,0,0,0,0,0,11,0,0,0,0,0,0
Skin.24,536,0,0,0,0,0,0,0,0,0,0,2,0,0,0,0,0,0,0,1,0,0,0,0,0,0,0,0,0,1,0,0,0,0,0,0,0,0,0,0,0,0,0,24,0,0,0,0,0,0
Hair.1,681,0,0,0,0,0,0,0,0,0,0,39,0,0,0,0,0,0,0,0,0,0,0,0,0,0,0,0,0,0,0,0,0,0,0,0,0,0,0,0,0,0,0,71,0,0,0,0,0,0
Skin.25,785,0,0,0,0,0,0,0,0,0,0,31,0,0,0,1,3,0,0,7,0,0,0,0,0,0,1,0,0,2,0,1,0,0,0,0,0,0,3,0,0,0,0,62,0,0,0,0,0,0
Skin.26,394,0,0,0,0,0,0,0,0,0,0,20,0,0,0,2,9,0,0,6,0,0,0,0,0,0,1,0,0,2,0,1,0,0,0,0,0,0,3,0,2,0,0,25,0,0,0,0,0,0
Skin.27,238,0,0,0,0,0,0,0,0,0,0,23,0,1,0,0,0,0,0,6,0,0,0,0,0,0,0,0,0,0,0,0,0,0,0,0,0,0,0,1,0,0,0,31,0,0,0,0,0,0
Skin.28,361,0,0,0,0,0,0,0,0,0,0,44,0,0,0,0,3,0,0,12,0,0,0,0,0,0,0,1,0,0,0,0,0,0,1,0,0,0,1,0,0,1,0,87,0,0,0,1,0,0
Skin.29,75,0,0,0,0,0,0,0,0,0,0,1,0,0,9,0,0,0,0,35,0,0,0,0,0,0,0,0,0,0,0,0,0,0,0,0,0,0,8,0,0,0,0,0,0,0,0,0,0,0
Oral Cavity.2,0,2,0,0,12,0,0,0,10,0,4,0,2,0,0,1,0,0,0,0,0,0,0,4,0,8,0,0,0,68,0,0,2,0,0,2,0,0,0,0,8,0,0,0,0,0,6,0,12,0
Skin.30,6,0,0,0,0,0,0,0,0,0,0,1,0,0,0,0,0,0,0,2,0,0,0,0,0,0,0,0,0,0,0,0,0,0,0,0,0,0,0,0,0,0,0,2,0,0,0,0,0,0
Skin.31,954,0,0,0,0,0,0,0,0,0,0,12,0,0,0,0,7,0,0,2,0,0,0,0,0,0,0,0,0,0,0,2,0,0,0,0,0,0,12,0,0,1,0,77,0,0,0,0,0,0
Nostril.2,148,0,0,0,0,0,0,3,0,0,0,63,0,0,0,0,1,0,0,41,0,0,0,0,0,0,0,0,0,0,0,0,0,0,0,0,1,0,8,0,0,0,0,1,0,0,0,0,0,0
Nostril.3,191,0,0,0,0,0,0,12,0,0,0,31,0,0,7,0,0,0,0,91,0,0,0,0,0,0,0,0,0,0,0,0,0,0,0,0,1,0,7,0,1,1,0,2,0,0,0,0,0,0
Skin.32,941,0,0,0,0,0,0,0,0,0,0,68,0,0,0,0,16,0,0,1,0,0,0,0,0,0,0,0,1,0,0,16,1,0,0,0,0,0,0,0,0,3,0,140,0,0,0,0,0,0
Skin.33,727,0,0,0,0,0,0,0,0,0,0,61,0,0,0,0,5,0,0,5,0,0,0,0,0,0,0,0,0,0,0,0,0,0,0,0,0,0,1,0,0,0,0,234,0,0,0,0,0,0
Skin.34,500,0,0,0,0,0,0,0,0,0,0,9,0,0,0,0,0,0,0,9,0,0,0,0,0,1,0,0,0,0,0,1,0,0,1,0,0,0,2,0,1,0,1,134,0,0,0,0,0,0
Skin.35,340,0,0,0,0,0,0,0,1,0,1,10,0,0,0,2,0,0,0,8,0,0,0,1,0,0,0,0,0,5,1,0,3,0,0,1,0,0,2,0,1,0,0,104,0,0,1,0,2,0
Oral Cavity.3,0,3,0,0,44,0,0,0,15,0,5,0,3,0,0,7,0,0,0,0,0,0,0,9,0,10,0,0,0,118,0,0,5,0,0,5,0,0,0,0,18,0,0,0,2,0,16,0,15,0
External Auditory Canal.4,373,0,0,0,0,22,0,0,0,0,0,29,0,0,0,0,725,0,0,1,0,0,0,0,0,0,0,0,3,0,0,18,0,0,0,0,0,0,0,0,0,1,0,0,0,0,0,0,0,0
Feces.4,0,0,0,6,0,0,0,0,0,69,0,0,0,1,0,0,0,0,0,0,7,0,0,0,2,0,0,4,0,0,14,0,0,8,10,0,0,0,0,11,0,0,1,0,0,1,0,10,0,0
Skin.36,0,0,0,0,0,0,0,0,0,0,0,11,0,0,0,0,0,0,0,59,0,0,0,0,0,0,0,0,0,0,0,0,0,0,0,0,0,0,0,0,0,0,0,0,0,0,0,0,0,0
Skin.37,2,0,0,0,0,0,0,0,0,0,0,5,0,0,0,0,0,0,0,107,0,0,0,0,0,0,0,0,0,0,0,0,0,0,0,0,0,0,0,0,0,0,0,1,0,0,0,0,0,0
Skin.38,876,0,0,0,0,0,0,0,0,0,0,17,0,0,0,0,0,0,0,5,0,0,0,0,0,0,0,0,0,3,0,0,0,0,0,0,0,0,2,0,0,0,0,3,0,0,0,0,0,0
Skin.39,380,0,0,0,0,0,0,0,0,0,0,99,0,0,2,0,0,0,0,93,0,0,0,0,0,0,1,0,0,0,0,0,0,0,0,0,0,0,1,0,0,0,0,54,0,0,0,0,0,0
Nostril.4,242,0,0,0,0,0,0,20,0,0,0,69,0,0,6,0,0,0,0,214,0,0,0,0,0,0,2,0,0,0,0,0,0,0,0,0,2,0,26,0,0,0,0,3,0,0,0,0,0,0
Skin.40,636,0,0,0,0,1,0,0,0,0,0,45,0,0,0,0,22,0,0,5,0,0,0,0,0,0,0,0,0,0,0,0,0,0,0,0,0,0,1,0,0,0,0,5,0,0,0,0,0,0
Skin.41,335,0,0,0,0,0,0,0,0,0,0,21,0,0,0,0,0,0,0,10,0,0,0,0,0,1,1,0,0,0,0,0,0,0,0,0,0,0,1,0,0,0,1,25,0,0,0,0,0,0
Oral Cavity.4,0,13,0,0,20,0,0,0,60,0,7,0,2,0,0,5,0,0,4,0,0,2,0,6,0,15,0,0,0,395,0,0,13,0,0,9,0,0,0,0,4,0,0,0,1,0,37,0,29,0
External Auditory Canal.5,301,0,0,0,0,16,0,0,0,0,0,16,0,0,0,0,716,0,0,1,0,0,0,0,0,0,0,0,3,0,0,20,0,0,0,0,0,0,0,0,0,1,0,0,0,0,0,0,0,0
Feces.5,0,0,0,1,0,0,0,0,0,55,0,0,0,8,0,0,0,1,0,0,11,0,0,0,116,0,0,16,0,0,19,0,0,5,16,0,0,0,0,9,0,0,1,0,0,0,0,10,0,0
Skin.42,0,0,0,0,0,0,0,0,0,0,0,7,0,0,0,0,0,0,0,107,0,0,0,0,0,0,0,0,0,0,0,0,0,0,0,0,0,0,0,0,0,0,0,1,0,0,0,0,0,0
Skin.43,1,0,0,0,0,0,0,0,0,0,0,6,0,0,0,0,0,0,0,118,0,0,0,0,0,0,0,0,0,0,0,0,0,0,0,0,0,0,0,0,0,0,0,8,0,0,0,0,0,0
Skin.44,1049,0,0,0,0,0,0,0,0,0,0,16,0,0,0,0,4,0,0,2,0,0,0,3,0,0,0,0,0,0,0,0,0,0,0,0,0,0,4,0,0,0,0,3,0,0,0,0,0,0
Skin.45,456,0,0,0,0,0,0,0,1,0,0,42,0,0,0,0,0,0,0,39,0,0,0,0,0,0,1,0,0,0,1,0,0,0,0,0,0,0,7,0,0,0,0,15,0,0,0,0,0,0
Nostril.5,253,0,0,0,0,0,0,6,0,0,0,58,0,0,18,0,0,0,0,104,0,0,0,0,0,0,4,0,0,0,0,0,0,0,0,0,1,0,28,0,0,0,0,2,0,0,0,0,0,0
Skin.46,595,0,0,0,0,0,0,0,0,0,0,14,0,0,0,0,1,0,0,3,0,0,0,0,0,0,0,0,0,0,0,0,0,0,0,0,0,0,4,0,0,0,0,11,0,0,0,0,0,0
Skin.47,553,0,0,0,0,0,0,0,0,0,0,23,0,0,0,0,6,0,0,6,0,0,0,0,0,0,0,0,0,0,0,0,0,0,0,0,0,0,1,0,0,0,0,19,0,0,0,0,0,0
Oral Cavity.5,0,5,0,0,3,0,0,0,31,0,5,0,4,0,0,2,0,0,0,0,0,3,0,4,0,5,0,0,0,176,0,0,4,0,0,1,0,0,0,0,3,0,0,0,4,0,10,0,17,0
Skin.48,364,0,0,0,0,0,0,0,0,0,0,181,0,0,167,0,0,0,0,2,0,0,0,0,0,0,129,0,0,0,0,0,0,0,0,0,0,0,0,0,0,0,0,96,0,0,0,0,0,0
Skin.49,47,0,0,0,0,0,0,0,0,0,0,382,0,0,167,0,0,0,0,0,0,0,0,0,0,0,79,0,0,0,0,0,0,0,1,0,0,0,1,0,0,0,0,142,0,0,0,0,0,0
External Auditory Canal.6,42,0,0,0,0,0,0,0,0,0,0,5,0,0,0,0,30,0,0,0,0,0,40,0,0,0,0,0,0,0,0,404,0,0,0,0,0,0,2,0,0,1219,0,0,0,0,0,0,0,0
External Auditory Canal.7,429,0,0,0,0,0,0,0,0,0,0,8,0,0,0,0,221,0,0,0,0,0,22,0,0,0,0,0,4,0,0,282,0,0,0,0,0,0,1,0,0,693,0,1,0,0,0,0,0,0
Feces.6,0,0,34,10,0,0,1,0,0,12,0,0,0,37,0,0,0,2,0,0,9,0,0,0,0,0,0,0,0,0,7,0,0,2,11,0,0,0,0,10,0,0,1,0,0,2,0,3,0,1
Feces.7,0,0,16,6,0,0,1,0,0,23,0,0,0,33,0,0,0,0,0,0,2,0,0,0,2,0,0,0,0,0,14,0,0,1,25,0,0,0,0,17,0,0,3,0,0,0,0,1,0,3
Skin.50,515,0,0,0,0,0,0,0,0,0,0,4,0,0,4,0,0,0,0,2,0,0,0,0,0,0,0,0,0,1,0,0,0,0,0,0,0,0,2,0,0,0,0,41,1,0,0,0,0,0
Skin.51,871,0,0,0,0,0,0,0,0,0,0,9,0,0,0,0,1,0,0,14,0,0,0,3,0,0,0,0,0,0,0,0,0,0,0,0,2,0,2,0,1,1,0,34,0,0,0,0,0,0
Skin.52,0,0,0,0,0,0,0,0,0,0,0,36,0,0,0,0,0,0,0,142,0,0,0,0,0,0,0,0,0,0,0,0,0,0,0,0,0,0,0,0,0,0,0,0,0,0,0,0,0,0
Skin.53,0,0,0,0,0,0,0,0,0,0,0,34,0,0,0,0,0,0,0,106,0,0,0,0,0,0,0,0,0,0,0,0,0,0,0,0,0,0,0,0,0,0,0,1,0,0,0,0,0,0
Skin.54,1795,0,0,0,0,0,0,0,0,0,0,2,0,0,0,0,0,0,0,0,0,0,0,0,0,0,0,0,0,0,0,0,0,0,0,0,0,0,1,0,0,0,0,16,0,0,0,0,0,0
Hair.2,592,0,0,0,0,0,0,0,0,0,0,6,0,0,0,0,0,0,0,1,0,0,0,0,0,0,0,0,0,4,0,0,0,0,0,0,0,0,8,0,1,0,0,418,0,0,0,0,1,0
Skin.55,788,0,0,0,0,0,0,0,0,0,0,7,0,0,0,0,1,0,0,8,0,0,0,0,0,0,0,0,0,4,0,0,0,0,0,0,0,0,3,0,1,0,0,15,0,0,0,0,0,0
Skin.56,407,0,0,0,0,0,0,0,0,0,0,0,0,0,0,0,1,0,0,0,0,0,0,0,0,1,0,0,0,20,0,0,2,0,0,2,0,1,0,0,2,0,0,3,1,0,0,0,2,0
Skin.57,72,0,0,0,0,0,0,0,0,0,0,298,0,0,1,0,0,0,0,6,0,0,0,0,0,0,0,0,0,0,0,0,0,0,1,0,0,0,6,0,0,0,0,46,0,0,0,0,0,0
Skin.58,59,0,0,0,0,0,0,0,0,1,0,269,0,0,1,0,0,0,0,14,0,0,0,0,0,0,2,0,0,0,0,0,0,0,0,0,0,0,1,0,0,0,0,336,0,0,0,0,0,0
Skin.59,0,0,0,0,0,0,0,0,0,0,0,0,0,1,1,0,0,0,0,0,1,0,0,0,0,0,3,0,0,0,0,0,0,0,2,0,0,0,0,0,0,0,0,0,0,0,0,0,0,0
Oral Cavity.6,0,9,0,0,5,0,0,0,3,0,5,0,2,0,0,3,0,0,26,0,0,1,0,0,0,6,0,0,0,230,0,0,30,0,0,6,0,7,0,0,3,0,0,0,5,0,2,0,26,0
Skin.60,131,0,0,0,0,0,0,0,0,0,0,1,0,0,0,0,0,0,0,5,0,0,0,2,0,0,0,0,0,4,0,1,0,0,0,0,0,0,7,0,0,1,0,0,0,0,0,0,0,0
Skin.61,1522,0,0,0,0,0,0,0,0,0,0,5,0,0,2,0,0,0,0,26,0,0,0,0,0,0,2,0,0,0,0,0,0,0,0,0,0,0,0,0,0,0,0,33,0,0,0,0,0,0
Nostril.6,569,0,0,0,0,0,0,9,0,0,0,15,0,0,165,0,0,0,0,104,0,0,0,0,0,0,26,0,0,2,0,0,0,0,0,0,2,0,31,0,0,1,0,15,0,0,0,0,0,0
Nostril.7,419,0,0,0,0,0,0,22,0,0,0,172,0,0,13,0,0,0,0,190,0,0,0,0,0,0,5,0,0,1,0,0,0,0,0,0,6,0,103,0,0,0,0,11,0,0,0,0,0,0
Skin.62,1131,0,0,0,0,0,0,0,0,0,0,6,0,0,0,1,16,0,0,1,0,0,0,0,0,0,0,0,0,0,0,28,0,0,0,0,0,0,14,0,0,28,0,8,0,0,0,0,0,0
Skin.63,826,0,0,0,0,0,0,0,0,0,0,4,0,0,0,0,0,0,0,5,0,0,0,1,0,2,2,0,0,1,0,0,0,0,1,0,0,0,3,0,0,0,0,30,0,0,0,0,0,0
Skin.64,1002,0,0,0,0,0,0,0,0,0,0,0,2,0,2,0,0,0,0,3,0,0,0,0,0,0,1,0,0,0,0,0,0,0,0,0,0,0,3,0,0,0,0,21,0,0,0,0,0,0
Oral Cavity.7,0,11,0,0,20,0,0,0,18,0,9,0,4,0,0,4,0,0,14,0,0,2,0,8,0,10,0,0,0,194,0,0,7,0,0,2,0,5,0,0,20,0,0,0,13,0,1,0,26,0
Skin.65,96,0,0,0,0,0,0,0,0,0,0,192,0,0,9,0,0,0,0,1,0,0,0,0,0,0,11,0,0,0,0,0,0,0,0,0,0,0,0,0,0,0,0,32,0,0,0,0,0,0
Skin.66,29,0,0,0,0,0,0,0,0,0,0,438,0,0,96,0,0,0,0,1,0,0,0,0,0,0,90,0,0,0,0,0,0,0,0,0,0,0,0,0,0,0,0,43,0,0,0,0,0,0
External Auditory Canal.8,21,0,0,0,0,0,0,0,0,0,0,2,0,0,0,0,53,0,0,0,0,0,31,0,0,0,0,0,1,0,0,494,0,0,0,0,0,0,0,0,0,1211,0,0,0,0,0,0,0,0
External Auditory Canal.9,309,0,0,0,0,0,0,0,0,0,0,12,0,0,0,0,95,0,0,0,0,0,26,0,0,0,0,0,1,0,0,282,0,0,0,0,0,0,1,0,0,818,0,0,0,0,0,0,0,0
Feces.8,0,0,20,9,0,0,1,0,0,30,0,0,0,27,0,0,0,1,0,0,12,0,0,0,2,0,0,3,0,0,8,0,0,2,11,0,0,0,0,67,0,0,2,0,0,2,0,9,0,0
Feces.9,0,0,9,6,0,0,4,0,0,19,0,0,0,21,0,0,0,0,0,0,14,0,0,0,0,0,0,0,0,0,26,0,0,1,44,0,0,0,0,79,0,0,1,0,0,4,0,8,0,0
Skin.67,519,0,0,0,0,0,0,0,0,0,0,10,0,0,1,0,0,0,0,4,0,0,0,0,0,2,0,0,0,3,0,1,0,0,0,0,0,0,3,0,0,0,0,10,0,0,0,0,0,0
Skin.68,335,0,0,0,0,0,0,0,0,0,0,3,0,0,0,0,0,0,0,2,0,0,0,1,0,0,0,0,0,0,0,0,0,0,0,0,0,0,2,0,1,0,0,15,0,0,0,0,0,0
Skin.69,1,0,0,0,0,0,0,0,0,0,0,5,0,0,0,0,0,0,0,293,0,0,0,0,0,0,0,0,0,0,0,0,0,0,0,0,0,0,0,0,0,0,0,9,0,0,0,0,0,0
Skin.70,5,0,0,0,0,0,0,0,0,0,0,14,0,0,0,0,0,0,0,115,0,0,0,0,0,0,0,0,0,0,0,0,0,0,0,0,0,0,0,0,0,0,0,16,0,0,0,0,0,0
Skin.71,1465,0,0,0,0,0,0,0,0,0,0,0,0,0,0,0,0,0,0,0,0,0,0,0,0,0,0,0,0,0,0,0,0,0,0,0,0,0,3,0,0,0,0,8,0,0,0,0,0,0
Hair.3,693,0,0,0,11,0,0,0,1,0,0,8,0,0,0,2,0,0,0,0,0,0,0,2,0,0,2,0,0,2,0,0,0,0,0,0,0,0,11,0,1,0,0,461,0,0,0,0,0,0
Skin.72,794,0,0,0,2,0,0,0,0,0,0,2,0,0,0,0,0,0,0,3,0,0,0,0,0,0,0,0,0,1,0,1,0,0,0,0,0,0,4,0,0,0,0,6,0,0,0,0,0,0
Skin.73,821,0,0,0,0,0,0,0,0,0,0,10,0,0,0,0,0,0,0,6,0,0,0,0,0,2,2,0,0,2,0,0,0,0,0,0,0,0,8,0,0,0,0,21,1,0,0,0,1,0
Skin.74,276,0,0,0,0,0,0,0,0,0,0,140,0,1,5,0,0,0,0,25,1,0,0,0,0,0,0,0,0,1,1,0,0,0,5,0,0,0,11,0,0,3,0,172,0,0,0,0,0,0
Skin.75,218,0,0,1,0,0,0,0,0,0,0,87,0,2,0,0,0,0,0,18,3,0,0,0,0,0,0,0,0,0,5,2,0,0,5,0,0,0,2,4,0,0,0,43,0,0,0,0,0,0
Skin.76,0,0,0,1,0,0,0,0,0,1,0,0,0,4,0,0,0,0,0,3,4,0,0,0,0,0,0,0,0,0,2,0,0,0,5,0,0,0,0,7,0,0,0,0,0,0,0,0,0,0
Oral Cavity.8,0,14,0,0,28,0,0,0,4,0,12,0,9,0,0,6,0,0,35,0,0,0,0,5,0,11,0,0,0,314,0,0,72,0,0,8,0,6,0,0,20,0,0,0,4,0,2,0,50,0
Skin.77,236,0,0,0,0,0,0,0,0,0,0,1,0,0,7,0,0,0,0,4,0,0,0,0,0,0,1,0,0,0,0,0,0,0,0,0,0,0,4,0,0,0,0,10,0,0,0,0,0,0
Skin.78,1779,0,0,0,0,0,0,0,0,0,0,8,0,0,1,0,0,0,0,21,0,0,0,0,0,0,1,0,0,0,0,0,0,0,0,0,0,0,4,0,0,1,0,44,0,0,0,0,0,0
Nostril.8,428,0,0,0,0,0,0,2,0,0,0,10,0,0,234,0,0,0,0,54,0,0,0,0,0,0,23,0,0,0,0,0,0,0,0,0,1,0,45,0,0,0,0,1,0,0,0,0,0,0
Nostril.9,761,0,0,0,1,0,0,9,0,0,0,35,0,0,40,0,0,0,0,78,0,0,0,0,0,0,11,0,0,0,0,0,1,0,0,0,3,0,64,0,0,0,0,2,0,0,4,0,5,0
Skin.79,1088,0,0,0,0,0,0,0,0,0,0,4,0,0,0,0,3,0,0,2,0,0,2,0,0,0,0,0,0,0,0,50,0,0,0,0,0,0,1,0,0,47,0,0,0,0,0,0,0,0
Skin.80,1643,0,0,0,0,0,0,0,0,0,0,33,0,0,0,0,7,0,0,0,0,0,1,0,0,0,0,0,0,0,0,0,0,0,0,0,0,0,5,0,0,6,0,1,0,0,0,0,0,0
Skin.81,910,0,0,0,0,0,0,0,0,0,0,4,0,0,0,0,0,0,1,6,0,0,0,0,0,0,0,0,0,1,0,0,0,0,0,0,0,0,2,0,0,0,0,15,0,0,0,0,0,0
Skin.82,654,0,0,0,0,0,0,0,0,0,0,3,0,0,1,0,0,0,0,3,0,0,0,1,0,0,1,0,0,1,0,0,0,0,0,0,0,0,4,0,1,1,0,13,0,0,0,0,1,0
Oral Cavity.9,0,9,0,0,34,0,0,0,15,0,10,0,17,0,0,4,0,0,9,0,0,3,0,6,0,19,0,0,0,252,0,0,12,0,0,4,0,5,0,0,25,0,0,0,10,0,3,0,26,0
External Auditory Canal.10,24,0,0,0,0,0,0,0,0,0,0,5,0,0,0,0,46,0,0,0,0,0,19,0,0,0,0,0,2,0,0,342,0,0,0,0,0,0,0,0,0,741,0,0,0,0,0,0,0,0
Feces.10,0,0,17,2,0,0,2,0,0,9,0,0,0,38,0,0,0,0,0,0,8,0,0,0,3,0,0,0,0,0,8,0,0,0,16,0,0,0,0,15,0,0,1,0,0,4,0,1,0,0
Skin.83,1,0,0,0,0,0,0,0,0,0,0,3,0,0,0,0,0,0,0,703,0,0,0,0,0,0,0,0,0,0,0,0,0,0,0,0,0,0,0,0,0,0,0,0,0,0,0,0,0,0
Skin.84,0,0,0,0,0,0,0,0,0,0,0,4,0,0,0,0,0,0,0,496,0,0,0,0,0,0,0,0,0,0,0,0,0,0,0,0,0,0,0,0,0,0,0,0,0,0,0,0,0,0
Skin.85,1739,0,0,0,0,0,0,0,0,0,0,0,0,0,0,0,0,0,0,0,0,0,0,0,0,0,0,0,0,0,0,0,0,0,0,0,0,0,2,0,0,0,0,1,0,0,0,0,0,0
Skin.86,120,0,0,0,0,0,0,0,0,0,0,121,0,0,1,0,0,0,0,75,0,0,0,0,0,0,1,0,0,0,0,3,0,0,1,0,0,0,15,0,0,0,0,0,0,0,0,0,0,0
Nostril.10,730,0,0,0,0,0,0,6,1,0,0,112,0,0,42,0,0,0,0,154,0,0,0,0,0,0,5,0,0,0,0,0,0,0,0,0,2,0,68,0,1,0,0,3,0,0,0,0,0,0
Skin.87,635,0,0,0,0,0,0,0,0,0,0,15,0,0,0,0,0,0,0,8,0,0,0,0,0,0,0,0,0,1,0,0,0,0,0,0,0,0,10,0,0,0,0,7,0,0,0,0,0,0
Skin.88,410,0,0,0,0,0,0,0,0,0,1,3,2,0,0,0,0,0,2,2,0,0,0,0,0,1,0,0,0,5,0,0,0,0,0,0,0,0,1,0,1,0,0,4,1,0,0,0,0,0
Oral Cavity.10,0,7,0,0,14,0,0,0,21,0,4,0,1,0,0,1,0,0,29,0,0,6,0,1,0,2,0,0,0,207,0,0,0,0,0,3,0,3,0,0,2,0,0,0,3,0,4,0,6,0
External Auditory Canal.11,38,0,0,0,0,2,0,0,1,0,0,3,0,0,0,0,46,0,0,0,0,0,30,0,0,0,0,0,2,3,0,331,0,0,0,0,0,0,0,0,0,804,0,0,0,0,0,0,0,0
Feces.11,0,0,9,2,0,0,5,0,0,8,0,0,0,27,0,0,0,1,0,0,13,0,0,0,0,0,0,0,0,0,6,0,0,0,13,0,0,0,0,41,0,0,2,0,0,11,0,2,0,0
Skin.89,0,0,0,0,0,0,0,0,0,0,0,1,0,0,0,0,0,0,0,556,0,0,0,0,0,0,0,0,0,0,0,0,0,0,0,0,0,0,0,0,0,0,0,1,0,0,0,0,0,0
Skin.90,1,0,0,0,0,0,0,0,0,0,0,0,0,0,0,0,0,0,0,272,0,0,0,0,0,0,0,0,0,0,0,0,0,0,0,0,0,0,0,0,0,0,0,0,0,0,0,0,0,0
Skin.91,1344,0,0,0,0,0,0,0,0,0,0,2,0,0,0,0,0,0,0,3,0,0,0,0,0,0,0,0,0,0,0,0,0,0,0,0,0,0,7,0,0,0,0,0,0,0,0,0,0,0
Skin.92,151,0,0,0,0,0,0,0,0,0,0,358,0,0,1,0,0,0,0,30,0,0,0,0,0,1,1,0,0,0,0,0,0,0,0,0,0,0,9,0,0,0,0,12,0,0,0,0,0,0
Nostril.11,551,0,0,0,0,0,0,10,0,0,0,120,0,0,18,0,0,0,0,195,0,0,0,0,0,0,9,0,0,3,0,0,0,0,0,0,3,0,82,0,1,0,0,2,1,0,0,0,0,0
Skin.93,720,0,0,0,0,0,0,0,0,0,0,5,0,0,0,0,0,0,0,2,0,0,0,0,0,0,0,0,0,0,0,0,0,0,0,0,0,0,2,0,0,0,0,3,0,0,0,0,0,0
Skin.94,448,0,0,0,0,0,0,1,0,0,0,7,0,0,0,0,1,0,0,0,0,0,0,0,0,2,1,0,0,1,0,0,0,0,0,0,0,0,6,0,1,0,0,8,0,0,0,0,0,0
Oral Cavity.11,0,5,0,0,20,0,0,0,12,0,5,0,8,0,0,5,0,0,25,0,0,12,0,5,0,10,0,0,0,154,0,0,4,0,0,3,0,0,0,0,9,0,0,0,6,0,2,0,6,0
Skin.95,46,0,0,0,0,0,0,0,0,0,0,0,0,0,0,0,0,0,0,2,0,0,0,0,0,0,0,0,0,0,0,0,0,0,0,0,0,0,0,0,0,0,0,583,0,0,0,0,0,0
Skin.96,68,0,0,0,0,0,0,0,0,0,0,25,0,0,0,0,0,0,0,0,2,0,0,0,1,0,0,0,0,0,1,0,0,0,1,0,0,0,1,2,0,0,0,468,0,0,0,0,0,0
External Auditory Canal.12,917,0,0,3,0,0,0,0,0,5,0,44,0,0,0,0,0,0,0,2,0,0,0,0,0,0,0,0,0,0,1,0,0,0,5,0,0,0,0,0,0,0,0,0,0,0,0,4,0,0
Feces.12,0,0,0,1,0,0,3,0,0,7,0,0,0,9,0,0,0,0,0,0,14,0,0,0,1,0,0,0,0,0,10,0,0,2,21,0,0,0,0,35,0,0,1,0,0,0,0,5,0,0
Feces.13,0,0,0,1,0,0,1,0,0,9,0,0,0,13,0,0,0,0,0,0,46,0,0,0,5,0,0,0,0,0,22,0,0,3,63,0,0,0,0,45,0,0,5,0,0,3,0,4,0,0
Skin.97,170,0,0,0,0,0,0,0,0,0,0,6,0,0,0,0,0,0,0,1,0,0,0,0,0,1,0,0,0,0,0,0,0,0,0,0,0,0,0,0,0,0,0,234,0,0,0,0,0,0
Skin.98,196,0,0,0,0,0,0,0,0,0,0,2,0,0,0,0,0,0,1,4,0,0,0,0,0,4,0,0,0,5,0,0,0,0,0,0,0,0,1,0,0,0,0,612,0,0,0,0,0,0
Skin.99,7,0,0,0,0,0,0,0,0,0,0,8,0,0,0,0,0,0,0,1,0,0,0,0,0,0,0,0,0,0,0,0,0,0,0,0,0,0,0,0,0,0,0,509,0,0,0,0,0,0
Skin.100,5,0,0,0,0,0,0,0,0,0,0,1,0,0,0,0,0,0,0,0,0,0,0,0,0,0,0,0,0,0,0,0,0,0,0,0,0,0,0,0,0,0,0,321,0,0,0,0,0,0
Skin.101,387,0,0,0,0,0,0,0,0,0,0,0,0,0,0,0,0,0,1,0,0,0,0,0,0,0,0,0,0,0,0,0,0,0,0,0,0,0,0,0,0,0,0,634,0,0,0,0,0,0
Hair.4,93,0,0,0,0,0,0,0,0,0,0,3,0,0,0,0,0,0,0,0,0,0,0,0,0,0,0,0,0,0,0,0,0,0,0,0,0,0,3,0,0,0,0,432,0,0,0,0,0,0
Skin.102,228,0,0,0,0,0,0,0,0,0,0,8,1,0,0,0,0,0,0,1,0,0,0,0,0,0,0,0,0,0,0,0,0,0,1,0,0,0,0,0,1,0,0,376,0,0,0,0,0,0
Skin.103,221,0,0,0,0,0,0,0,0,0,0,2,2,0,3,0,0,0,0,1,0,0,0,0,0,0,0,0,0,2,0,0,1,0,0,0,0,0,2,0,0,0,0,307,0,0,0,0,0,0
Skin.104,23,0,0,0,0,0,0,0,0,0,0,1,0,0,0,0,0,0,0,3,0,0,0,0,0,0,3,0,0,0,0,0,0,0,0,0,0,0,0,0,0,0,0,704,0,0,0,0,0,0
Skin.105,44,0,0,0,0,0,0,0,0,0,0,0,0,0,0,0,1,0,0,7,2,0,0,0,0,0,1,0,0,0,1,0,0,0,0,0,0,0,0,0,0,0,0,178,0,0,0,0,0,0
Skin.106,0,0,0,0,0,0,0,0,0,0,0,0,0,0,3,0,0,0,0,35,0,0,0,0,0,0,0,0,0,0,0,0,0,0,0,0,0,0,1,0,0,0,0,2,0,0,0,0,0,0
Oral Cavity.12,0,4,0,0,5,0,0,0,0,0,0,0,1,0,0,2,0,0,2,0,0,0,0,2,0,1,0,0,0,46,0,0,4,0,0,1,0,2,0,0,16,0,0,11,1,0,0,0,10,0
Skin.107,373,0,0,0,1,0,0,0,0,0,0,1,0,0,0,0,0,0,0,0,0,0,0,0,0,0,0,0,0,4,0,0,0,0,0,0,0,0,1,0,0,0,0,531,0,0,0,0,0,0
Nostril.12,200,0,0,0,0,0,0,0,0,0,0,7,0,0,25,0,0,0,0,0,0,0,0,0,0,0,21,0,0,1,0,0,0,0,0,0,0,0,1,0,0,0,0,33,0,0,0,0,0,0
Nostril.13,387,0,0,0,0,0,0,0,0,0,0,15,0,0,20,0,0,0,2,2,0,0,0,0,0,0,9,0,0,0,0,0,0,0,0,0,0,0,10,0,0,0,0,4,0,0,4,0,0,0
Skin.108,556,0,0,0,0,0,0,0,0,0,0,0,0,0,0,0,0,0,0,2,0,0,0,0,0,0,0,0,0,0,0,0,0,0,0,0,0,0,0,0,1,0,0,67,0,0,0,0,0,0
Skin.109,448,0,0,0,0,0,0,0,0,0,0,61,0,0,0,0,0,0,0,0,0,0,0,0,0,0,0,0,0,0,0,0,0,0,0,0,0,0,0,0,0,0,0,83,0,0,0,0,0,0
Skin.110,151,0,0,0,0,0,0,0,0,0,0,0,0,0,1,0,0,0,0,0,0,0,0,0,0,0,0,0,0,0,0,0,0,0,0,0,0,0,2,0,1,0,0,148,0,0,0,0,1,0
Skin.111,416,0,0,0,0,0,0,0,0,0,0,5,0,0,1,0,0,0,0,2,0,0,0,0,0,0,1,0,0,0,0,0,0,0,0,0,0,0,3,0,0,0,0,485,0,0,3,0,1,0
Oral Cavity.13,0,6,0,0,13,0,0,0,12,0,6,0,19,0,0,3,0,0,3,0,0,0,0,3,0,3,0,0,0,114,0,0,11,0,0,2,0,6,0,0,55,0,0,33,1,0,3,0,22,0
Skin.112,61,0,0,0,0,0,0,0,0,0,0,3,0,0,0,0,0,0,0,0,0,0,0,0,0,1,1,0,0,2,0,0,0,0,0,0,0,0,0,0,0,5,0,236,0,0,0,0,0,0
Skin.113,189,0,0,0,0,0,0,0,0,0,0,29,0,0,3,0,0,0,0,1,0,0,0,0,0,0,3,0,0,0,0,0,0,0,0,4,0,0,1,0,1,0,0,424,0,0,0,0,0,0
External Auditory Canal.13,550,0,0,0,0,0,0,0,0,0,0,0,0,0,0,0,1,0,0,0,0,0,0,0,0,0,0,0,0,0,0,0,0,0,0,0,0,0,1,0,0,0,0,178,0,0,0,0,0,0
External Auditory Canal.14,669,0,0,0,0,0,0,0,0,8,0,1,0,0,0,0,0,0,0,0,3,0,0,0,0,0,0,0,0,0,1,0,0,0,9,0,0,0,0,0,0,0,0,132,0,0,0,0,0,0
Feces.14,0,0,0,7,0,0,3,0,0,32,0,0,0,17,0,0,0,1,0,0,20,0,0,0,8,0,0,0,0,0,14,0,0,8,31,0,0,0,0,65,0,0,1,0,0,10,0,25,0,1
Feces.15,0,0,0,2,0,0,3,0,0,18,0,0,0,13,0,0,0,0,0,0,42,0,0,0,14,0,0,0,0,0,17,0,0,4,31,0,0,0,0,85,0,0,1,0,0,13,0,20,0,0
Skin.114,97,0,0,0,0,0,0,0,0,0,0,2,0,0,0,0,0,0,0,1,0,0,0,4,0,0,2,0,0,0,0,0,0,0,0,1,0,0,0,0,2,0,0,539,0,0,0,0,0,0
Skin.115,100,0,0,0,0,0,0,0,0,0,0,4,0,0,0,0,0,0,0,0,0,0,0,0,0,0,0,0,0,2,0,0,0,0,0,0,0,0,0,0,0,0,0,249,0,0,0,0,0,0
Skin.116,8,0,0,0,0,0,0,0,0,0,0,1,0,0,0,0,1,0,0,1,0,0,0,0,0,0,0,0,0,0,0,0,0,0,0,0,0,0,0,0,0,0,0,440,0,0,0,0,0,0
Skin.117,3,0,0,0,0,0,0,0,0,0,0,1,0,0,0,0,0,0,0,1,0,0,0,0,0,0,0,0,0,0,0,0,0,0,1,0,0,0,0,0,0,0,0,523,0,0,0,0,0,0
Skin.118,372,0,0,0,2,0,0,0,0,0,0,1,0,0,0,0,0,0,0,1,0,0,0,1,0,0,0,0,0,1,0,0,0,0,0,0,0,0,0,0,1,0,0,1159,0,0,0,0,0,0
Hair.5,642,0,0,0,0,0,0,0,0,0,0,0,0,0,0,0,0,0,0,0,0,0,0,0,0,0,0,0,0,0,0,0,0,0,0,0,0,0,7,0,0,0,0,333,0,0,0,0,0,0
Skin.119,145,0,0,0,0,0,0,0,0,0,0,0,0,0,2,0,0,0,0,1,0,0,0,0,0,1,3,0,0,2,0,0,0,0,0,0,0,0,4,0,0,0,0,442,0,0,0,0,0,0
Skin.120,146,0,0,0,0,0,0,0,0,0,0,2,0,0,0,0,0,0,0,1,0,0,0,4,0,0,0,0,0,1,0,0,0,0,0,0,0,0,2,0,2,0,0,1383,0,0,0,0,1,0
Skin.121,48,0,0,0,1,0,0,0,0,0,0,1,0,0,0,0,0,0,0,5,0,0,0,0,0,0,0,0,0,0,0,0,0,0,0,0,0,0,3,0,0,0,0,50,0,0,0,0,0,0
Skin.122,126,0,0,0,0,0,0,0,0,0,0,4,0,0,0,0,0,0,0,18,0,0,0,0,0,0,0,0,0,0,0,0,0,0,1,0,0,0,3,0,0,0,0,88,0,0,0,0,0,0
Skin.123,0,0,0,0,0,0,0,0,0,0,0,0,0,0,0,0,0,0,0,12,0,0,0,0,0,0,1,0,0,0,0,0,0,0,0,0,0,0,1,0,0,0,0,0,0,0,0,0,0,0
Oral Cavity.14,0,2,0,0,16,0,0,0,1,0,5,0,6,0,0,3,0,0,1,0,0,0,0,6,0,3,0,0,0,78,0,0,7,0,0,3,0,1,0,0,14,0,0,23,2,0,3,0,6,0
Skin.124,92,0,0,0,0,0,0,0,0,0,0,0,0,0,0,0,0,0,0,0,0,0,0,0,0,0,0,0,0,2,0,0,0,0,0,0,0,0,5,0,0,0,0,368,0,0,0,0,0,0
Skin.125,695,0,0,0,0,0,0,0,0,0,0,4,0,0,1,0,0,0,0,0,0,0,0,0,0,1,0,0,0,0,0,0,0,0,0,0,0,0,0,0,1,0,0,1072,0,0,0,0,0,0
Nostril.14,315,0,0,0,0,0,0,0,0,0,0,25,0,0,36,0,0,0,0,0,0,0,0,2,0,0,17,0,0,0,0,0,3,0,0,0,0,1,17,0,0,0,0,286,0,0,1,0,0,0
Nostril.15,481,0,0,0,0,0,0,0,0,0,0,9,0,0,85,0,0,0,0,0,0,0,0,0,0,0,16,0,0,1,0,0,0,0,0,0,0,0,7,0,1,0,0,407,0,0,0,0,1,0
Skin.126,597,0,0,0,0,0,0,0,0,0,0,0,0,0,0,0,0,0,0,0,0,0,0,0,0,0,1,0,0,0,0,0,0,0,0,0,0,0,0,0,0,0,0,215,0,0,0,0,0,0
Skin.127,603,0,0,0,0,0,0,0,0,0,0,17,0,0,0,0,0,0,0,0,0,0,0,0,0,0,0,0,0,0,0,0,0,0,0,0,0,0,0,0,0,0,0,120,0,0,0,0,0,0
Skin.128,407,0,0,0,0,0,0,0,0,0,0,3,1,0,0,0,0,0,0,2,0,0,0,0,0,0,0,0,0,1,2,0,2,0,1,0,0,0,0,0,5,0,0,467,0,0,0,0,0,0
Skin.129,162,0,0,0,0,0,0,0,0,0,0,1,0,0,2,0,0,0,0,2,0,0,0,0,0,2,0,0,0,1,0,0,2,0,2,0,0,0,0,0,0,0,0,293,0,0,0,0,0,0
Oral Cavity.15,0,3,0,0,22,0,0,0,5,0,4,0,3,0,0,4,0,0,2,0,0,2,0,2,0,24,0,0,0,65,0,0,13,0,0,5,0,2,0,0,9,0,0,20,0,0,5,0,26,0
External Auditory Canal.15,563,0,0,0,0,0,0,0,0,0,0,3,0,0,0,0,2,0,0,0,0,0,0,0,0,0,0,0,0,0,0,4,0,0,0,0,0,0,0,0,0,1,0,1,0,0,0,0,0,0
Feces.16,0,0,2,3,0,0,1,0,0,33,0,0,0,34,0,0,0,0,0,0,35,0,0,0,1,0,0,0,0,0,11,0,0,3,25,0,0,0,0,24,0,0,0,0,0,5,0,6,0,0
Skin.130,27,0,0,0,0,0,0,0,0,0,0,59,0,0,0,0,1,0,0,4,0,0,0,0,0,0,0,0,0,0,0,0,0,0,0,0,0,0,1,0,0,0,0,13,0,0,0,0,0,0
Skin.131,39,0,0,0,0,0,0,0,0,0,0,54,0,0,0,0,4,0,0,15,0,0,0,0,0,0,0,0,0,0,0,0,0,0,0,0,0,0,3,0,0,0,0,11,0,0,0,0,0,0
Skin.132,632,0,0,0,0,0,0,0,1,0,0,25,0,0,2,0,0,0,0,7,0,0,0,0,0,0,1,0,0,0,0,0,0,0,0,0,0,0,9,0,0,0,0,18,0,0,0,0,0,0
Skin.133,130,0,0,0,0,0,0,0,0,3,0,54,0,0,0,0,0,0,0,30,0,0,0,0,0,0,2,0,0,1,0,1,0,0,0,0,0,0,9,3,0,0,1,0,0,0,0,0,0,0
Nostril.16,337,0,0,0,0,0,0,0,1,0,0,233,0,0,22,0,0,0,0,2,0,0,0,0,0,0,24,0,0,1,0,0,0,0,0,0,0,0,18,0,0,0,0,0,0,0,0,0,0,0
Skin.134,233,0,0,0,0,0,0,0,0,0,0,31,0,0,1,0,0,0,0,6,0,0,0,0,0,0,0,0,0,1,0,0,0,0,0,0,0,0,10,0,0,0,0,9,0,0,0,0,0,0
Skin.135,99,0,0,0,0,0,0,0,0,0,0,10,0,0,0,0,1,0,0,5,1,0,0,0,0,0,0,0,0,2,0,0,0,0,0,1,0,0,0,0,0,0,0,11,0,0,0,0,0,0
Oral Cavity.16,0,1,0,0,13,0,0,0,70,0,0,0,5,0,0,9,0,0,10,0,0,3,0,6,0,17,0,0,0,122,0,0,7,0,0,15,0,4,0,0,6,0,0,0,13,0,3,0,5,0
External Auditory Canal.16,511,0,0,0,0,0,0,0,0,0,0,39,0,0,5,0,1,0,0,2,0,0,0,0,0,0,0,0,0,0,0,0,0,0,0,0,0,0,0,0,0,0,0,3,0,0,0,0,0,0
Feces.17,0,0,3,3,0,0,4,0,0,41,0,0,0,39,0,0,0,1,0,0,109,0,0,0,2,0,0,0,0,0,30,0,0,0,53,0,0,0,0,24,0,0,0,0,0,9,0,5,0,0
Skin.136,20,0,0,0,0,0,0,0,0,0,0,39,0,0,0,0,2,0,0,15,0,0,0,0,0,1,0,0,0,0,0,0,0,0,0,0,0,0,0,0,0,0,0,154,0,0,0,0,0,0
Skin.137,28,0,0,0,0,0,0,0,1,0,0,41,0,0,0,0,0,0,0,12,0,0,0,0,0,0,0,0,0,0,0,0,0,0,0,0,0,0,0,0,0,0,0,81,0,0,0,0,0,0
Skin.138,707,0,0,0,0,0,0,0,0,0,0,49,0,0,1,0,0,0,0,6,0,0,0,0,0,0,2,0,0,1,0,0,0,0,0,0,0,0,8,0,0,0,0,1,0,0,0,0,0,0
Skin.139,203,0,0,0,0,0,0,0,0,1,0,29,0,0,1,0,0,0,1,64,0,0,0,0,0,0,4,0,0,5,0,0,0,0,0,0,0,0,14,0,1,0,0,9,0,0,0,0,0,0
Nostril.17,197,0,0,0,0,0,0,0,0,0,0,124,0,0,10,0,0,0,0,2,0,0,0,0,0,0,9,0,0,0,0,0,0,0,0,0,0,0,9,0,0,0,0,1,0,0,0,0,0,0
Skin.140,415,0,0,0,0,0,0,0,0,0,0,23,0,0,0,0,0,0,1,12,0,0,0,0,0,0,1,0,0,2,0,0,1,0,0,0,0,0,6,0,1,0,0,5,0,0,1,0,0,0
Skin.141,412,0,0,0,0,0,0,0,0,0,0,21,0,0,0,0,0,0,0,6,0,0,0,0,0,0,1,0,0,0,0,0,0,0,0,0,0,0,10,0,1,0,0,21,0,0,0,0,0,0
Oral Cavity.17,0,2,0,0,23,0,0,0,37,0,0,0,1,0,0,3,0,0,5,0,0,3,0,4,0,4,0,0,0,63,0,0,6,0,0,5,0,1,0,0,1,0,0,0,1,0,6,0,1,0
Skin.142,6,0,0,0,0,0,0,0,0,0,0,18,0,0,0,0,0,0,0,78,0,0,0,0,0,0,24,0,0,0,0,0,0,0,0,0,0,0,0,0,0,0,0,2,0,0,0,0,0,0
Skin.143,4,0,0,0,0,0,0,0,0,0,0,19,0,0,0,0,0,0,0,22,0,0,0,0,0,0,0,0,0,0,0,0,0,0,0,0,0,0,0,0,0,0,0,0,0,0,0,0,0,0
External Auditory Canal.17,466,0,0,0,0,0,0,0,0,0,0,309,0,0,0,0,0,0,0,0,0,0,15,0,0,0,0,0,4,0,0,162,0,0,0,0,0,0,0,0,0,173,0,0,0,0,0,0,0,0
Feces.18,0,0,11,13,0,0,0,0,0,24,0,0,0,41,0,0,0,1,0,0,16,0,0,0,12,0,0,6,0,0,2,0,0,0,11,0,0,0,0,6,0,0,2,0,0,2,0,0,0,0
Feces.19,0,0,8,6,0,0,2,0,0,15,0,0,0,31,0,0,0,0,0,0,7,0,0,0,7,0,0,3,0,0,7,0,0,3,8,0,0,0,0,6,0,0,1,0,0,0,0,0,0,0
Skin.144,187,0,0,0,0,0,0,0,0,0,0,1,0,0,0,0,0,0,0,18,0,0,0,0,0,0,0,0,0,0,0,0,0,0,0,0,0,0,0,0,0,0,0,3,0,0,0,0,0,0
Skin.145,124,0,0,0,0,0,0,0,0,0,0,1,0,0,3,0,0,0,0,12,0,0,0,0,0,0,0,0,0,0,0,0,0,0,0,0,0,0,0,0,0,0,0,2,0,0,0,0,0,0
Skin.146,0,0,0,0,0,0,0,0,0,0,0,774,0,0,0,0,0,0,0,17,0,0,0,0,0,0,0,0,0,0,0,0,0,0,0,0,0,0,0,0,0,0,0,0,0,0,0,0,0,0
Skin.147,5,0,0,0,0,0,0,0,0,0,0,669,0,0,0,0,0,0,0,21,0,0,0,0,0,0,0,0,0,0,0,0,0,0,0,0,0,0,0,0,0,0,0,8,0,0,0,0,0,0
Skin.148,609,0,0,0,0,0,0,0,0,0,0,1,0,0,0,0,0,0,0,2,0,0,0,0,0,0,0,0,0,0,0,0,0,0,0,0,0,0,1,0,0,0,0,5,0,0,0,0,0,0
Skin.149,4,0,0,0,0,0,0,0,0,0,0,8,0,0,0,0,0,0,0,19,0,0,0,0,0,0,0,0,0,0,0,0,0,0,0,0,0,0,0,0,0,0,0,0,0,0,0,0,0,0
Hair.6,647,0,0,0,0,0,0,0,0,0,0,4,0,0,0,0,0,0,0,0,0,0,0,0,0,0,0,0,0,0,0,0,0,0,0,0,0,0,4,0,0,0,0,25,0,0,0,0,0,0
Skin.150,436,0,0,0,0,0,0,0,0,0,0,7,0,0,7,0,0,0,0,5,0,0,0,0,0,0,3,0,0,3,0,0,0,0,0,0,0,0,4,0,0,0,0,17,0,0,0,0,1,0
Skin.151,375,0,0,0,0,0,0,0,0,0,0,6,0,0,1,0,0,0,0,3,0,0,0,0,0,0,6,0,0,0,0,0,0,0,0,0,0,0,0,0,0,0,0,8,0,0,0,0,0,0
Skin.152,190,0,0,0,1,0,0,0,0,0,0,15,0,0,1,0,0,0,0,49,0,0,0,0,0,0,0,0,0,0,0,0,0,0,0,0,0,0,1,0,0,0,0,2,0,0,0,0,0,0
Skin.153,237,0,0,0,0,0,0,0,0,0,0,11,0,0,3,0,0,0,0,37,0,0,0,0,0,0,2,0,0,0,0,0,0,0,1,0,0,0,0,0,0,0,0,2,0,0,0,0,0,0
Oral Cavity.18,0,2,0,0,13,0,0,0,2,0,1,0,2,0,0,1,0,0,3,0,0,1,0,5,0,10,0,0,0,48,0,0,7,0,0,5,0,4,0,0,3,0,0,0,2,0,1,0,2,0
Skin.154,89,0,0,0,0,0,0,0,0,0,0,6,0,0,0,0,0,0,0,27,3,0,0,0,0,0,0,0,0,0,0,0,0,0,0,0,0,0,0,0,0,0,0,0,0,0,0,0,0,0
Skin.155,553,0,0,0,0,0,0,0,0,0,0,12,0,0,13,0,0,0,0,3,0,0,0,0,0,0,13,0,0,0,0,0,0,0,0,0,0,0,4,0,0,0,0,0,0,0,0,0,0,0
Nostril.18,191,0,0,0,0,0,0,7,0,0,0,95,0,0,5,0,0,0,0,61,0,0,0,0,0,0,3,0,0,0,0,0,0,0,0,0,0,0,3,0,0,0,0,2,0,0,0,0,0,0
Nostril.19,202,0,0,0,0,0,0,5,0,0,0,30,0,0,9,0,0,0,0,76,0,0,0,0,0,0,4,0,0,0,0,0,0,0,0,0,0,0,6,0,0,0,0,4,0,0,0,0,0,0
Skin.156,411,0,0,0,0,0,0,0,0,0,0,191,0,0,0,0,0,0,0,2,0,0,0,1,0,1,0,0,0,1,0,1,0,0,0,0,0,0,2,0,0,1,0,2,0,0,0,0,0,0
Skin.157,366,0,0,0,0,0,0,0,0,0,0,216,0,0,1,0,0,0,0,8,0,0,0,0,0,0,0,0,0,0,0,1,0,0,0,0,0,0,0,0,0,0,0,43,0,0,0,0,0,0
Skin.158,406,0,0,0,0,0,0,0,0,0,0,6,0,0,1,0,0,0,0,5,0,0,0,0,0,0,0,0,0,0,0,0,0,0,0,0,0,0,2,0,0,0,0,24,0,0,0,0,0,0
Skin.159,390,0,0,0,0,0,0,0,0,0,0,4,0,0,0,0,0,0,0,4,0,0,0,0,0,0,0,0,0,1,0,0,0,0,0,0,0,0,2,0,0,0,0,18,0,0,0,0,0,0
Oral Cavity.19,3,3,0,0,12,0,0,0,8,0,3,0,2,0,0,0,0,0,4,0,0,2,0,4,0,10,1,0,0,92,0,0,1,0,0,0,0,3,0,0,2,0,0,0,1,0,1,0,6,0
Skin.160,6,0,0,0,0,0,0,0,0,0,0,13,0,0,0,0,0,0,0,167,0,0,0,0,0,0,17,0,0,0,0,0,0,0,0,0,0,0,0,0,0,0,0,3,0,0,0,0,0,0
Skin.161,5,0,0,0,0,0,0,1,0,0,0,13,0,0,0,0,0,0,0,32,0,0,0,0,0,0,0,0,0,0,0,0,0,0,0,0,0,0,0,0,0,0,0,4,0,0,0,0,0,0
External Auditory Canal.18,308,0,0,0,0,0,0,0,0,0,0,89,0,0,0,0,0,0,0,11,0,0,5,0,0,0,0,0,1,0,0,53,0,0,0,0,0,0,0,0,0,157,0,0,0,0,0,0,0,0
External Auditory Canal.19,73,0,0,0,0,0,0,0,0,0,0,171,0,0,0,0,0,0,0,1,0,0,12,0,0,0,0,0,1,0,0,124,0,0,0,0,0,0,0,0,0,578,0,0,0,0,0,0,0,0
Feces.20,0,0,6,10,0,0,1,0,0,18,0,0,0,23,0,0,0,1,0,0,7,0,0,0,5,0,0,1,0,0,2,0,0,3,8,0,0,0,0,2,0,0,0,0,0,0,0,0,0,1
Feces.21,2,0,8,0,0,0,0,0,0,18,0,0,0,24,1,0,0,0,0,0,2,0,0,0,3,0,0,3,0,0,2,0,0,3,8,0,0,0,0,0,0,0,1,0,0,2,0,0,0,0
Skin.162,190,0,0,0,0,0,0,0,0,0,0,1,0,0,1,0,0,0,0,22,0,0,0,0,0,0,0,0,0,0,0,0,0,0,0,0,0,0,0,0,0,0,0,2,0,0,0,0,0,0
Skin.163,228,0,0,0,0,0,0,0,0,0,0,2,0,0,2,0,0,0,0,21,0,0,0,0,0,0,0,0,0,0,0,0,0,0,0,0,0,0,0,0,0,0,0,11,0,0,0,0,0,0
Skin.164,7,0,0,0,0,0,0,0,0,0,0,676,0,0,0,0,0,0,0,31,0,0,0,0,0,0,0,0,0,0,0,0,0,0,0,0,0,0,0,0,0,0,0,10,0,0,0,0,0,0
Skin.165,7,0,0,0,0,0,0,0,0,0,0,490,0,0,0,0,0,0,0,7,0,0,0,0,0,0,0,0,0,0,0,0,0,0,0,0,0,0,1,0,0,0,0,22,0,0,0,0,0,0
Skin.166,801,0,0,0,0,0,0,0,0,0,0,5,0,0,5,0,0,0,0,4,0,0,0,1,0,0,1,0,0,0,0,0,0,0,0,0,0,0,2,0,0,0,0,4,0,0,0,0,0,0
Skin.167,0,0,0,0,0,0,0,0,0,0,0,0,0,0,0,0,0,0,0,7,0,0,0,0,0,0,0,0,0,0,0,0,0,0,0,0,0,0,0,0,0,0,0,0,0,0,0,0,0,0
Hair.7,387,0,0,0,0,0,0,0,0,0,0,1,0,0,0,0,0,0,0,1,0,0,0,0,0,1,0,0,0,0,0,0,0,0,0,0,0,0,1,0,0,0,0,13,0,0,0,0,0,0
Skin.168,561,0,0,0,2,0,0,0,0,0,0,6,0,0,5,0,0,0,0,0,0,0,0,0,0,0,2,0,0,1,0,0,0,0,0,0,0,1,1,0,0,0,0,1,0,0,0,0,0,0
Skin.169,432,0,0,0,1,0,0,0,0,0,0,6,0,1,7,0,0,0,0,2,0,0,0,1,0,0,0,0,0,12,0,0,1,0,0,0,0,0,0,0,0,0,0,4,0,0,0,0,2,0
Skin.170,74,0,0,0,0,0,0,0,0,0,0,2,0,0,0,0,0,0,0,41,2,0,0,0,0,0,0,0,0,0,0,0,0,0,0,0,0,0,0,0,0,0,0,0,0,0,0,0,0,0
Skin.171,41,0,0,0,0,0,0,0,0,0,0,3,0,0,0,0,0,0,0,35,0,0,0,0,0,0,0,0,0,0,0,0,0,0,0,0,0,0,3,0,0,0,0,5,0,0,0,0,0,0
Oral Cavity.20,2,2,0,0,14,0,0,0,5,0,3,0,0,0,0,0,0,0,5,0,0,1,0,7,0,3,0,0,0,98,0,0,8,0,0,10,0,3,0,0,2,0,0,0,4,0,3,0,8,0
Skin.172,126,0,0,0,0,0,0,0,0,0,0,7,0,0,1,0,0,0,0,12,0,0,0,0,0,0,0,0,0,0,0,0,0,0,0,0,0,0,0,0,0,0,0,51,0,0,0,0,0,0
Skin.173,972,0,0,0,0,0,0,0,0,0,0,7,0,0,2,0,0,0,0,1,0,0,0,0,0,0,5,0,0,0,0,0,0,0,0,0,0,0,1,0,0,0,0,0,0,0,0,0,0,0
Nostril.20,398,0,0,0,0,0,0,15,0,0,0,35,0,0,23,0,0,0,0,178,0,0,0,0,0,0,14,0,0,1,0,0,0,0,0,0,3,0,9,0,0,0,0,2,0,0,0,0,0,0
Nostril.21,445,0,0,0,0,0,0,6,0,0,0,30,0,0,37,0,0,0,0,121,0,0,0,0,0,0,12,0,0,0,0,0,0,0,0,0,0,0,10,0,0,0,0,0,0,0,0,0,0,0
Skin.174,495,0,0,0,0,0,0,0,0,0,0,161,0,0,0,0,0,0,0,28,0,0,0,0,0,0,0,0,0,0,0,8,0,0,0,0,0,0,2,0,0,5,0,4,0,0,0,0,0,0
Skin.175,561,0,0,0,0,0,0,0,0,0,0,192,0,0,0,0,0,0,0,6,0,0,0,0,0,0,0,0,0,0,0,0,0,0,0,0,0,0,0,0,0,6,0,4,0,0,0,0,0,0
Skin.176,467,0,0,0,0,0,0,0,0,0,0,7,0,0,3,0,0,0,0,5,0,0,0,0,0,1,2,0,0,1,0,0,0,0,0,0,0,0,0,0,0,0,0,7,0,0,0,0,0,0
Skin.177,518,0,0,0,0,0,0,0,0,1,0,11,0,0,2,0,0,0,0,11,0,0,0,0,0,0,0,0,0,2,0,0,0,0,0,0,0,0,2,0,0,0,0,16,0,0,0,0,0,0
Oral Cavity.21,2,2,0,0,14,0,0,0,7,0,1,0,2,0,0,0,0,0,4,0,0,8,0,6,0,4,0,0,0,110,0,0,6,0,0,0,0,5,0,0,6,0,0,0,4,0,3,0,3,0
External Auditory Canal.20,330,0,0,0,0,0,0,0,0,0,0,237,0,0,0,0,0,0,0,0,0,0,5,0,0,0,0,0,3,0,0,98,0,0,0,0,0,0,0,0,0,477,0,0,0,0,0,0,0,0
Feces.22,0,0,7,14,0,0,1,0,0,45,0,0,0,55,0,0,0,0,0,0,22,0,0,0,7,0,0,9,0,0,24,0,0,4,39,0,0,0,0,0,0,0,5,0,0,2,0,8,0,0
Skin.178,4,0,0,0,0,0,0,0,0,0,0,474,0,0,0,0,0,0,0,17,0,0,0,0,0,0,0,0,0,0,1,0,0,0,0,0,0,0,0,0,0,0,0,1,0,0,0,0,0,0
Skin.179,5,0,0,0,0,0,0,0,0,0,0,422,0,0,0,0,0,0,0,8,0,0,0,0,0,0,0,0,0,0,0,0,0,0,0,0,0,0,0,0,0,0,0,2,0,0,0,0,0,0
Skin.180,867,0,0,0,0,0,0,0,0,0,0,8,0,0,0,0,0,0,0,3,0,0,0,0,0,0,0,0,0,0,0,0,0,0,0,0,0,0,6,0,0,0,0,0,0,0,0,0,0,0
Skin.181,42,0,0,0,0,0,0,0,0,0,0,0,0,0,0,0,0,0,0,34,0,0,0,0,0,0,0,0,0,0,0,0,0,0,0,0,0,0,2,0,0,0,0,0,0,0,0,0,0,0
Nostril.22,337,0,0,0,0,0,0,6,0,0,0,325,0,0,56,0,0,0,0,95,0,0,0,0,0,0,12,0,0,0,0,0,0,0,0,0,1,0,12,0,0,0,0,0,0,0,0,0,0,0
Skin.182,323,0,0,0,0,0,0,0,0,0,0,5,0,0,4,0,1,0,0,19,0,0,0,0,0,0,1,0,0,0,0,0,0,0,0,0,0,0,0,0,0,0,0,0,0,0,0,0,0,0
Skin.183,285,0,0,0,0,0,0,0,0,0,0,19,0,0,0,0,0,0,1,11,0,0,0,0,0,0,0,0,0,0,0,0,0,0,0,0,0,0,0,0,0,0,0,2,0,0,0,0,0,0
Oral Cavity.22,0,4,0,0,18,0,0,0,19,0,5,0,3,0,0,1,0,0,4,0,0,11,0,4,0,16,0,0,0,69,0,0,3,0,0,0,0,4,0,0,1,0,0,0,8,0,2,0,2,0
External Auditory Canal.21,118,0,0,0,0,0,0,0,0,0,0,53,0,0,0,0,0,0,0,1,0,0,18,0,0,0,0,0,3,0,0,411,0,0,0,0,0,0,0,0,0,1207,0,0,0,0,0,0,0,0
Feces.23,0,0,5,4,0,0,1,0,0,21,0,0,0,38,0,0,0,0,0,0,17,0,0,0,11,0,0,10,0,0,10,0,0,1,33,0,0,0,0,1,0,0,5,0,0,3,0,6,0,0
Skin.184,4,0,0,0,0,0,0,0,0,0,0,638,0,0,0,0,0,0,0,35,1,0,0,0,0,0,0,0,0,0,0,0,0,0,0,0,0,0,0,0,0,0,0,1,0,0,0,0,0,0
Skin.185,15,0,0,0,0,0,0,0,0,0,0,672,0,0,0,0,0,0,0,10,0,0,0,0,0,0,0,0,0,0,0,0,0,0,0,0,0,0,0,0,0,0,0,0,0,0,0,0,0,0
Skin.186,401,0,0,0,0,0,0,0,0,0,0,4,0,0,0,0,0,0,0,6,0,0,0,0,0,0,0,0,0,0,0,0,0,0,0,0,0,0,1,0,0,0,0,0,0,0,0,0,0,0
Skin.187,87,0,0,0,0,0,0,0,0,0,0,4,0,0,0,0,0,0,0,133,0,0,0,0,0,0,0,0,0,0,0,0,0,0,3,0,0,0,1,0,0,0,0,1,0,0,0,0,0,0
Nostril.23,521,0,0,0,0,0,0,12,0,0,0,151,0,0,90,0,0,0,0,73,0,0,0,0,0,0,14,0,0,0,0,0,0,0,0,0,0,0,17,0,0,0,0,0,0,0,0,0,0,0
Skin.188,104,0,0,0,0,0,0,0,0,0,0,2,0,0,0,0,0,0,0,24,0,0,0,0,0,0,0,0,0,0,0,0,0,0,0,0,0,0,0,0,0,0,0,3,0,0,0,0,0,0
Skin.189,80,0,0,0,0,0,0,0,0,1,0,3,0,0,0,0,0,0,0,6,0,0,0,0,0,0,0,0,0,0,0,0,0,0,0,0,0,0,1,0,0,0,0,0,0,0,0,0,0,0
Oral Cavity.23,0,2,0,0,13,0,0,0,17,0,2,0,1,0,0,0,0,0,4,0,0,2,0,3,0,11,0,0,0,49,0,0,1,0,0,3,0,6,0,0,2,0,0,0,4,0,6,0,2,0
Skin.190,116,0,0,0,0,0,0,0,0,0,0,38,0,0,3,0,0,0,0,4,0,0,0,0,0,0,0,0,0,0,0,0,0,0,0,0,0,0,1,0,0,0,3,75,0,0,0,0,0,0
Skin.191,272,0,0,0,0,0,0,0,0,6,0,93,0,1,1,0,0,0,0,6,0,0,0,0,0,0,1,0,0,0,3,0,0,0,3,0,0,0,0,0,0,0,0,69,0,0,0,0,0,0
External Auditory Canal.22,93,0,0,0,0,1,0,0,0,0,0,298,0,0,2,0,106,0,0,0,1,0,89,0,0,0,0,0,0,0,0,0,0,0,0,0,0,0,1,0,0,879,0,2,0,0,0,0,0,0
External Auditory Canal.23,67,0,0,0,0,0,0,0,0,0,0,213,0,0,0,0,56,0,0,2,3,0,120,0,0,0,0,0,0,0,0,0,0,0,2,0,0,0,0,1,0,1239,0,1,0,0,0,0,0,0
Feces.24,0,0,0,4,0,0,6,0,0,107,0,0,0,0,0,0,0,5,0,0,51,0,0,0,4,0,0,2,0,0,2,0,0,0,53,0,0,1,0,16,0,0,4,0,0,5,0,0,5,5
Feces.25,0,0,0,3,0,0,7,0,0,55,0,0,0,0,0,0,0,1,0,0,62,0,0,0,9,0,0,2,0,0,8,0,0,0,89,0,0,0,0,19,0,0,3,0,0,2,0,0,4,2
Skin.192,286,0,0,0,1,0,0,0,2,1,0,84,0,0,3,0,0,0,0,14,4,0,0,2,0,0,0,0,0,8,1,0,0,0,4,0,0,0,7,0,0,0,0,19,1,0,3,0,1,0
Skin.193,228,0,0,0,1,0,0,0,0,0,0,53,0,0,1,0,0,0,0,9,3,0,0,0,0,2,0,0,0,2,0,0,0,0,7,0,0,0,3,0,1,0,0,8,0,0,0,0,2,0
Skin.194,8,0,0,0,0,0,0,0,0,0,0,90,0,0,0,0,0,0,0,1,6,0,0,0,0,0,0,0,0,1,0,0,2,0,4,0,0,0,0,0,0,0,0,404,0,0,0,0,0,0
Skin.195,5,0,0,0,0,0,0,0,0,0,0,14,0,0,0,0,0,0,0,0,0,0,0,0,0,0,0,0,0,0,0,0,0,0,0,0,0,0,0,0,0,0,0,224,0,0,0,0,0,0
Skin.196,583,0,0,0,0,0,0,0,0,0,0,59,0,0,4,0,1,0,0,3,9,0,0,0,0,2,1,0,0,3,1,0,2,0,8,0,0,0,11,0,0,0,1,218,0,0,0,0,1,0
Skin.197,17,0,0,0,1,0,1,0,0,1,0,48,0,0,1,0,0,0,0,156,3,0,0,0,0,0,2,0,0,0,6,0,0,0,22,0,0,0,0,3,0,0,0,26,0,0,0,0,0,0
Hair.8,96,0,0,0,0,0,0,0,0,3,0,57,0,0,0,1,0,0,0,4,20,0,0,3,0,0,1,0,0,4,0,0,3,0,13,0,0,0,0,0,0,0,0,113,0,0,1,0,0,0
Skin.198,60,0,0,0,3,0,0,0,2,4,1,36,0,0,3,1,0,0,0,4,12,0,0,9,0,3,2,0,0,23,1,0,6,0,16,0,0,2,2,0,2,0,4,18,0,0,4,0,2,0
Skin.199,85,0,0,0,2,0,0,0,3,4,0,37,0,0,6,3,0,0,1,3,17,0,0,3,0,2,4,0,0,48,2,0,2,0,8,2,0,1,4,0,2,0,0,29,0,0,3,0,12,0
Skin.200,71,0,0,0,0,0,0,0,0,0,0,91,0,0,4,0,0,0,2,68,0,0,0,0,0,0,2,0,0,3,1,0,1,0,4,0,0,1,0,1,0,0,0,8,0,0,0,0,0,0
Skin.201,24,0,0,0,0,0,0,0,0,0,0,155,0,0,1,0,0,0,0,25,0,0,0,0,0,0,0,0,0,0,1,0,0,0,0,0,0,0,0,0,0,0,0,12,0,0,0,0,0,0
Oral Cavity.24,0,6,0,0,8,0,0,0,8,0,3,0,0,0,0,8,0,0,4,0,0,1,0,15,1,18,0,0,0,297,0,0,10,0,0,10,0,19,0,0,28,0,0,25,0,0,4,0,58,0
Skin.202,3,0,0,0,0,0,0,0,0,0,0,6,0,0,0,1,0,0,0,0,0,0,0,1,0,0,5,0,0,1,0,0,0,0,0,0,0,0,0,0,0,0,0,3,0,0,0,0,0,0
Skin.203,213,0,0,0,0,0,0,0,0,1,0,62,0,0,0,0,0,0,0,2,3,0,0,2,0,0,1,0,0,3,3,0,0,0,13,0,0,1,5,0,0,0,2,22,0,0,2,0,0,0
Nostril.24,70,0,0,0,0,0,1,0,0,11,0,19,0,0,17,0,0,0,0,10,33,0,0,4,0,0,6,0,0,9,10,0,0,0,42,1,0,0,9,2,0,0,3,4,0,0,2,0,3,0
Nostril.25,64,0,0,0,0,0,0,0,1,10,0,12,0,0,20,0,0,0,0,3,10,0,0,1,0,0,9,0,0,4,9,0,2,0,16,0,0,0,1,0,1,0,2,2,0,3,4,0,1,0
Skin.204,1175,0,0,1,0,0,0,0,0,1,0,147,0,0,0,0,0,0,0,2,3,0,0,0,0,0,0,0,0,2,1,0,0,0,6,0,0,0,1,4,0,0,1,8,0,0,0,0,0,0
Skin.205,352,0,0,0,0,0,0,0,1,4,0,1903,0,0,1,0,0,0,0,0,5,0,0,0,0,0,0,0,0,0,5,0,0,0,5,0,0,0,0,0,0,0,1,16,0,0,0,0,0,0
Skin.206,57,0,0,2,0,0,3,0,2,18,0,20,0,0,0,1,0,0,0,10,58,0,0,4,2,0,2,0,0,12,10,0,4,0,51,1,0,1,3,3,1,0,4,19,0,0,3,0,3,0
Skin.207,177,0,0,0,2,0,0,0,1,6,0,27,0,0,2,0,0,0,0,2,15,0,0,5,0,0,3,0,0,12,3,0,1,0,19,1,0,0,2,1,2,0,1,39,0,0,1,0,2,0
Oral Cavity.25,0,11,0,0,18,0,0,0,25,0,11,0,2,0,0,13,0,0,1,0,0,0,0,33,0,6,0,0,0,296,0,0,8,0,0,1,0,35,0,0,6,0,0,0,0,0,8,0,22,0
Skin.208,30,0,0,0,0,0,0,0,0,0,0,41,0,0,0,0,0,0,0,3,0,0,0,0,0,0,0,0,0,0,0,0,0,0,0,0,0,0,1,0,0,0,0,41,0,0,0,0,0,0
Skin.209,37,0,0,0,0,0,0,0,3,0,0,69,0,0,3,0,0,0,0,1,0,0,0,0,0,0,0,0,0,0,0,0,0,0,0,0,0,0,2,0,0,0,1,944,0,0,0,0,0,0
External Auditory Canal.24,205,0,0,0,0,3,0,0,0,0,0,243,0,0,7,0,226,0,0,3,4,0,25,0,0,2,2,0,0,1,1,0,0,0,4,0,0,0,6,0,0,129,0,61,0,0,0,0,1,0
External Auditory Canal.25,401,0,0,0,0,0,0,0,0,0,0,377,0,0,2,0,24,0,0,0,0,0,51,0,0,0,0,0,0,0,0,0,0,0,1,0,0,0,5,0,0,349,0,15,0,0,0,0,0,0
Feces.26,0,0,0,4,0,0,7,0,0,108,0,0,0,0,0,0,0,1,0,0,32,0,0,0,11,0,0,1,0,0,4,0,0,0,57,0,0,0,0,17,0,0,5,0,0,0,0,0,1,3
Feces.27,1,0,0,5,0,0,7,0,0,62,0,0,0,0,0,0,0,2,0,0,38,0,0,0,6,0,0,2,0,0,7,0,0,0,76,0,0,0,0,18,0,0,2,0,0,4,0,0,0,4
Skin.210,182,0,0,0,0,0,0,0,0,3,0,53,0,0,4,0,0,0,0,4,2,0,0,0,0,1,0,0,0,0,1,0,0,0,3,0,0,0,6,0,0,0,1,32,0,0,0,0,0,0
Skin.211,266,0,0,0,1,0,0,0,0,0,0,65,0,0,1,0,0,0,1,10,2,0,0,0,0,1,0,0,0,0,0,0,0,0,3,0,0,0,3,0,0,0,0,86,0,0,0,0,0,0
Skin.212,6,0,0,0,0,0,0,0,0,0,0,14,0,0,0,0,0,0,0,0,0,0,0,0,0,0,0,0,0,0,0,0,0,0,0,0,0,0,0,0,0,0,0,398,0,0,0,0,0,0
Skin.213,4,0,0,0,0,0,0,0,0,0,0,1,0,0,0,0,0,0,0,0,0,0,0,0,0,0,0,0,0,0,0,0,0,0,0,0,0,0,0,0,0,0,0,370,0,0,0,0,0,0
Skin.214,507,0,0,0,0,0,0,0,0,2,0,46,0,0,0,0,0,0,0,12,5,0,0,1,1,0,0,0,0,0,0,0,0,0,12,0,1,0,7,0,0,0,1,78,0,0,0,0,0,0
Skin.215,11,0,0,0,0,0,0,0,0,0,0,11,0,0,1,5,0,0,0,53,4,0,0,1,1,0,2,0,0,1,2,0,0,0,6,0,0,0,2,0,1,0,0,25,0,0,0,0,1,0
Hair.9,127,0,0,1,0,0,0,0,0,4,0,68,0,0,0,0,0,0,0,0,13,0,0,0,0,0,0,1,0,0,3,0,0,0,7,0,0,0,6,0,0,0,3,411,0,0,0,0,0,0
Skin.216,149,0,0,0,0,0,0,0,0,6,0,40,0,0,3,0,0,0,0,19,28,0,0,0,0,2,1,3,0,1,10,0,0,0,21,0,0,0,3,1,1,0,2,6,0,2,0,0,2,0
Skin.217,102,0,0,0,1,0,0,0,0,4,1,85,0,0,2,0,0,0,0,9,7,0,0,0,0,8,0,0,0,9,6,0,1,0,11,0,0,0,9,0,0,0,2,9,0,0,0,0,4,0
Skin.218,13,0,0,0,0,0,0,0,0,0,0,45,0,0,0,0,0,0,0,11,1,0,0,0,0,0,1,0,0,0,1,0,0,0,3,0,0,0,1,0,0,0,1,47,0,0,0,0,1,0
Skin.219,16,0,0,0,0,0,0,0,0,0,0,65,0,0,0,0,1,0,0,7,4,0,0,0,0,1,0,0,0,0,1,0,0,0,2,0,0,0,0,0,0,0,0,48,0,0,0,0,0,0
Oral Cavity.26,1,7,0,0,3,0,0,0,10,0,2,0,2,0,0,9,0,0,1,0,0,0,0,3,0,16,0,0,0,77,1,0,20,0,2,6,0,11,0,0,8,0,0,373,0,0,3,0,31,0
Skin.220,21,0,0,0,0,0,0,0,0,0,0,3,0,0,0,0,0,0,0,1,0,0,0,0,0,0,0,0,0,0,0,0,0,0,0,0,0,0,0,0,0,0,0,28,0,0,0,0,0,0
Skin.221,722,0,0,0,0,0,0,0,0,5,0,192,0,0,8,0,0,0,0,22,23,0,0,0,1,5,4,0,0,0,7,0,0,0,22,0,0,0,51,5,0,0,1,87,0,0,0,0,1,0
Nostril.26,61,0,0,1,0,0,2,0,0,15,0,24,0,0,10,0,0,0,0,10,33,0,0,1,1,0,7,0,0,3,9,0,0,0,35,0,0,0,9,0,0,0,4,33,0,2,0,0,1,0
Nostril.27,116,0,0,0,0,0,0,0,0,3,0,25,0,0,24,0,0,0,0,8,10,0,0,0,0,1,23,0,0,0,5,0,0,0,24,0,0,0,7,2,0,0,2,13,0,0,0,0,1,0
Skin.222,820,0,0,0,0,0,0,1,0,1,0,226,0,0,0,0,0,0,1,0,4,0,0,0,0,2,2,0,0,1,0,0,0,0,2,0,0,0,5,0,0,0,0,162,0,0,0,0,0,0
Skin.223,234,0,0,0,0,0,0,0,0,0,0,354,0,0,2,0,0,0,0,0,0,0,0,0,0,0,2,0,0,0,0,0,0,0,0,0,0,0,5,0,0,2,0,252,0,0,0,0,0,0
Skin.224,285,0,0,0,0,0,1,0,0,9,0,43,0,0,6,0,0,0,0,24,24,0,0,0,0,3,2,0,0,0,5,0,0,0,23,0,0,0,1,0,0,0,1,57,0,1,1,0,0,0
Skin.225,161,0,0,0,0,0,0,0,0,0,0,96,0,0,3,0,0,0,0,3,1,0,0,0,0,1,2,0,0,3,1,0,0,0,6,0,0,0,2,0,0,1,1,23,0,0,0,0,0,0
Oral Cavity.27,0,7,0,0,13,0,0,0,14,0,7,0,0,0,0,6,0,0,3,0,0,0,0,21,0,24,0,0,0,73,0,0,16,0,0,2,0,14,0,0,6,0,0,17,0,0,8,0,31,0
External Auditory Canal.26,236,0,0,0,0,0,0,0,0,0,0,157,0,0,0,0,93,0,0,13,0,0,50,0,0,0,1,0,0,0,0,0,0,0,0,0,0,0,0,0,0,487,0,0,0,0,0,0,0,0
Feces.28,0,0,3,3,0,0,1,0,0,123,0,1,0,0,0,0,0,1,0,9,57,0,0,0,2,0,0,1,0,0,9,0,0,0,63,0,0,0,3,15,0,0,1,0,0,5,0,0,0,1
Skin.226,2,0,0,0,0,0,0,0,0,0,0,114,0,0,0,0,0,0,0,6,0,0,0,0,0,0,0,0,0,0,0,0,0,0,0,0,0,0,0,0,0,0,0,4,0,0,0,0,0,0
Skin.227,2,0,0,0,0,0,0,0,0,0,0,182,0,0,0,0,0,0,0,2,0,0,0,0,0,0,0,0,0,0,0,0,0,0,0,0,0,0,0,0,0,0,0,4,0,0,0,0,0,0
Skin.228,1212,0,0,0,0,0,0,0,0,0,0,105,0,0,0,0,0,0,0,31,0,0,0,0,0,0,0,0,0,0,0,0,0,0,0,0,0,0,13,0,0,0,0,2,0,0,0,0,0,0
Skin.229,35,0,0,0,0,0,0,0,0,1,0,137,0,0,0,0,1,0,0,128,0,0,0,0,0,0,1,0,0,0,0,0,0,0,3,0,0,0,2,0,0,0,0,9,0,0,0,0,0,0
Nostril.28,123,0,0,0,0,0,0,0,0,0,0,471,0,0,39,0,0,0,0,76,0,0,0,0,0,0,35,0,0,0,0,0,0,0,0,0,0,0,31,0,0,0,0,3,0,0,0,0,0,0
Skin.230,86,0,0,0,0,0,0,0,0,0,0,48,0,0,0,0,0,0,0,27,0,0,0,0,0,0,0,0,0,0,0,0,0,0,0,0,0,0,4,0,0,0,0,3,0,0,0,0,0,0
Skin.231,180,0,0,0,0,0,0,0,0,0,0,107,0,0,1,0,0,0,0,24,0,0,0,0,0,0,0,0,0,2,0,0,0,0,0,0,0,0,15,0,0,0,0,3,0,0,0,0,0,0
Oral Cavity.28,0,10,0,0,23,0,0,0,22,0,4,0,0,0,0,2,0,0,4,0,0,1,0,4,0,4,0,0,0,478,0,0,1,0,0,1,0,5,0,0,1,0,0,0,2,0,0,0,33,0
External Auditory Canal.27,50,0,0,0,0,12,0,0,0,0,0,68,0,0,0,0,226,0,0,2,0,0,71,0,0,0,0,0,0,0,0,0,0,0,0,0,0,0,0,0,0,734,0,0,0,0,0,0,0,0
Feces.29,1,0,3,7,0,0,4,0,0,134,0,0,0,0,0,0,0,5,0,6,26,0,0,0,1,0,0,5,0,0,13,0,0,0,36,0,0,0,0,10,0,0,0,0,0,1,0,0,0,2
Skin.232,6,0,0,0,0,0,0,0,0,0,0,50,0,0,0,0,0,0,0,21,0,0,0,0,0,0,0,0,0,1,0,0,0,0,0,0,0,0,0,0,0,0,0,11,0,0,0,0,0,0
Skin.233,1,0,0,0,0,0,0,0,0,0,0,76,0,0,0,0,0,0,0,4,0,0,0,0,0,0,0,0,0,0,0,0,0,0,0,0,0,0,0,0,0,0,0,7,0,0,0,0,0,0
Skin.234,743,0,0,0,0,0,0,0,0,0,0,75,0,0,1,0,0,0,0,20,0,0,0,0,0,0,0,0,0,0,0,0,0,0,0,0,0,0,19,0,0,0,0,0,0,0,0,0,0,0
Skin.235,31,0,0,0,0,0,0,0,0,2,0,129,0,0,0,0,0,0,0,146,1,0,0,0,0,0,1,0,0,0,0,0,0,0,2,0,0,0,1,0,0,0,0,16,0,0,0,0,0,0
Nostril.29,128,0,0,0,0,0,0,0,0,0,0,514,0,0,29,0,0,0,0,78,0,0,0,0,0,0,16,0,0,0,0,0,0,0,0,0,0,0,42,0,0,0,0,1,0,0,0,0,0,0
Skin.236,157,0,0,0,0,0,0,0,0,0,0,162,0,0,0,0,0,0,0,36,1,0,0,0,0,0,0,0,0,2,0,0,0,0,1,0,0,0,6,1,0,0,0,7,0,0,0,0,1,0
Skin.237,82,0,0,0,0,0,0,0,0,1,0,61,0,0,0,0,0,0,0,33,2,0,0,0,0,0,0,0,0,1,3,1,0,0,0,0,0,0,3,0,0,1,0,2,0,0,0,0,0,0
Oral Cavity.29,0,4,0,0,7,0,0,0,6,0,1,0,0,0,0,3,0,0,7,0,0,2,0,6,0,0,0,0,0,118,0,0,2,0,0,0,0,2,0,0,0,0,0,0,0,0,0,0,17,0
Skin.238,0,0,0,0,0,0,0,0,0,0,0,42,0,0,0,0,0,0,0,55,0,0,0,0,0,0,68,0,0,0,0,0,0,0,0,0,0,0,0,0,0,0,0,16,0,0,0,0,0,0
Skin.239,5,0,0,0,0,0,0,0,0,0,0,539,0,0,20,0,0,0,0,41,0,0,0,0,1,0,36,0,0,0,0,0,0,0,0,0,0,0,1,0,0,0,0,48,0,0,0,0,0,0
External Auditory Canal.28,254,0,0,0,0,5,0,0,0,0,0,50,0,0,0,0,635,0,0,0,0,0,0,0,0,0,0,0,3,0,0,184,0,0,0,0,0,0,0,0,0,0,0,1,0,0,0,0,0,0
External Auditory Canal.29,41,0,0,0,0,4,0,0,0,0,0,26,0,0,0,0,248,0,0,1,0,0,0,0,0,0,0,0,1,0,0,1324,0,0,0,0,0,0,0,0,0,0,0,2,0,0,0,0,0,0
Feces.30,0,0,5,4,0,0,3,0,0,29,0,0,0,18,0,0,0,2,0,0,17,0,0,0,0,0,0,16,0,0,1,0,0,0,19,0,0,0,0,1,0,0,0,0,0,1,0,0,0,2
Feces.31,0,0,4,2,0,0,5,0,0,67,0,0,0,35,0,0,0,1,0,0,49,0,0,0,0,0,0,28,0,0,2,0,0,0,59,0,0,0,0,8,0,0,1,0,0,9,0,3,0,3
Skin.240,224,0,0,0,0,0,0,0,1,0,0,0,0,0,0,0,0,0,0,16,2,0,0,0,0,0,0,0,0,1,0,0,0,0,0,0,0,0,4,0,0,0,0,11,0,0,0,0,0,0
Skin.241,263,0,0,0,0,0,0,0,0,0,0,3,0,0,0,0,1,0,0,14,0,0,0,0,0,0,0,0,0,0,0,3,0,0,0,0,0,0,3,0,0,0,0,46,0,0,0,0,1,0
Skin.242,5,0,0,0,0,0,0,0,0,0,0,98,0,0,0,0,0,0,0,23,0,0,0,0,0,0,0,0,0,0,0,0,0,0,0,0,0,0,0,0,0,0,0,34,0,0,0,0,0,0
Skin.243,19,0,0,0,0,0,0,0,0,0,0,130,0,0,0,0,0,0,0,42,0,0,0,0,0,0,0,0,0,0,0,0,0,0,0,0,0,0,0,0,0,0,0,219,0,0,0,0,0,0
Skin.244,1595,0,0,0,0,0,0,0,0,0,0,7,0,0,1,0,0,0,0,2,0,0,0,0,0,0,0,0,0,1,0,0,0,0,0,0,0,0,10,0,0,0,0,7,0,0,0,0,0,0
Hair.10,1205,0,0,0,0,0,0,0,0,0,0,43,0,0,1,0,0,0,0,5,0,0,0,1,0,0,1,0,0,0,0,0,0,0,0,0,0,0,14,0,0,0,0,175,0,0,0,0,0,0
Skin.246,1233,0,0,0,0,0,0,0,0,0,0,19,0,0,7,0,2,0,0,21,0,0,0,2,0,0,6,0,0,3,0,1,2,0,0,2,1,0,28,0,0,0,0,35,0,0,0,0,2,0
Skin.247,1160,0,0,0,0,0,0,0,0,0,0,16,1,0,4,0,0,0,0,15,0,0,0,4,0,2,6,0,0,8,0,0,1,0,0,0,1,0,21,0,0,0,0,50,3,0,0,0,0,0
Skin.248,56,0,0,0,0,0,0,0,0,0,0,33,0,0,0,0,0,0,0,59,7,0,0,0,0,0,0,0,0,0,3,0,0,0,0,0,0,0,2,0,0,0,0,208,0,0,0,0,0,0
Skin.249,50,0,0,0,0,0,0,0,0,0,0,19,0,1,0,0,0,0,0,30,3,0,0,0,0,0,0,1,0,0,0,0,0,0,0,0,0,0,0,0,0,0,0,63,0,0,0,0,0,0
Oral Cavity.30,0,0,0,0,3,0,0,0,1,0,0,0,0,0,0,0,0,0,0,0,0,0,0,3,0,1,0,0,0,11,0,0,1,0,0,3,0,0,0,0,9,0,0,0,1,0,0,0,2,0
Skin.250,67,0,0,0,0,0,0,0,0,0,0,1,0,0,0,0,0,0,0,81,0,0,0,0,0,0,52,0,0,0,0,0,0,0,0,0,0,0,0,0,0,0,0,0,0,0,0,0,0,0
Skin.251,1477,0,0,0,0,0,0,0,0,0,0,5,0,0,0,0,0,0,0,5,0,0,0,0,0,0,0,0,0,0,0,0,0,0,0,0,1,0,22,0,0,0,0,3,0,0,0,0,0,0
Nostril.30,305,0,0,0,0,0,0,1,1,0,0,3,0,0,6,0,0,0,0,38,0,0,0,0,0,0,6,0,0,0,0,0,0,0,0,0,0,0,4,0,0,0,0,2,0,0,0,0,0,0
Nostril.31,523,0,0,0,0,0,0,5,0,0,0,16,0,0,28,0,0,0,0,126,0,0,0,0,0,0,9,0,0,0,0,0,0,0,0,0,3,0,4,0,0,0,0,4,0,0,0,0,0,0
Skin.252,742,0,0,0,0,0,0,0,0,0,0,31,0,0,2,0,0,0,0,7,0,0,0,0,0,0,1,0,0,0,0,2,0,0,0,0,0,0,2,0,1,0,0,38,0,0,0,0,0,0
Skin.253,747,0,0,0,0,0,0,0,0,0,0,102,0,0,0,0,0,0,0,4,0,0,0,0,0,0,1,0,0,0,0,39,0,0,0,0,0,0,1,0,0,0,0,15,0,0,0,0,0,0
Skin.254,687,0,0,0,0,0,0,0,0,0,0,11,0,0,2,0,0,0,0,17,0,0,0,0,0,0,0,0,0,0,0,0,0,0,0,0,0,0,9,0,0,0,0,32,1,0,0,0,0,0
Skin.255,556,0,0,0,0,0,0,0,1,0,0,8,0,0,2,0,0,0,0,7,0,0,0,3,0,3,0,0,1,3,0,0,1,0,0,0,0,0,11,0,1,0,0,9,1,0,1,0,0,0
Oral Cavity.31,0,4,0,0,16,0,0,0,20,0,2,0,1,0,0,6,0,0,1,0,0,0,0,18,0,2,0,0,0,64,0,0,9,0,0,1,0,6,0,0,14,0,0,0,2,0,4,0,9,0
Skin.256,4,0,0,0,0,0,0,0,0,0,0,13,0,0,0,0,0,0,0,90,0,0,0,0,0,0,20,0,0,0,0,0,0,0,0,0,0,0,0,0,0,0,0,7,0,0,0,0,0,0
Skin.257,3,0,0,0,0,0,0,0,0,0,0,62,0,0,4,0,1,0,0,17,0,0,0,0,0,0,3,0,0,0,0,0,0,0,0,0,0,0,0,0,0,0,0,7,0,0,0,0,0,0
External Auditory Canal.30,217,0,0,0,0,4,0,0,0,0,0,72,0,0,0,0,445,0,0,3,0,0,0,0,0,0,0,0,1,0,0,429,0,0,0,0,0,0,0,0,0,0,0,1,0,0,0,0,0,0
External Auditory Canal.31,58,0,0,0,0,1,0,0,0,0,0,8,0,0,0,0,154,0,0,5,0,0,0,0,0,0,0,0,2,0,0,916,0,0,0,0,0,0,0,0,0,0,0,0,0,0,0,0,0,0
Feces.32,0,0,8,5,0,0,1,0,0,115,0,0,0,32,0,0,0,4,0,0,31,0,0,0,0,0,0,50,0,0,6,0,0,0,13,0,0,0,0,9,0,0,1,0,0,10,0,2,0,5
Feces.33,0,0,5,7,0,0,10,0,0,75,0,0,0,40,0,0,0,2,0,0,58,0,0,0,0,0,0,23,0,0,18,0,0,0,55,0,0,0,0,6,0,0,5,0,0,9,0,4,0,3
Skin.258,460,0,0,0,0,0,0,0,0,0,0,19,0,0,0,0,0,0,0,31,0,0,0,0,0,0,0,0,0,1,0,0,0,0,0,0,0,0,7,0,0,0,0,17,0,0,0,0,0,0
Skin.259,220,0,0,0,0,0,0,0,0,0,0,8,0,0,0,0,0,0,0,34,0,0,0,0,0,0,0,0,0,0,0,1,0,0,0,0,0,0,0,0,0,0,0,40,0,0,0,0,0,0
Skin.260,14,0,0,0,0,0,0,0,0,0,0,120,0,0,0,0,0,0,0,11,0,0,0,0,0,0,0,0,0,0,0,0,0,0,0,0,0,0,1,0,0,0,0,104,0,0,0,0,0,0
Skin.261,13,0,0,0,0,0,0,0,0,0,0,107,0,0,0,0,0,0,0,16,0,0,0,0,0,0,0,0,0,0,0,0,0,0,0,0,0,0,0,0,0,0,0,165,0,0,0,0,0,0
Skin.262,956,0,0,0,0,0,0,0,0,0,0,4,0,0,1,0,0,0,1,1,0,0,0,0,0,0,0,0,0,0,0,0,0,0,0,0,0,0,0,0,0,0,0,31,0,0,0,0,0,0
Skin.263,0,0,0,0,0,0,0,0,0,0,0,0,0,0,0,0,0,0,0,1,0,0,0,0,0,0,0,0,0,0,0,0,0,0,0,0,0,0,0,0,0,0,0,0,0,0,0,0,0,0
Hair.11,767,0,0,0,0,0,0,0,0,0,0,56,0,0,1,0,0,0,0,5,0,0,0,0,0,1,0,0,0,0,0,0,0,0,0,0,0,0,8,0,0,0,0,122,0,0,0,0,0,0
Skin.264,399,0,0,0,1,0,0,0,0,0,0,3,0,0,6,0,0,0,0,15,0,0,0,0,0,0,6,0,0,0,0,0,0,0,0,0,0,0,2,0,1,0,0,261,0,0,0,0,0,0
Skin.265,517,0,0,0,0,0,0,0,0,0,0,3,0,0,0,0,0,0,1,9,0,0,0,1,0,0,0,0,0,0,0,0,0,0,0,0,0,0,2,0,0,0,0,58,0,0,0,0,0,0
Skin.266,26,0,0,0,0,0,0,0,0,0,0,20,0,0,0,0,0,0,0,34,0,0,0,0,0,0,1,0,0,0,0,1,0,0,0,0,0,0,0,0,0,0,0,4,0,0,0,0,0,0
Skin.267,60,0,0,0,0,0,0,0,0,0,0,7,0,0,4,0,0,0,0,16,0,0,0,0,0,0,0,0,0,0,0,0,0,0,1,0,0,0,2,0,0,0,0,10,0,0,0,0,0,0
Oral Cavity.32,0,0,0,0,4,0,0,0,5,0,1,0,1,0,0,2,0,0,2,0,0,0,0,2,0,2,0,0,0,11,0,0,2,0,0,3,0,1,0,0,3,0,0,2,1,0,1,0,4,0
Skin.268,1237,0,0,0,0,0,0,0,0,0,0,7,0,0,0,0,0,0,0,8,0,0,0,0,0,0,0,0,0,0,0,0,0,0,0,0,0,0,3,0,0,0,0,30,0,0,0,0,0,0
Nostril.32,502,0,0,0,0,0,0,3,0,0,0,15,0,0,41,0,0,0,0,69,0,0,0,0,0,0,11,0,0,0,0,0,0,0,0,0,2,0,10,0,0,0,0,21,0,0,0,0,0,0
Nostril.33,501,0,0,0,0,0,0,0,0,0,0,19,0,0,47,0,0,0,0,69,0,0,0,0,0,0,7,0,0,1,0,0,0,0,0,0,3,0,6,0,0,0,0,23,0,0,0,0,0,0
Skin.269,438,0,0,0,0,0,0,1,0,0,0,413,0,0,0,0,11,0,0,11,0,0,0,0,0,0,0,0,0,0,0,10,0,0,0,0,0,0,1,0,0,0,0,126,0,0,0,0,0,0
Skin.270,365,0,0,0,0,0,0,0,0,0,0,33,0,0,0,0,0,0,0,3,0,0,0,0,0,0,0,0,0,0,0,4,0,0,0,0,0,0,0,0,0,0,0,52,0,0,0,0,0,0
Skin.271,142,0,0,0,0,0,0,0,0,0,0,11,0,0,1,0,0,0,0,6,0,0,0,0,0,0,0,0,0,0,0,0,0,0,0,0,0,0,3,0,0,0,0,180,0,0,0,0,0,0
Skin.272,210,0,0,0,0,0,0,0,0,0,0,7,0,0,6,0,0,0,0,5,0,0,0,1,0,0,2,0,0,0,0,1,0,0,1,0,1,0,1,0,0,0,0,42,0,0,0,0,0,0
Oral Cavity.33,0,0,0,0,12,0,0,0,10,0,1,0,5,0,0,1,0,0,1,0,0,3,0,13,0,1,0,0,0,31,0,0,1,0,0,4,0,1,0,0,12,0,0,0,2,0,2,0,5,0
External Auditory Canal.32,29,0,0,0,0,8,0,0,0,0,0,8,0,0,0,0,323,0,0,1,0,0,0,0,0,0,0,0,1,0,0,584,0,0,0,0,0,0,0,0,0,0,0,0,0,0,0,0,0,0
Feces.34,0,0,11,0,0,0,7,0,0,35,0,0,0,68,0,0,0,3,0,0,44,0,0,0,0,0,0,33,0,0,8,0,0,2,92,0,0,0,0,19,0,0,3,0,0,9,0,2,0,2
Skin.273,18,0,0,0,0,0,0,0,0,0,0,273,0,0,0,0,0,0,0,20,0,0,0,0,0,0,0,0,0,0,0,0,0,0,0,0,0,0,0,0,0,0,0,11,0,0,0,0,0,0
Skin.274,13,0,0,0,0,0,0,0,0,0,0,295,0,0,0,0,0,0,0,8,0,0,0,0,0,0,0,0,0,0,0,0,0,0,2,0,0,0,0,0,0,0,0,0,0,0,0,0,0,0
Skin.275,719,0,0,0,0,0,0,0,0,0,0,121,0,0,1,0,1,0,0,6,1,0,0,0,0,0,0,0,0,1,0,1,0,0,0,0,0,0,2,0,0,0,0,2,1,0,0,0,0,0
Skin.276,85,0,0,0,0,0,0,0,0,1,0,16,0,0,0,0,0,0,0,104,1,0,0,0,0,1,3,0,0,0,0,1,0,0,1,0,0,0,1,1,0,0,0,1,0,0,0,0,0,0
Nostril.34,212,0,0,0,0,0,0,5,0,0,0,67,0,0,55,0,0,0,0,217,0,0,0,0,0,0,15,0,0,0,0,0,0,0,0,0,4,0,12,0,0,0,0,2,0,0,0,0,0,0
Skin.277,542,0,0,0,0,0,0,0,0,0,0,23,0,0,2,0,0,0,0,29,0,0,0,0,0,0,0,0,0,1,1,0,0,0,0,0,0,0,4,0,0,0,0,3,0,0,0,0,0,0
Skin.278,589,0,0,0,0,0,0,0,0,0,0,25,0,0,0,0,0,0,0,33,0,0,0,0,0,3,1,0,0,0,0,0,0,0,0,0,0,0,15,0,0,0,0,6,0,0,0,0,0,0
Oral Cavity.34,0,4,0,0,25,0,0,0,5,0,3,0,7,0,0,2,0,0,18,0,0,1,0,9,0,1,0,0,0,90,0,0,4,0,0,0,0,2,0,0,4,0,0,0,41,0,2,0,6,0
External Auditory Canal.33,62,0,0,0,0,7,0,0,0,0,0,8,0,0,0,0,284,0,0,5,0,0,0,0,0,0,0,0,1,0,0,831,0,0,0,0,0,0,0,0,0,0,0,0,0,0,0,0,0,0
Skin.279,14,0,1,0,0,0,0,0,0,0,0,345,0,0,0,0,1,0,0,29,0,0,0,0,0,0,0,0,0,0,0,0,0,0,1,0,0,0,0,2,0,0,0,1,0,0,0,0,0,0
Skin.280,6,0,0,0,0,0,0,0,0,0,0,376,0,3,1,0,0,0,0,12,0,0,0,0,0,0,0,0,0,0,0,0,0,0,3,0,0,0,0,0,0,0,0,0,0,0,0,0,0,0
Skin.281,898,0,0,0,0,0,0,0,0,0,0,73,0,0,1,0,0,0,0,16,0,0,0,0,0,0,0,0,0,0,0,0,0,0,0,0,0,0,6,0,0,0,0,0,0,0,0,0,0,0
Skin.282,38,0,0,0,0,0,0,0,0,4,0,9,0,2,0,0,0,0,0,55,1,0,0,0,0,0,0,0,0,0,0,0,0,0,3,0,0,0,0,1,0,0,0,0,0,0,0,0,0,0
Nostril.35,324,0,0,0,0,0,0,12,0,0,0,76,0,0,22,0,0,0,0,281,0,0,0,0,0,0,2,0,0,0,0,0,0,0,0,0,3,0,1,0,0,0,0,2,0,0,0,0,0,0
Skin.283,557,0,0,0,0,0,0,0,0,0,0,43,0,3,6,0,0,0,0,39,0,0,0,0,0,1,0,0,0,1,1,1,0,0,0,0,0,0,10,0,0,0,0,0,0,0,0,0,0,0
Skin.284,417,0,0,0,0,0,0,0,0,0,0,31,0,0,2,0,0,0,0,26,0,0,0,0,0,0,0,1,0,0,0,0,0,0,0,0,0,0,1,0,0,0,0,13,0,0,0,0,0,0
Oral Cavity.35,0,5,0,0,9,0,0,0,5,0,4,0,6,0,0,7,0,0,46,0,0,8,0,19,0,6,0,0,0,134,0,0,6,0,0,0,0,2,0,0,4,0,0,0,62,0,2,0,4,0
Skin.285,6,0,0,0,0,0,0,0,0,0,0,0,0,0,5,0,0,0,0,15,0,0,0,0,0,0,5,0,0,0,0,0,0,0,0,0,0,0,0,0,0,0,0,0,0,0,0,0,0,0
Skin.286,1,0,0,0,0,0,0,0,0,0,0,0,0,0,3,0,0,0,0,26,0,0,0,0,0,0,1,0,0,0,0,0,0,0,0,0,0,0,0,0,0,0,0,2,0,0,0,0,0,0
External Auditory Canal.34,21,0,0,0,0,6,0,0,0,0,0,8,0,0,0,0,578,0,0,0,0,0,17,0,0,0,0,0,0,0,0,584,0,0,0,0,0,0,0,0,0,1029,0,1,0,0,0,0,0,0
External Auditory Canal.35,167,0,0,0,0,2,0,0,0,0,0,46,0,0,0,0,589,0,0,2,0,0,14,0,0,0,0,0,0,0,0,670,0,0,0,0,0,0,0,2,0,910,0,0,0,0,0,0,0,0
Feces.35,0,0,3,4,0,0,0,0,0,61,0,0,0,26,0,0,0,2,0,0,7,0,0,0,12,0,0,9,0,0,0,0,0,2,27,0,0,0,0,0,0,0,1,0,0,0,0,0,1,9
Feces.36,0,0,5,2,0,0,4,0,0,35,0,0,0,18,0,0,0,1,0,0,58,0,0,0,10,1,0,11,0,0,12,0,0,0,125,0,0,0,0,0,0,0,1,0,0,0,0,0,0,4
Skin.287,238,0,0,0,0,0,0,0,0,0,0,6,0,0,2,0,0,0,0,4,0,0,0,0,0,0,2,0,0,0,0,0,1,0,0,0,0,0,13,0,0,0,0,66,0,0,0,0,0,0
Skin.288,239,0,0,0,0,0,0,2,0,0,0,5,0,0,2,0,0,0,0,7,0,0,0,0,0,0,2,0,0,1,0,2,0,0,0,0,0,0,15,0,0,0,0,166,0,0,0,0,1,0
Skin.289,1,0,0,0,0,0,0,0,0,0,0,13,0,0,0,0,0,0,0,96,0,0,0,0,0,0,0,0,0,0,0,0,0,0,0,0,0,0,0,0,0,0,0,1,0,0,0,0,0,0
Skin.290,0,0,0,0,0,0,0,0,0,0,0,2,0,0,0,0,0,0,0,138,0,0,0,0,0,0,0,0,0,0,0,0,0,0,0,0,0,0,0,0,0,0,0,5,0,0,0,0,0,0
Skin.291,1041,0,0,0,0,0,0,0,0,0,0,4,0,0,2,0,1,0,0,4,0,0,0,0,0,1,2,0,0,4,0,2,1,0,0,0,0,0,16,0,0,1,0,9,0,0,0,0,0,0
Skin.292,52,0,0,0,0,0,0,0,0,0,0,8,0,0,4,0,0,0,0,37,0,0,0,0,0,0,0,0,0,0,0,0,0,0,0,0,0,0,0,0,0,0,0,0,0,0,0,0,0,0
Hair.12,439,0,0,0,0,0,0,0,0,0,0,10,0,0,1,0,2,0,0,4,0,0,0,0,0,0,0,0,0,0,0,0,0,0,0,0,0,0,19,0,0,0,0,84,0,0,0,0,0,0
Skin.293,117,0,0,0,4,0,0,0,0,0,0,2,0,0,3,0,0,0,0,5,0,0,0,0,0,2,0,0,0,20,0,0,6,0,0,0,0,1,3,0,0,0,0,5,0,0,3,0,6,0
Skin.294,232,0,0,0,0,0,0,0,0,0,0,7,0,0,3,0,0,0,0,5,1,0,0,0,0,0,2,0,0,1,1,1,0,0,0,0,0,0,17,0,0,0,0,42,0,0,0,0,0,0
Skin.295,82,0,0,0,0,0,0,0,0,0,0,19,0,0,0,0,0,0,0,53,0,0,0,0,0,0,3,0,0,0,0,0,0,0,1,0,0,0,3,0,0,0,0,58,0,0,7,0,0,0
Skin.296,84,0,0,0,0,0,0,0,0,0,0,22,0,0,11,0,0,0,0,30,2,0,0,1,2,0,10,0,0,0,0,0,0,0,1,0,0,0,1,0,0,0,0,119,0,0,0,0,0,0
Oral Cavity.36,0,1,0,0,2,0,0,0,5,0,2,0,0,0,0,2,0,0,5,0,0,1,0,0,0,2,0,0,0,46,0,0,15,0,0,2,0,2,0,0,0,0,0,0,1,0,2,0,18,0
Skin.297,47,0,0,0,0,0,0,0,0,0,0,0,0,0,3,0,0,0,0,2,0,0,0,0,0,0,3,0,0,0,0,0,0,0,0,0,0,0,5,0,0,0,0,1,0,0,0,0,0,0
Skin.298,723,0,0,0,0,0,0,0,0,0,0,6,0,0,18,0,0,0,0,9,0,0,0,0,0,0,2,0,0,1,0,0,0,0,0,0,0,0,23,0,0,0,0,16,0,0,0,0,0,0
Nostril.36,404,0,0,0,0,0,0,9,0,0,0,13,0,0,183,0,0,0,0,84,0,0,0,0,0,0,52,0,0,2,0,0,0,0,0,0,4,0,20,0,0,0,0,0,0,0,0,0,0,0
Nostril.37,218,0,0,0,0,0,0,2,0,0,0,15,0,0,75,0,1,0,0,55,0,0,0,0,0,0,32,0,0,1,0,1,0,0,0,0,1,0,4,0,0,0,0,4,0,0,0,0,0,0
Skin.299,873,0,0,0,0,0,0,0,0,0,0,13,0,0,2,0,14,0,0,0,0,0,0,0,0,0,0,0,1,1,0,28,0,0,0,0,0,0,21,0,0,4,0,27,0,0,0,0,0,0
Skin.300,744,0,0,0,0,0,0,0,0,0,0,105,0,0,0,0,8,0,0,4,0,0,0,0,0,0,0,0,0,0,0,19,0,0,0,0,0,0,15,0,0,5,0,39,0,0,0,0,0,0
Skin.301,758,0,0,0,1,0,0,0,1,0,0,16,0,0,9,0,0,0,0,8,1,0,0,0,0,0,4,0,0,6,0,0,1,0,0,0,0,0,72,0,0,1,0,184,0,0,1,0,0,0
Skin.302,414,0,0,0,0,0,0,0,1,0,0,9,0,0,2,0,2,0,0,9,0,0,0,1,0,0,4,0,0,2,0,0,2,0,0,0,0,0,44,0,0,0,0,112,0,0,2,0,0,0
Oral Cavity.37,0,6,0,0,23,0,0,0,14,0,7,0,2,0,0,5,0,0,12,0,0,4,0,9,0,3,0,0,0,127,0,0,57,0,0,11,0,6,0,0,0,0,0,0,1,0,14,0,63,0
Skin.303,8,0,0,0,0,0,0,0,0,0,0,0,0,0,19,0,0,0,0,41,0,0,0,0,0,0,8,0,0,0,0,0,0,0,0,0,0,0,9,0,0,0,0,0,0,0,0,0,0,0
Skin.304,2,0,0,0,0,0,0,0,0,0,0,0,0,0,5,0,0,0,0,12,0,0,0,0,0,0,2,0,0,0,0,0,0,0,0,0,0,0,0,0,0,0,0,2,0,0,0,0,0,0
External Auditory Canal.36,49,0,0,0,0,1,0,0,0,0,0,15,0,0,0,0,245,0,0,0,0,0,9,0,0,0,0,0,0,0,0,402,0,0,0,0,0,0,2,0,0,880,0,5,0,0,0,0,0,0
External Auditory Canal.37,267,0,0,0,0,3,0,0,0,1,0,49,0,0,0,0,147,0,0,0,1,0,3,0,0,0,0,0,4,0,0,254,0,0,0,0,0,0,1,0,0,286,0,0,0,0,0,0,0,0
Feces.37,0,0,4,0,0,0,0,0,0,10,0,0,0,13,0,0,0,0,0,0,1,0,0,0,3,0,0,2,0,0,0,0,0,0,4,0,0,0,0,0,0,0,0,0,0,0,0,0,0,1
Feces.38,0,0,8,1,0,0,1,0,0,37,0,0,0,28,0,0,0,3,0,0,14,0,0,0,19,0,0,7,0,0,1,0,0,2,71,0,0,0,0,0,0,0,5,0,0,0,0,1,0,2
Skin.305,347,0,0,0,0,0,0,0,0,0,0,8,0,0,1,1,0,0,0,7,1,0,0,0,0,0,5,0,0,2,0,0,0,0,0,0,0,0,16,0,0,0,0,117,0,0,0,0,1,0
Skin.306,175,0,0,0,0,0,0,0,0,0,0,6,0,0,1,0,0,0,0,4,0,0,0,0,0,0,1,0,0,2,0,0,0,0,0,0,0,0,13,0,0,0,0,124,0,0,0,0,0,0
Skin.307,0,0,0,0,0,0,0,0,0,0,0,4,0,0,0,0,0,0,0,47,0,0,0,0,0,0,0,0,0,0,0,0,0,0,0,0,0,0,1,0,0,0,0,117,0,0,0,0,0,0
Skin.308,1,0,0,0,0,0,0,0,0,0,0,0,0,0,0,0,0,0,0,57,0,0,0,0,0,0,0,0,0,0,0,0,0,0,0,0,0,0,0,0,0,0,0,26,0,0,0,0,0,0
Skin.309,1174,0,0,0,0,0,0,1,0,0,0,3,0,0,12,0,0,0,0,10,0,0,0,0,0,0,4,0,0,1,0,8,0,0,0,0,0,0,40,0,0,2,0,22,0,0,0,0,0,0
Skin.310,402,0,0,0,0,0,0,0,0,2,0,6,0,0,5,0,1,0,0,38,0,0,0,0,0,0,4,0,0,0,0,0,0,0,0,0,0,0,5,0,0,0,0,13,0,0,0,0,0,0
Hair.13,717,0,0,0,0,0,0,1,0,0,0,5,0,0,2,0,0,0,0,2,0,0,0,0,0,0,3,0,0,0,0,0,0,0,0,0,0,0,11,0,0,0,0,363,0,0,0,0,0,0
Skin.311,629,0,0,0,0,0,0,0,0,0,0,2,1,0,9,0,1,0,1,17,0,0,0,0,0,3,6,0,0,9,0,2,3,0,0,1,0,1,25,0,0,0,0,33,0,0,0,0,3,0
Skin.312,169,0,0,0,0,0,0,0,0,0,0,4,0,0,0,0,0,0,1,1,0,0,0,0,0,1,0,0,0,0,0,0,0,0,0,0,0,0,11,0,0,0,0,89,0,0,0,0,0,0
Skin.313,158,0,0,0,0,0,0,0,0,1,0,9,0,0,3,0,0,0,0,13,1,0,0,0,0,0,0,0,0,0,0,1,0,0,1,0,0,0,9,0,0,0,0,159,0,0,0,0,0,0
Skin.314,125,0,0,0,0,0,0,0,0,1,0,3,0,1,4,0,0,0,0,16,1,0,0,0,0,0,1,0,0,2,0,0,0,0,4,0,0,0,10,0,0,0,0,17,0,0,0,1,0,0
Oral Cavity.38,0,11,0,0,10,0,0,0,14,0,12,0,1,0,0,9,0,0,13,0,0,1,0,3,0,6,0,0,0,117,0,0,76,0,0,10,0,5,0,0,2,0,0,0,1,0,7,0,61,0
Skin.315,27,0,0,0,0,0,0,0,0,0,0,2,0,0,0,0,0,0,0,3,0,0,0,0,0,0,1,0,0,0,0,0,0,0,0,0,0,0,2,0,0,0,0,1,0,0,0,0,0,0
Skin.316,613,0,0,0,0,0,0,1,0,0,0,3,0,0,7,0,0,0,0,3,0,0,0,0,0,0,2,0,0,0,0,0,0,0,0,0,0,0,13,0,1,0,0,12,0,0,0,0,1,0
Nostril.38,313,0,0,0,0,0,0,2,0,0,0,0,0,0,50,0,0,0,0,38,0,0,0,0,0,1,11,0,0,0,0,0,0,0,0,0,0,0,10,0,0,0,0,0,0,0,0,0,0,0
Nostril.39,216,0,0,0,0,0,0,3,0,0,0,0,0,0,50,0,0,0,0,22,0,0,0,0,0,0,17,0,0,0,0,0,0,0,0,0,1,0,1,0,0,0,0,4,0,0,0,0,0,0
Skin.317,710,0,0,0,0,0,0,0,0,0,0,39,0,0,5,0,21,0,0,3,0,0,0,0,0,4,3,0,1,0,0,45,0,0,0,0,0,0,8,0,0,16,0,26,0,0,0,0,0,0
Skin.318,1090,0,0,0,0,0,0,0,0,0,0,59,0,0,0,0,14,0,0,1,0,0,0,0,0,0,2,0,1,0,0,108,0,0,0,0,0,0,8,0,0,17,0,2,0,0,0,0,1,0
Skin.319,462,0,0,0,0,0,0,0,1,0,0,9,0,0,4,0,1,0,0,3,0,0,0,0,0,0,3,0,1,0,0,3,0,0,0,0,0,0,34,0,1,0,0,98,1,0,0,0,0,0
Skin.320,207,0,0,0,0,0,0,0,0,0,0,5,0,0,4,0,1,0,0,3,0,0,0,0,0,0,3,0,0,0,0,0,0,0,0,0,0,0,28,0,0,0,0,175,0,0,0,0,0,0
Oral Cavity.39,0,11,0,0,4,0,0,0,8,0,8,0,1,0,0,5,0,0,5,0,0,0,0,1,0,2,0,0,0,106,0,0,42,0,0,3,0,4,0,0,1,0,0,0,2,0,4,0,104,0
External Auditory Canal.38,65,0,0,0,0,11,0,0,0,0,0,0,0,0,0,0,310,0,0,2,0,0,2,0,0,0,0,0,2,0,0,627,0,0,0,0,0,0,1,0,0,701,0,0,0,0,0,0,0,0
Feces.39,0,0,2,2,0,0,4,0,0,110,0,0,0,17,0,0,0,1,0,0,41,0,0,0,5,0,0,2,0,0,4,0,0,0,89,0,0,0,0,0,0,0,8,0,0,0,0,0,0,2
Skin.321,13,0,0,0,0,0,0,0,0,0,0,79,0,0,0,0,0,0,0,42,0,0,0,0,0,0,0,0,0,0,0,0,0,0,0,0,0,0,0,0,0,0,0,6,0,0,0,0,0,0
Skin.322,5,0,0,0,0,0,0,0,0,0,0,119,0,0,0,0,0,0,0,13,0,0,0,0,0,0,0,0,0,0,0,0,0,0,0,0,0,0,1,0,0,0,0,12,0,0,0,0,0,0
Skin.323,965,0,0,0,0,0,0,0,0,0,0,53,0,0,1,0,0,0,0,13,0,0,0,0,0,0,2,0,0,3,0,0,2,0,1,0,1,0,66,0,0,0,0,2,0,0,2,0,0,0
Skin.324,81,0,0,0,0,0,0,0,0,0,0,84,0,0,1,0,0,0,0,21,0,0,0,0,0,0,0,0,0,0,0,2,0,0,0,0,0,0,0,0,0,1,0,2,0,0,0,0,0,0
Nostril.40,391,0,0,0,1,0,0,7,0,0,0,133,0,0,106,0,1,0,0,103,1,0,0,0,0,0,33,0,0,2,0,0,0,0,0,0,1,0,31,0,0,0,0,2,0,0,0,0,0,0
Skin.325,387,0,0,0,0,0,0,0,0,0,0,28,0,0,3,0,14,0,0,16,0,0,0,0,0,1,2,0,0,3,0,27,1,0,1,0,0,1,66,0,0,3,0,23,1,0,0,0,0,0
Skin.326,292,0,0,0,2,0,0,0,0,0,0,19,0,0,2,0,0,0,0,13,0,0,0,0,0,2,0,0,0,9,0,2,0,0,0,0,0,0,46,0,0,0,0,6,1,0,2,0,0,0
Oral Cavity.40,0,6,0,0,15,0,0,0,12,0,6,0,0,0,0,8,0,0,9,0,0,4,0,3,0,13,0,0,0,228,0,0,16,0,0,4,0,10,0,0,0,0,0,0,4,0,5,0,22,0
External Auditory Canal.39,181,0,0,0,0,3,0,0,0,0,0,3,0,0,2,0,178,0,0,25,0,0,7,0,0,0,2,0,3,0,0,410,0,0,0,0,0,0,7,0,0,610,0,0,0,0,0,0,0,0
Feces.40,0,0,3,1,0,0,7,0,0,67,0,0,0,35,0,0,0,3,0,1,28,0,0,0,9,0,1,3,0,0,12,0,0,1,73,0,0,0,0,0,0,0,4,0,0,0,0,0,0,3
Skin.327,3,0,0,0,0,0,0,0,0,0,0,39,0,0,0,0,0,0,0,8,0,0,0,0,0,0,0,0,0,0,0,0,0,0,0,0,0,0,1,0,0,0,0,0,0,0,0,0,0,0
Skin.328,1,0,0,0,0,0,0,0,0,0,0,123,0,0,0,0,0,0,0,9,0,0,0,0,0,0,0,0,0,0,0,0,0,0,0,0,0,0,0,0,0,0,0,1,0,0,0,0,0,0
Skin.329,904,0,0,0,0,0,0,0,0,0,0,46,0,0,4,0,0,0,0,11,0,0,0,0,0,0,3,0,0,1,0,1,0,0,0,0,0,0,42,0,0,1,0,1,0,0,0,0,0,0
Skin.330,80,0,0,0,1,0,0,0,0,1,0,34,0,0,0,0,0,0,0,55,4,0,0,0,0,0,4,0,0,2,1,0,0,0,4,0,0,0,7,0,0,1,0,7,0,0,0,0,0,0
Nostril.41,175,0,0,0,0,0,0,6,1,0,0,129,0,0,112,0,0,0,0,99,0,0,0,1,0,0,28,0,0,0,0,1,1,0,0,0,3,0,12,0,0,1,0,3,0,0,0,0,0,0
Skin.331,419,1,0,0,1,0,0,1,1,0,1,21,0,0,0,0,2,0,0,11,0,0,0,0,0,2,6,0,0,7,0,6,1,0,0,0,0,0,101,0,0,1,0,13,0,0,0,0,0,0
Skin.332,467,0,0,0,1,0,0,0,1,0,0,20,0,0,2,0,1,0,1,5,0,0,0,0,0,0,4,0,0,3,0,3,1,0,0,0,0,0,158,0,0,0,0,1,0,0,0,0,0,0
Oral Cavity.41,0,3,0,0,8,0,0,0,48,0,9,0,1,0,0,3,0,0,38,0,0,1,0,3,0,6,0,0,0,238,0,0,14,0,0,2,0,29,0,0,0,0,0,0,12,0,4,0,40,0
External Auditory Canal.40,283,0,0,0,0,6,0,0,0,0,0,150,0,0,1,0,561,0,0,2,0,0,0,0,0,0,0,0,0,0,0,0,0,0,0,0,0,0,0,0,0,0,0,0,0,0,0,0,0,0
Feces.41,0,0,0,0,0,0,9,0,0,156,0,0,0,0,0,0,0,10,0,0,41,0,0,0,0,0,0,9,0,0,26,0,0,0,43,0,0,0,0,1,0,0,10,0,0,0,0,0,0,0
Skin.333,24,0,0,0,0,0,0,0,0,0,0,86,0,0,0,0,1,0,0,57,0,0,0,0,0,0,2,0,0,0,0,0,1,0,0,0,0,0,0,0,0,2,0,57,0,0,0,0,1,0
Skin.334,34,0,0,0,0,0,0,0,0,0,0,45,0,0,0,0,1,0,1,43,1,0,0,0,0,0,0,0,0,3,0,1,0,0,0,0,1,0,0,0,0,0,0,28,0,0,0,0,0,0
Skin.335,942,0,0,0,0,0,0,0,0,0,0,90,0,0,0,0,25,0,0,10,0,0,0,0,0,0,0,0,0,0,0,0,0,0,0,0,0,0,3,0,0,0,0,9,0,0,0,0,0,0
Skin.336,131,0,0,0,0,0,0,0,0,2,0,19,0,0,2,0,4,0,0,97,2,0,0,0,0,0,10,0,0,1,0,0,0,0,0,0,0,0,1,0,0,0,0,0,0,0,0,0,0,0
Nostril.42,401,0,0,0,0,0,0,16,0,0,0,503,0,0,32,0,2,0,0,272,0,0,0,0,0,0,41,0,0,0,0,0,0,0,0,0,0,0,1,0,0,0,0,0,0,0,0,0,0,0
Skin.337,459,0,0,0,0,0,0,1,0,0,0,41,0,0,0,0,22,0,0,6,0,0,0,0,0,1,0,0,0,0,0,0,0,0,0,0,0,0,12,0,0,0,0,2,1,0,0,0,0,0
Skin.338,647,0,0,0,0,0,0,0,0,0,0,43,0,0,0,0,34,0,0,8,0,0,0,0,0,0,0,0,0,0,0,0,0,0,0,1,0,0,12,0,0,0,0,2,1,0,0,0,0,0
Oral Cavity.42,0,7,0,0,2,0,0,0,9,0,2,0,3,0,0,0,0,0,10,0,0,4,0,3,0,4,0,0,0,366,0,0,1,0,0,0,0,2,0,0,4,0,0,0,39,0,0,0,4,0
External Auditory Canal.41,237,0,0,0,0,8,0,0,0,0,0,216,0,0,0,0,461,0,0,0,0,0,0,0,0,0,0,0,0,0,0,0,0,0,0,0,0,0,0,0,0,0,0,0,0,0,0,0,0,0
Feces.42,0,0,5,0,0,0,6,0,0,135,0,0,0,0,0,0,0,5,0,0,63,0,0,0,0,0,0,16,0,0,30,0,0,0,60,0,0,0,0,0,0,0,11,0,0,0,0,0,0,2
Skin.339,25,0,0,0,0,0,0,0,0,0,0,238,0,0,0,0,0,0,0,50,0,0,0,0,0,0,0,1,0,0,2,0,0,0,3,0,0,0,0,0,0,0,1,3,0,0,0,0,0,0
Skin.340,38,0,0,0,0,0,0,0,0,0,0,204,0,0,0,0,1,0,0,82,1,0,0,0,0,0,0,0,0,0,2,0,0,0,1,0,0,0,0,0,0,0,1,51,0,0,0,0,0,0
Skin.341,1052,0,0,0,0,0,0,0,0,1,0,59,0,0,1,0,4,0,0,7,0,0,0,0,0,0,0,0,0,0,0,0,0,0,0,0,0,0,0,0,0,0,0,1,0,0,0,0,0,0
Skin.342,206,0,0,0,0,0,0,0,0,2,0,44,0,0,0,0,7,0,0,81,0,0,0,0,0,2,14,3,0,0,5,0,2,0,2,0,0,0,7,0,0,0,0,6,0,0,0,0,0,0
Nostril.43,203,0,0,0,0,0,0,16,0,0,0,331,0,0,43,0,0,0,0,166,0,0,0,0,0,0,56,0,0,0,0,0,0,0,0,0,4,0,3,0,0,0,0,1,0,0,0,0,0,0
Skin.343,448,0,1,0,0,0,0,1,0,0,0,36,0,0,0,0,16,0,0,149,0,0,0,0,0,1,0,0,0,0,0,0,0,0,0,0,0,0,6,0,0,0,1,15,3,0,0,0,0,0
Skin.344,315,0,0,0,0,0,0,0,1,0,0,16,0,0,1,0,1,0,3,8,0,2,0,1,0,3,0,0,0,2,0,0,0,0,0,0,0,0,4,0,2,0,0,1,5,0,1,0,1,0
Oral Cavity.43,0,2,0,0,8,0,0,0,6,0,1,0,2,0,0,1,0,0,7,0,0,1,0,7,0,17,0,0,0,239,0,0,3,0,0,0,0,0,0,0,2,0,0,0,76,0,6,0,1,0
External Auditory Canal.42,747,0,0,0,0,0,0,1,0,0,0,86,0,0,5,0,97,0,0,0,0,0,0,0,0,0,25,0,0,0,0,0,0,0,0,0,0,0,54,0,0,0,0,0,0,0,0,0,0,0
Feces.43,0,0,3,0,0,0,2,0,0,17,0,0,0,35,0,0,0,0,0,0,36,0,0,0,32,0,0,0,0,0,6,0,0,3,21,0,0,0,0,10,0,0,0,0,0,0,0,4,0,0
Skin.345,11,0,0,0,0,0,0,0,0,0,0,71,0,0,0,0,0,0,0,11,0,0,0,0,0,0,0,0,0,1,0,0,0,0,0,0,0,0,0,0,0,0,0,207,0,0,0,0,0,0
Skin.346,23,0,0,0,1,0,0,2,0,0,0,104,0,0,0,0,0,0,0,24,0,0,0,2,0,0,0,0,0,4,1,0,0,0,0,0,0,0,0,0,0,0,0,29,0,0,1,0,1,0
Skin.347,995,0,0,0,0,0,0,0,0,0,0,25,0,0,1,0,0,0,0,13,0,0,0,0,0,0,1,0,0,0,0,0,0,0,0,0,0,0,56,0,0,0,0,2,0,0,0,0,0,0
Skin.348,295,0,0,1,0,0,0,0,0,2,0,39,0,0,1,0,1,0,0,76,1,0,0,0,0,0,0,0,0,0,0,0,0,0,0,0,1,0,33,0,0,0,0,4,0,0,0,0,0,0
Nostril.44,223,0,0,0,0,0,0,22,0,0,0,29,0,0,124,0,0,0,0,219,0,0,0,0,0,0,51,0,0,2,0,0,0,0,0,0,7,0,53,0,0,0,0,0,0,0,0,0,0,0
Skin.349,357,0,0,0,0,0,0,1,0,0,0,25,0,0,2,1,0,0,0,40,0,0,0,0,0,0,1,0,0,0,0,0,0,0,0,0,0,0,14,0,0,0,0,1,0,0,0,0,0,0
Skin.350,550,0,0,0,0,0,0,2,0,0,0,39,0,0,1,0,0,0,0,15,0,0,0,0,0,0,1,1,0,0,0,0,0,0,0,0,0,0,35,0,0,0,0,3,1,0,0,0,0,0
Oral Cavity.44,0,7,0,0,11,0,0,0,23,0,5,0,2,0,0,5,0,0,4,0,0,7,0,4,0,13,0,0,0,195,0,0,15,0,0,9,0,7,0,0,2,0,0,0,2,0,7,0,7,0
External Auditory Canal.43,782,0,0,0,0,1,0,0,0,0,0,126,0,0,3,0,102,0,0,0,0,0,0,0,0,0,22,0,0,0,0,0,0,0,0,0,0,0,15,0,0,0,0,3,0,0,0,0,0,0
Feces.44,0,0,2,2,0,0,1,0,0,13,0,0,0,43,0,0,0,0,0,0,38,0,0,0,1,0,0,0,0,0,12,0,0,1,26,0,0,0,0,8,0,0,1,0,0,0,0,5,0,1
Skin.351,38,0,0,0,0,0,0,0,0,0,0,51,0,0,0,0,1,0,0,11,1,0,0,0,0,0,0,0,0,0,1,0,0,0,5,0,0,0,1,0,0,0,0,36,0,0,0,0,0,0
Skin.352,23,0,0,0,0,0,0,0,0,0,0,144,0,0,0,0,0,0,0,5,0,0,0,0,0,0,0,0,0,1,1,0,0,0,1,0,0,0,0,0,0,0,0,20,0,0,0,0,0,0
Skin.353,985,0,0,0,0,0,0,0,0,0,0,6,0,0,0,0,0,0,0,0,0,0,0,0,0,0,0,0,0,0,0,0,0,0,0,0,0,0,23,0,0,0,0,62,0,0,0,0,0,0
Skin.354,406,0,0,0,0,0,0,0,1,0,0,56,0,0,4,0,0,0,0,49,10,0,0,0,0,0,4,0,0,0,3,0,0,0,8,0,0,0,6,1,0,0,0,7,0,0,0,0,0,0
Nostril.45,209,0,0,0,0,0,0,38,0,0,0,54,0,0,103,0,0,0,0,432,0,0,0,0,0,0,40,0,0,0,0,0,0,0,0,0,6,0,49,0,0,0,0,1,0,0,0,0,0,0
Skin.355,644,0,0,0,0,0,0,0,1,0,0,27,0,0,1,0,0,0,0,22,0,0,0,0,0,0,0,0,0,2,0,0,1,0,0,0,0,0,10,0,0,0,0,33,0,0,0,0,0,0
Skin.356,674,0,0,0,0,0,0,0,0,0,0,29,0,0,0,0,0,0,0,13,1,0,0,0,0,0,0,0,0,1,0,0,0,0,0,0,1,0,8,0,1,0,0,61,0,0,0,0,0,0
Oral Cavity.45,0,2,0,0,16,0,0,0,3,0,0,0,1,0,0,6,0,0,0,0,0,10,0,5,0,28,0,0,0,51,0,0,2,0,0,18,0,3,0,0,0,0,0,0,1,0,18,0,0,0
