#SampleID,OTU_54,OTU_47,OTU_98,OTU_73,OTU_78,OTU_102,OTU_67,OTU_93,OTU_71,OTU_10,OTU_32,OTU_99,OTU_37,OTU_49,OTU_72,OTU_88,OTU_95,OTU_104,OTU_92,OTU_64,OTU_70,OTU_96,OTU_58,OTU_79,OTU_21,OTU_63,OTU_12,OTU_56,OTU_28,OTU_90,OTU_15,OTU_108,OTU_84,OTU_97,OTU_29,OTU_57,OTU_36,OTU_81,OTU_48,OTU_107,OTU_94,OTU_40,OTU_34,OTU_39,OTU_11,OTU_30,OTU_26,OTU_68,OTU_103,OTU_75
SKBTI.1189.1246772,0.026957637997432605,0.0,0.0,0.0,0.012836970474967908,0.0,0.0,0.0,0.0,0.0,0.0,0.0,0.0,0.002567394094993581,0.0,0.0,0.0,0.055198973042361994,0.0,0.0,0.0,0.0,0.0,0.0,0.003851091142490373,0.0,0.0012836970474967909,0.0,0.011553273427471115,0.0,0.14505776636713735,0.0,0.0,0.0,0.0051347881899871635,0.0,0.0,0.0,0.002567394094993581,0.0,0.026957637997432605,0.0,0.0012836970474967909,0.002567394094993581,0.002567394094993581,0.029525032092426188,0.010269576379974324,0.0,0.0,0.0012836970474967909
SKBTI.1127.1246735,0.044198895027624314,0.0,0.0,0.0,0.0,0.0027624309392265192,0.0,0.0,0.024861878453038676,0.0,0.0027624309392265192,0.0,0.0,0.0,0.0,0.0,0.008287292817679558,0.0,0.0027624309392265192,0.0,0.0,0.0,0.0,0.027624309392265192,0.0,0.0027624309392265192,0.0,0.0,0.0,0.03314917127071823,0.0,0.0,0.0,0.0027624309392265192,0.0,0.0027624309392265192,0.008287292817679558,0.0,0.0,0.0,0.0,0.0,0.0,0.0,0.0,0.0,0.0,0.0,0.0,0.0
SKBTI.1057.1247436,0.004405286343612335,0.0,0.0,0.0,0.00881057268722467,0.0,0.0,0.0,0.002202643171806168,0.022026431718061675,0.002202643171806168,0.0,0.0,0.0,0.0,0.0,0.0,0.0,0.0,0.004405286343612335,0.0,0.0,0.006607929515418502,0.0,0.022026431718061675,0.0,0.0,0.0,0.004405286343612335,0.0,0.0,0.0,0.0,0.0,0.002202643171806168,0.002202643171806168,0.0,0.004405286343612335,0.002202643171806168,0.002202643171806168,0.004405286343612335,0.0,0.0,0.004405286343612335,0.004405286343612335,0.00881057268722467,0.0,0.004405286343612335,0.0,0.006607929515418502
SKBTI.1235.1246803,0.04074702886247878,0.0,0.0,0.0,0.0,0.0,0.0,0.0,0.0,0.05093378607809848,0.001697792869269949,0.0,0.0,0.0,0.0,0.0,0.0,0.0,0.0,0.0,0.0,0.0,0.001697792869269949,0.0,0.0,0.0,0.0,0.03395585738539898,0.0,0.0,0.0967741935483871,0.001697792869269949,0.0,0.0,0.0,0.0,0.0,0.001697792869269949,0.0,0.001697792869269949,0.0,0.003395585738539898,0.0,0.003395585738539898,0.001697792869269949,0.0,0.0,0.0,0.0,0.013582342954159592
SKBTI.1187.1246947,0.028895768833849332,0.0,0.0,0.0,0.0,0.0,0.0,0.0,0.0,0.0020639834881320948,0.0,0.0,0.016511867905056758,0.0,0.0,0.0,0.016511867905056758,0.0,0.0,0.0020639834881320948,0.0041279669762641896,0.0,0.0,0.0,0.0010319917440660474,0.0,0.0,0.0010319917440660474,0.0,0.0,0.09494324045407636,0.0,0.0020639834881320948,0.0,0.0,0.0,0.0051599587203302365,0.0041279669762641896,0.0051599587203302365,0.0010319917440660474,0.0,0.0010319917440660474,0.0,0.0020639834881320948,0.0,0.0,0.0020639834881320948,0.0,0.0010319917440660474,0.0010319917440660474
SKBTI.1075.1246420,0.017751479289940832,0.0,0.0,0.0,0.0,0.0,0.0,0.0,0.005917159763313609,0.0,0.0,0.0,0.0,0.0,0.0,0.0,0.0,0.15976331360946747,0.0,0.0,0.0,0.0,0.0,0.0,0.0,0.005917159763313609,0.0,0.0,0.0,0.0,0.05325443786982249,0.005917159763313609,0.0,0.0,0.0,0.0,0.0,0.0,0.005917159763313609,0.0,0.0,0.005917159763313609,0.0,0.005917159763313609,0.0,0.0,0.0,0.0,0.0,0.005917159763313609
SKBTI.1348.1247427,0.0,0.0,0.0,0.0,0.0,0.0,0.0,0.0,0.0,0.0,0.01327433628318584,0.0,0.0,0.0,0.0,0.0,0.0,0.0,0.0,0.0,0.0,0.035398230088495575,0.0,0.02212389380530973,0.0,0.0,0.0,0.0,0.0,0.0,0.0,0.02654867256637168,0.0,0.10619469026548672,0.0,0.0,0.004424778761061947,0.0,0.0,0.0,0.0,0.0,0.0,0.0,0.0,0.0,0.0,0.0,0.3230088495575221,0.0
SKBTI.0972.1247111,0.0088339222614841,0.00530035335689046,0.0,0.0,0.00706713780918728,0.0,0.0,0.0,0.0,0.05830388692579505,0.0,0.0,0.0,0.0,0.0,0.0,0.0,0.07597173144876325,0.0,0.00176678445229682,0.0,0.00176678445229682,0.0,0.0,0.0,0.00353356890459364,0.0,0.00176678445229682,0.00176678445229682,0.0,0.022968197879858657,0.0,0.0,0.00176678445229682,0.0,0.00176678445229682,0.00353356890459364,0.0,0.022968197879858657,0.0,0.0,0.0,0.0,0.0,0.0,0.0,0.0,0.012367491166077738,0.0,0.00176678445229682
SKBTI.1349.1246563,0.0077619663648124185,0.0,0.0,0.0,0.0,0.0,0.0,0.00129366106080207,0.0,0.0,0.0,0.0,0.0,0.0077619663648124185,0.0,0.0,0.0038809831824062092,0.0724450194049159,0.0,0.009055627425614488,0.0,0.0,0.00129366106080207,0.0,0.00129366106080207,0.00129366106080207,0.0,0.0,0.0077619663648124185,0.0,0.1410090556274256,0.00646830530401035,0.00517464424320828,0.00129366106080207,0.0,0.00129366106080207,0.00258732212160414,0.0,0.0,0.0038809831824062092,0.0,0.0,0.00258732212160414,0.0038809831824062092,0.00129366106080207,0.01681759379042691,0.04657179818887452,0.0,0.01034928848641656,0.00517464424320828
SKBTI.1263.1246506,0.005780346820809247,0.0,0.0028901734104046237,0.0,0.0,0.0,0.0,0.0028901734104046237,0.0,0.0,0.0,0.0,0.005780346820809247,0.0,0.0,0.0,0.0,0.0,0.0,0.0,0.0,0.0,0.0,0.0,0.0,0.0,0.0,0.0,0.0,0.0,0.0,0.0,0.0,0.0,0.0,0.0,0.0,0.0,0.0,0.0,0.017341040462427744,0.0,0.0,0.0,0.0,0.0,0.0,0.0,0.0028901734104046237,0.005780346820809247
SKBTI.1178.1246304,0.004672897196261682,0.004672897196261682,0.0,0.0,0.003115264797507788,0.0,0.0,0.0,0.009345794392523364,0.0,0.0,0.0,0.001557632398753894,0.001557632398753894,0.0,0.0,0.004672897196261682,0.0,0.001557632398753894,0.0,0.001557632398753894,0.0,0.0,0.0,0.001557632398753894,0.001557632398753894,0.0,0.0,0.001557632398753894,0.0,0.04205607476635514,0.0,0.018691588785046728,0.001557632398753894,0.003115264797507788,0.004672897196261682,0.0,0.0,0.006230529595015576,0.001557632398753894,0.00778816199376947,0.001557632398753894,0.006230529595015576,0.0,0.001557632398753894,0.02180685358255452,0.001557632398753894,0.04205607476635514,0.0,0.0
SKBTI.1122.1247240,0.006880733944954129,0.0007645259938837921,0.0007645259938837921,0.0,0.0,0.0,0.0,0.0007645259938837921,0.0,0.0007645259938837921,0.003058103975535168,0.0,0.001529051987767584,0.0,0.0,0.0,0.0,0.08486238532110092,0.0,0.001529051987767584,0.0007645259938837921,0.006116207951070336,0.0007645259938837921,0.001529051987767584,0.003058103975535168,0.0007645259938837921,0.0,0.0007645259938837921,0.0007645259938837921,0.001529051987767584,0.0,0.005351681957186544,0.003058103975535168,0.008409785932721712,0.0,0.0007645259938837921,0.00382262996941896,0.0022935779816513767,0.005351681957186544,0.001529051987767584,0.013761467889908258,0.0022935779816513767,0.001529051987767584,0.0,0.0,0.0,0.0022935779816513767,0.0007645259938837921,0.004587155963302753,0.0007645259938837921
SKBTI.1236.1246678,0.002617801047120419,0.0,0.0,0.005235602094240838,0.0,0.002617801047120419,0.0,0.0,0.0,0.0,0.0,0.002617801047120419,0.0,0.002617801047120419,0.0,0.0,0.0,0.0,0.0,0.0,0.0,0.002617801047120419,0.0,0.007853403141361256,0.0,0.002617801047120419,0.0,0.0,0.0,0.01832460732984293,0.0549738219895288,0.04712041884816754,0.0,0.0,0.002617801047120419,0.0,0.0,0.0,0.002617801047120419,0.0,0.0,0.0,0.0,0.0,0.0,0.0,0.0,0.0,0.0549738219895288,0.0
SKBTI.1145.1246684,0.03780068728522337,0.0,0.0,0.0,0.0,0.0,0.0,0.0,0.0,0.006872852233676976,0.0,0.0,0.0,0.003436426116838488,0.0,0.0,0.0,0.0,0.013745704467353952,0.0,0.0,0.0,0.010309278350515464,0.0,0.0,0.0,0.0,0.003436426116838488,0.0,0.0,0.09965635738831616,0.0,0.013745704467353952,0.0,0.003436426116838488,0.027491408934707903,0.0,0.0,0.0,0.0,0.0,0.006872852233676976,0.0,0.006872852233676976,0.003436426116838488,0.003436426116838488,0.0,0.030927835051546393,0.006872852233676976,0.003436426116838488
SKBTI.1245.1246863,0.034545454545454546,0.0018181818181818184,0.0,0.0,0.0,0.0,0.0,0.0,0.0,0.0,0.0,0.005454545454545455,0.0018181818181818184,0.0,0.0,0.0,0.0,0.0,0.0,0.0,0.0,0.01090909090909091,0.0018181818181818184,0.0,0.0,0.0,0.0,0.003636363636363637,0.0,0.06727272727272728,0.0,0.0,0.01090909090909091,0.027272727272727268,0.00909090909090909,0.0,0.0,0.0,0.00909090909090909,0.00909090909090909,0.0,0.0,0.0,0.0,0.0,0.0018181818181818184,0.0,0.0018181818181818184,0.0,0.0018181818181818184
SKBTI.1044.1247469,0.033232628398791535,0.0,0.0,0.0,0.0,0.0,0.0020140986908358514,0.0,0.019133937562940583,0.0,0.0,0.0010070493454179257,0.0,0.0020140986908358514,0.0,0.0010070493454179257,0.0,0.09264853977844914,0.0,0.0,0.0,0.010070493454179257,0.0,0.004028197381671703,0.0,0.0010070493454179257,0.004028197381671703,0.0,0.0,0.0030211480362537764,0.0,0.0,0.0,0.013091641490433032,0.0,0.0,0.0020140986908358514,0.0010070493454179257,0.0,0.0,0.010070493454179257,0.004028197381671703,0.0030211480362537764,0.0030211480362537764,0.0,0.004028197381671703,0.004028197381671703,0.0,0.005035246727089627,0.0
SKBTI.1074.1246979,0.006493506493506494,0.0016233766233766235,0.0,0.0,0.00487012987012987,0.0,0.0,0.0,0.0,0.0,0.0,0.0,0.0,0.0016233766233766235,0.0,0.0016233766233766235,0.00487012987012987,0.037337662337662336,0.0,0.0,0.0,0.0,0.0,0.0,0.0,0.0016233766233766235,0.0,0.0,0.00487012987012987,0.0,0.0,0.00487012987012987,0.01461038961038961,0.0,0.0,0.0,0.003246753246753247,0.016233766233766232,0.0016233766233766235,0.0,0.02922077922077922,0.003246753246753247,0.0,0.0,0.0,0.0275974025974026,0.05357142857142857,0.0016233766233766235,0.0,0.0
SKBTI.1307.1247068,0.002881844380403458,0.0,0.0,0.0,0.002881844380403458,0.0,0.0,0.001440922190201729,0.0,0.0,0.0,0.0,0.0,0.0,0.002881844380403458,0.0,0.0043227665706051886,0.0,0.0,0.0,0.0,0.0,0.0,0.002881844380403458,0.0,0.0,0.001440922190201729,0.007204610951008645,0.0,0.0,0.0,0.001440922190201729,0.010086455331412105,0.0,0.01873198847262248,0.001440922190201729,0.002881844380403458,0.0,0.0,0.001440922190201729,0.0,0.0,0.0043227665706051886,0.001440922190201729,0.0,0.02017291066282421,0.007204610951008645,0.02017291066282421,0.0,0.0
SKBTI.1061.1246417,0.012596221133659902,0.0,0.0,0.0,0.0,0.0,0.0,0.0006997900629811056,0.0,0.0,0.0,0.0,0.0013995801259622112,0.0,0.0,0.0,0.0034989503149055285,0.0006997900629811056,0.0,0.0,0.0,0.0013995801259622112,0.0006997900629811056,0.0020993701889433173,0.0,0.0,0.0,0.0,0.0,0.0,0.0,0.009097270818754373,0.0,0.00489853044086774,0.006997900629811057,0.0006997900629811056,0.0034989503149055285,0.0,0.0,0.0013995801259622112,0.01819454163750875,0.0,0.0006997900629811056,0.0006997900629811056,0.0027991602519244225,0.0,0.005598320503848845,0.0,0.02939118264520644,0.0
SKBTI.1172.1247248,0.023904382470119518,0.0,0.0,0.0,0.00796812749003984,0.0,0.0,0.0,0.0,0.0,0.0,0.00199203187250996,0.0,0.0,0.00199203187250996,0.0,0.0,0.15737051792828685,0.0,0.00398406374501992,0.0,0.00199203187250996,0.0059760956175298795,0.00199203187250996,0.0,0.0059760956175298795,0.0,0.00199203187250996,0.0,0.0,0.045816733067729085,0.0,0.0,0.00398406374501992,0.00199203187250996,0.00199203187250996,0.00199203187250996,0.0,0.00199203187250996,0.00199203187250996,0.013944223107569721,0.0,0.0059760956175298795,0.0059760956175298795,0.00398406374501992,0.00199203187250996,0.0,0.0,0.00199203187250996,0.011952191235059759
SKBTI.1081.1246410,0.00684931506849315,0.0,0.0,0.0,0.0,0.0,0.00228310502283105,0.0,0.0,0.0,0.0,0.0,0.0,0.0045662100456621,0.00228310502283105,0.0,0.00228310502283105,0.1552511415525114,0.00228310502283105,0.0,0.0,0.0,0.0045662100456621,0.0,0.0,0.0,0.0,0.0,0.00228310502283105,0.0,0.0,0.0136986301369863,0.0,0.0,0.0,0.0,0.0,0.0,0.0,0.0045662100456621,0.0,0.00228310502283105,0.00228310502283105,0.0,0.00228310502283105,0.0,0.0136986301369863,0.0,0.0,0.0
SKBTI.1118.1247169,0.004484304932735426,0.0,0.0,0.0,0.0,0.0,0.0,0.0,0.0,0.0,0.0,0.0,0.0,0.0,0.0,0.0,0.0,0.0,0.0,0.0,0.0,0.0,0.0,0.0,0.0,0.0,0.0,0.0,0.0,0.0,0.0,0.0,0.0,0.0,0.0,0.0,0.0,0.0,0.0,0.0,0.0,0.0,0.0,0.0,0.0,0.0,0.0,0.0,0.2242152466367713,0.0
SKBTI.1331.1246586,0.02434077079107505,0.0020283975659229213,0.0,0.0,0.004056795131845843,0.0,0.0,0.0020283975659229213,0.02028397565922921,0.0,0.0,0.0,0.0,0.0020283975659229213,0.0020283975659229213,0.0,0.0,0.036511156186612576,0.0,0.0,0.0,0.0,0.0,0.0,0.0,0.0,0.0,0.0020283975659229213,0.0020283975659229213,0.0,0.0,0.014198782961460446,0.022312373225152133,0.0,0.0,0.0,0.0,0.0060851926977687635,0.010141987829614604,0.0,0.0,0.0,0.0,0.0,0.004056795131845843,0.0,0.0,0.012170385395537523,0.0,0.0020283975659229213
SKBTI.1259.1247265,0.005730659025787965,0.0,0.0,0.0,0.0,0.0,0.0,0.0028653295128939827,0.0,0.008595988538681949,0.0,0.0,0.0,0.0028653295128939827,0.0,0.0,0.0,0.03151862464183381,0.0,0.0,0.0,0.0,0.0,0.0,0.0,0.0,0.0,0.0,0.0,0.0,0.0,0.0,0.0,0.0,0.008595988538681949,0.0,0.0,0.0,0.0,0.0,0.0,0.0,0.014326647564469915,0.005730659025787965,0.0028653295128939827,0.011461318051575931,0.008595988538681949,0.0,0.0,0.0
SKBTI.1079.1246482,0.06194690265486725,0.0,0.0,0.0,0.001769911504424779,0.0,0.0,0.0,0.007079646017699116,0.0,0.0,0.0,0.0,0.01946902654867257,0.0,0.0,0.01946902654867257,0.0,0.001769911504424779,0.003539823008849557,0.005309734513274336,0.001769911504424779,0.0,0.0,0.0,0.0,0.001769911504424779,0.0,0.003539823008849557,0.0,0.0,0.001769911504424779,0.024778761061946902,0.0,0.03893805309734513,0.001769911504424779,0.0,0.0,0.0,0.0,0.0,0.0,0.0,0.005309734513274336,0.0,0.003539823008849557,0.0,0.0,0.0,0.001769911504424779
SKBTI.1237.1246429,0.009009009009009007,0.0064350064350064354,0.0,0.001287001287001287,0.0,0.0,0.0,0.0,0.003861003861003861,0.0,0.0,0.0,0.0,0.0,0.0,0.0,0.0064350064350064354,0.0,0.0,0.0,0.0,0.0,0.002574002574002574,0.0,0.0,0.001287001287001287,0.015444015444015444,0.001287001287001287,0.0,0.0,0.0,0.0,0.018018018018018014,0.0,0.015444015444015444,0.005148005148005148,0.0,0.0,0.02316602316602316,0.003861003861003861,0.0,0.0,0.0,0.001287001287001287,0.003861003861003861,0.015444015444015444,0.003861003861003861,0.015444015444015444,0.0,0.0
SKBTI.1028.1246874,0.00909090909090909,0.0,0.0,0.0,0.0,0.0,0.0,0.0,0.0,0.0,0.0,0.0,0.0,0.0,0.0,0.0,0.0,0.0,0.0,0.0,0.0,0.0,0.0,0.0,0.0,0.0,0.0,0.004545454545454545,0.0,0.0,0.0,0.0,0.0,0.0,0.0,0.0,0.0,0.0,0.0,0.0,0.0,0.0,0.0,0.0,0.0,0.0,0.0,0.0,0.040909090909090916,0.0
SKBTI.1058.1246865,0.002036659877800407,0.0,0.0,0.0,0.0,0.0,0.0,0.0,0.004073319755600814,0.0,0.0,0.0,0.0,0.0,0.0,0.0,0.0,0.0,0.0,0.0,0.0,0.0,0.0,0.0,0.0,0.0,0.0,0.0,0.0,0.0,0.00814663951120163,0.024439918533604887,0.0,0.002036659877800407,0.0,0.004073319755600814,0.004073319755600814,0.0,0.0,0.0,0.0,0.0,0.0,0.0,0.0,0.0,0.0,0.002036659877800407,0.004073319755600814,0.0
SKBTI.1246.1247160,0.0022624434389140274,0.0,0.1990950226244344,0.0,0.0022624434389140274,0.0,0.0,0.0,0.004524886877828055,0.0,0.0,0.0,0.0022624434389140274,0.0,0.006787330316742082,0.0,0.0,0.033936651583710405,0.0,0.0,0.0,0.0022624434389140274,0.0,0.0,0.0,0.0022624434389140274,0.0,0.0,0.0,0.004524886877828055,0.0,0.0022624434389140274,0.0,0.004524886877828055,0.0,0.0,0.0,0.0022624434389140274,0.004524886877828055,0.0,0.0,0.0,0.0,0.0,0.0022624434389140274,0.0,0.0,0.0022624434389140274,0.027149321266968326,0.0
SKBTI.1039.1246497,0.007648183556405354,0.0,0.04015296367112809,0.0057361376673040155,0.0019120458891013386,0.007648183556405354,0.0,0.0,0.0,0.0057361376673040155,0.0,0.0057361376673040155,0.0,0.0,0.011472275334608031,0.0019120458891013386,0.0019120458891013386,0.0,0.0,0.0,0.0,0.0019120458891013386,0.0,0.0,0.0019120458891013386,0.0019120458891013386,0.003824091778202677,0.0,0.007648183556405354,0.0,0.017208413001912046,0.0019120458891013386,0.0,0.007648183556405354,0.0019120458891013386,0.0,0.0,0.0,0.0,0.0019120458891013386,0.0,0.0,0.0019120458891013386,0.0019120458891013386,0.0019120458891013386,0.0019120458891013386,0.003824091778202677,0.0019120458891013386,0.03632887189292544,0.0019120458891013386
SKBTI.1012.1246610,0.008196721311475409,0.0,0.08524590163934426,0.0,0.0,0.0,0.004918032786885246,0.0,0.0,0.0,0.0,0.004918032786885246,0.0,0.0,0.009836065573770493,0.0,0.0,0.0918032786885246,0.0,0.0,0.0,0.0,0.0,0.0,0.0,0.0,0.0,0.0,0.0,0.004918032786885246,0.12131147540983607,0.013114754098360656,0.0,0.0,0.0,0.0,0.0,0.001639344262295082,0.0,0.001639344262295082,0.05901639344262295,0.0,0.0,0.0,0.0,0.0,0.0,0.0,0.009836065573770493,0.0
SKBTI.1077.1247114,0.013422818791946308,0.0,0.0,0.0044742729306487695,0.0,0.0,0.0,0.0,0.03131991051454139,0.0,0.02237136465324385,0.0,0.015659955257270694,0.0,0.0,0.0,0.0,0.0,0.0022371364653243847,0.0,0.0044742729306487695,0.0,0.0,0.015659955257270694,0.0,0.0,0.0,0.0,0.0,0.0,0.0022371364653243847,0.0,0.0022371364653243847,0.0044742729306487695,0.0,0.0,0.0,0.0,0.0022371364653243847,0.0,0.0,0.0022371364653243847,0.0,0.0,0.0022371364653243847,0.0,0.0,0.0044742729306487695,0.017897091722595078,0.0022371364653243847
SKBTI.1126.1246316,0.004771642808452625,0.0006816632583503749,0.0,0.0,0.012951601908657124,0.002044989775051125,0.0,0.0,0.0,0.0,0.006816632583503749,0.0,0.0006816632583503749,0.0,0.0006816632583503749,0.0,0.0,0.02044989775051125,0.00136332651670075,0.00136332651670075,0.006816632583503749,0.0,0.0027266530334015,0.0006816632583503749,0.00408997955010225,0.002044989775051125,0.0006816632583503749,0.0006816632583503749,0.00136332651670075,0.0,0.0,0.0006816632583503749,0.027266530334015,0.0,0.002044989775051125,0.0081799591002045,0.0006816632583503749,0.0,0.002044989775051125,0.0034083162917518746,0.0,0.00136332651670075,0.0,0.0034083162917518746,0.0,0.006134969325153374,0.0034083162917518746,0.02044989775051125,0.0,0.002044989775051125
SKBTI.1097.1246573,0.019310344827586208,0.0,0.0,0.0,0.0,0.0013793103448275859,0.00413793103448276,0.0,0.0,0.0,0.0,0.0,0.0,0.0,0.00413793103448276,0.0,0.0,0.0,0.0,0.0013793103448275859,0.0,0.0,0.0,0.0,0.0,0.0013793103448275859,0.0,0.0,0.0027586206896551718,0.0,0.0,0.0,0.0,0.0,0.0,0.0,0.0013793103448275859,0.0013793103448275859,0.0,0.01655172413793104,0.03448275862068965,0.0013793103448275859,0.0013793103448275859,0.0,0.0013793103448275859,0.0,0.0027586206896551718,0.0,0.0,0.0013793103448275859
SKBTI.1034.1246338,0.0055248618784530384,0.0,0.0,0.0,0.0,0.0,0.0027624309392265192,0.0027624309392265192,0.0,0.0,0.0,0.0,0.0,0.0,0.0,0.0,0.0,0.0,0.0,0.0,0.0,0.0027624309392265192,0.0027624309392265192,0.0,0.0,0.0,0.0,0.0,0.0,0.0027624309392265192,0.0,0.011049723756906077,0.0,0.0,0.0,0.0,0.0,0.0,0.0027624309392265192,0.0,0.0,0.0,0.0,0.0,0.0027624309392265192,0.0027624309392265192,0.0055248618784530384,0.0,0.0,0.0027624309392265192
SKBTI.1283.1247418,0.012195121951219513,0.0,0.0,0.0,0.0,0.0,0.0,0.0,0.0,0.13170731707317074,0.0,0.0,0.0,0.0,0.014634146341463415,0.0,0.0,0.0,0.0,0.0,0.0,0.0024390243902439024,0.0024390243902439024,0.0,0.0,0.0,0.0024390243902439024,0.0,0.0,0.0,0.07560975609756097,0.0,0.0,0.0024390243902439024,0.0,0.0,0.0,0.0,0.0,0.0,0.0,0.0,0.0024390243902439024,0.007317073170731708,0.0,0.0,0.0,0.0,0.0,0.012195121951219513
SKBTI.1013.1246730,0.023026315789473683,0.0,0.0,0.0,0.001644736842105263,0.0,0.001644736842105263,0.001644736842105263,0.0,0.0,0.0,0.0,0.027960526315789474,0.001644736842105263,0.0,0.006578947368421052,0.0,0.0,0.004934210526315789,0.0,0.0,0.0,0.0,0.0,0.011513157894736841,0.003289473684210526,0.001644736842105263,0.001644736842105263,0.0,0.001644736842105263,0.0,0.0,0.03125,0.0,0.03453947368421053,0.0,0.0,0.006578947368421052,0.0,0.0,0.024671052631578948,0.001644736842105263,0.0,0.0,0.006578947368421052,0.0,0.0,0.01644736842105263,0.0,0.0
SKBTI.1073.1246935,0.02214650766609881,0.0,0.0,0.0,0.0,0.0,0.0,0.0017035775127768314,0.0,0.0,0.0,0.0,0.0017035775127768314,0.0017035775127768314,0.0,0.0,0.013628620102214651,0.0,0.0,0.0034071550255536627,0.0034071550255536627,0.0,0.0,0.0,0.015332197614991482,0.0,0.0,0.0017035775127768314,0.0034071550255536627,0.0,0.0,0.0,0.0,0.0,0.0,0.0,0.0,0.0,0.01192504258943782,0.0034071550255536627,0.0,0.0017035775127768314,0.0,0.005110732538330494,0.0034071550255536627,0.02214650766609881,0.0,0.0,0.0,0.0
SKBTI.1128.1246963,0.02754237288135593,0.0,0.0,0.0,0.0,0.0,0.0,0.00211864406779661,0.0,0.0,0.0,0.0,0.0,0.0,0.0,0.0,0.0,0.0,0.0,0.0,0.0,0.0,0.0,0.0,0.0,0.0,0.0,0.006355932203389831,0.0,0.0,0.00423728813559322,0.0,0.0,0.00423728813559322,0.0,0.0,0.00423728813559322,0.00211864406779661,0.0,0.0,0.01906779661016949,0.0,0.0,0.0,0.00211864406779661,0.0,0.00211864406779661,0.01906779661016949,0.00423728813559322,0.00211864406779661
SKBTI.1337.1246469,0.013333333333333334,0.0,0.022222222222222227,0.0,0.0,0.18666666666666668,0.0,0.0,0.0,0.0,0.0,0.0,0.0,0.0,0.0,0.0,0.0,0.0,0.0,0.0,0.0,0.008888888888888889,0.0,0.0,0.0,0.0,0.0,0.0,0.0,0.0,0.0,0.12444444444444445,0.0,0.0,0.0,0.0,0.008888888888888889,0.0,0.0,0.0,0.017777777777777778,0.0,0.0,0.0,0.0,0.0,0.0,0.0,0.0,0.0
SKBTI.1116.1247309,0.009216589861751152,0.002304147465437788,0.0,0.0,0.0,0.0,0.0,0.0,0.0,0.0,0.002304147465437788,0.0,0.002304147465437788,0.0,0.0,0.0,0.0069124423963133645,0.0,0.0,0.0,0.0069124423963133645,0.0,0.027649769585253458,0.0,0.004608294930875576,0.0,0.004608294930875576,0.004608294930875576,0.009216589861751152,0.0,0.0,0.0069124423963133645,0.0,0.0,0.002304147465437788,0.004608294930875576,0.002304147465437788,0.004608294930875576,0.0,0.002304147465437788,0.0,0.002304147465437788,0.0,0.002304147465437788,0.0,0.01152073732718894,0.013824884792626729,0.002304147465437788,0.018433179723502304,0.0
SKBTI.1103.1247081,0.003937007874015748,0.0,0.0,0.003937007874015748,0.0,0.0,0.0,0.0,0.0,0.0,0.0,0.0,0.0,0.0,0.0,0.0,0.0,0.0,0.0,0.0,0.0,0.0,0.0,0.0,0.007874015748031496,0.0,0.0,0.0,0.0,0.031496062992125984,0.0,0.015748031496062992,0.0,0.0,0.0,0.0,0.0,0.0,0.0,0.0,0.0,0.0,0.0,0.0,0.0,0.0,0.0,0.0,0.007874015748031496,0.0
SKBTI.1046.1246367,0.00390625,0.0,0.0,0.0,0.006510416666666667,0.0,0.0,0.0,0.046875,0.0,0.0,0.0,0.0,0.0,0.0,0.005208333333333333,0.0,0.0,0.0,0.0,0.0,0.0,0.0013020833333333333,0.0013020833333333333,0.0013020833333333333,0.0,0.0026041666666666665,0.005208333333333333,0.0,0.0,0.0,0.0013020833333333333,0.0,0.0026041666666666665,0.0,0.0,0.0,0.0,0.0,0.0013020833333333333,0.0234375,0.005208333333333333,0.0,0.005208333333333333,0.0,0.0,0.009114583333333334,0.0,0.0013020833333333333,0.0
SKBTI.1271.1247423,0.02185792349726776,0.0,0.0,0.0,0.0,0.0,0.0,0.0,0.0,0.0,0.0,0.0,0.0036429872495446266,0.0036429872495446266,0.0018214936247723133,0.0018214936247723133,0.009107468123861569,0.0,0.0,0.00546448087431694,0.0,0.0,0.009107468123861569,0.0018214936247723133,0.0,0.0018214936247723133,0.0,0.0018214936247723133,0.0,0.0,0.0,0.0,0.03642987249544627,0.0,0.00546448087431694,0.0018214936247723133,0.0018214936247723133,0.0018214936247723133,0.0,0.0,0.0,0.0018214936247723133,0.0018214936247723133,0.00546448087431694,0.0018214936247723133,0.0,0.012750455373406194,0.0,0.0,0.007285974499089253
SKBTI.1185.1247366,0.024013722126929676,0.025728987993138937,0.0,0.0,0.0,0.0,0.003430531732418525,0.0017152658662092624,0.0,0.0,0.0017152658662092624,0.0,0.0,0.003430531732418525,0.0,0.0,0.0,0.0,0.003430531732418525,0.0,0.003430531732418525,0.0,0.0,0.0,0.0,0.0,0.012006861063464836,0.0,0.0051457975986277885,0.0017152658662092624,0.0,0.0,0.0,0.0,0.0,0.0,0.0,0.0,0.0,0.0017152658662092624,0.0137221269296741,0.0,0.00686106346483705,0.0,0.012006861063464836,0.017152658662092625,0.010291595197255577,0.017152658662092625,0.0,0.0
SKBTI.1155.1246722,0.009501187648456056,0.0,0.0,0.021377672209026127,0.0,0.0,0.009501187648456056,0.0,0.0,0.0,0.0,0.0,0.0,0.0023752969121140144,0.0,0.0,0.0,0.0,0.0,0.0,0.0,0.0,0.004750593824228029,0.0,0.0,0.004750593824228029,0.0,0.0,0.0,0.06413301662707839,0.0,0.02850356294536817,0.0,0.0,0.0,0.0,0.0,0.0,0.0,0.0,0.0023752969121140144,0.0,0.007125890736342044,0.0,0.0,0.0,0.0,0.0,0.0023752969121140144,0.0
SKBTI.1031.1247110,0.03043478260869565,0.0,0.0,0.0,0.0,0.0,0.0,0.0,0.004347826086956522,0.0,0.0,0.0,0.0,0.0,0.0,0.0,0.0,0.0,0.0,0.002173913043478261,0.0,0.0,0.006521739130434782,0.002173913043478261,0.0,0.002173913043478261,0.0,0.002173913043478261,0.0,0.0,0.0,0.0,0.006521739130434782,0.0,0.0,0.0,0.0,0.006521739130434782,0.01956521739130435,0.004347826086956522,0.006521739130434782,0.004347826086956522,0.002173913043478261,0.0,0.002173913043478261,0.0,0.0,0.006521739130434782,0.0,0.002173913043478261
SKBTI.1045.1247193,0.0018867924528301887,0.0,0.0,0.0,0.0,0.0,0.0,0.0018867924528301887,0.0,0.0018867924528301887,0.0,0.0,0.005660377358490566,0.0,0.0,0.0,0.0018867924528301887,0.024528301886792454,0.0,0.0018867924528301887,0.0,0.0,0.0,0.0,0.0,0.0,0.007547169811320755,0.0,0.0,0.0018867924528301887,0.11509433962264153,0.0,0.0,0.0018867924528301887,0.0018867924528301887,0.0,0.007547169811320755,0.0018867924528301887,0.0,0.0,0.005660377358490566,0.0,0.0,0.0,0.0,0.0018867924528301887,0.0,0.018867924528301886,0.0018867924528301887,0.0
SKBTI.1294.1246815,0.03662420382165605,0.0,0.0,0.04617834394904458,0.0,0.0,0.0,0.0015923566878980893,0.0,0.0,0.0015923566878980893,0.0,0.0,0.011146496815286623,0.0,0.0,0.0,0.0,0.0031847133757961785,0.0,0.0,0.0015923566878980893,0.0031847133757961785,0.0,0.0,0.0,0.0,0.0,0.0,0.0,0.0,0.0,0.0,0.0015923566878980893,0.0,0.0015923566878980893,0.0,0.0,0.0015923566878980893,0.0015923566878980893,0.0,0.0,0.0,0.0031847133757961785,0.0,0.004777070063694267,0.0,0.0,0.0,0.0
SKBTI.1120.1246645,0.02564102564102564,0.0,0.0,0.0,0.0,0.0036630036630036634,0.0036630036630036634,0.0036630036630036634,0.0,0.0036630036630036634,0.0,0.0,0.0,0.0,0.02197802197802198,0.0,0.0,0.0,0.007326007326007327,0.0,0.0036630036630036634,0.0,0.0,0.0,0.0036630036630036634,0.0,0.0,0.0,0.0,0.029304029304029307,0.21978021978021975,0.0,0.0,0.0,0.0,0.0,0.0,0.0036630036630036634,0.0,0.0,0.01831501831501832,0.0,0.007326007326007327,0.0,0.007326007326007327,0.0,0.0,0.0,0.02197802197802198,0.0
SKBTI.1123.1247207,0.014336917562724013,0.0,0.0,0.0,0.017921146953405017,0.0,0.0,0.0,0.0,0.0,0.0,0.0,0.0,0.0,0.0,0.0,0.007168458781362006,0.0,0.0,0.0,0.0,0.0,0.0,0.0,0.007168458781362006,0.0,0.003584229390681004,0.003584229390681004,0.0,0.0,0.07526881720430108,0.0,0.0,0.0,0.010752688172043013,0.003584229390681004,0.003584229390681004,0.0,0.007168458781362006,0.0,0.007168458781362006,0.003584229390681004,0.0,0.003584229390681004,0.0,0.04659498207885305,0.0,0.0,0.0,0.007168458781362006
SKBTI.1036.1247004,0.0,0.002403846153846154,0.0,0.0,0.0,0.0,0.0,0.0,0.002403846153846154,0.0,0.0,0.0,0.0,0.004807692307692308,0.002403846153846154,0.021634615384615384,0.007211538461538463,0.0,0.0,0.0,0.0,0.0,0.0,0.0,0.002403846153846154,0.0,0.002403846153846154,0.004807692307692308,0.0,0.0,0.10096153846153846,0.002403846153846154,0.0,0.0,0.014423076923076926,0.007211538461538463,0.0,0.0,0.009615384615384616,0.0,0.0,0.007211538461538463,0.002403846153846154,0.002403846153846154,0.004807692307692308,0.01201923076923077,0.002403846153846154,0.0,0.004807692307692308,0.004807692307692308
SKBTI.1098.1247042,0.022004889975550126,0.0,0.0,0.0,0.0,0.0012224938875305626,0.0,0.0,0.0,0.0,0.0,0.0,0.0,0.0,0.0,0.0,0.013447432762836184,0.0,0.0,0.0,0.0,0.0,0.0,0.0,0.012224938875305624,0.0,0.0012224938875305626,0.0,0.0,0.0,0.0,0.011002444987775063,0.0,0.0012224938875305626,0.0,0.0,0.0,0.0,0.0012224938875305626,0.0012224938875305626,0.006112469437652812,0.0,0.0,0.0,0.0,0.0012224938875305626,0.004889975550122249,0.0,0.002444987775061125,0.002444987775061125
SKBTI.1047.1247373,0.01607142857142857,0.0,0.0,0.0,0.0035714285714285718,0.0,0.0,0.0,0.0,0.0035714285714285718,0.0,0.0,0.0,0.0,0.0,0.0125,0.0,0.0,0.0017857142857142854,0.0,0.0,0.0,0.0,0.0017857142857142854,0.010714285714285714,0.0017857142857142854,0.0,0.0017857142857142854,0.0035714285714285718,0.0,0.0,0.0,0.0125,0.0,0.0,0.0017857142857142854,0.0,0.0,0.0071428571428571435,0.0017857142857142854,0.0,0.0,0.0,0.0035714285714285718,0.0125,0.008928571428571428,0.0035714285714285718,0.014285714285714284,0.0,0.0
SKBTI.1125.1247091,0.02906976744186046,0.0038759689922480615,0.0,0.0,0.0,0.0,0.0,0.0019379844961240308,0.009689922480620157,0.0,0.0,0.0019379844961240308,0.02325581395348837,0.0,0.0,0.025193798449612403,0.0,0.0,0.0,0.0019379844961240308,0.0019379844961240308,0.0,0.0019379844961240308,0.0,0.0,0.0,0.0,0.0,0.0,0.0,0.0,0.0,0.044573643410852716,0.0,0.0038759689922480615,0.0,0.0,0.0019379844961240308,0.011627906976744186,0.0,0.013565891472868215,0.0019379844961240308,0.0019379844961240308,0.0,0.0019379844961240308,0.009689922480620157,0.0,0.050387596899224806,0.0,0.0019379844961240308
SKBTI.0997.1246861,0.00437636761487965,0.0,0.0,0.0,0.0,0.0,0.0,0.0,0.0,0.0,0.0,0.0,0.0,0.010940919037199123,0.0,0.0,0.0,0.050328227571115984,0.0,0.002188183807439825,0.0,0.0,0.002188183807439825,0.0,0.0,0.002188183807439825,0.00437636761487965,0.0,0.002188183807439825,0.0,0.1991247264770241,0.006564551422319475,0.0,0.002188183807439825,0.0,0.0,0.0,0.006564551422319475,0.0,0.0,0.03063457330415755,0.00437636761487965,0.0,0.006564551422319475,0.0,0.00437636761487965,0.006564551422319475,0.0,0.0,0.0
SKBTI.1345.1246175,0.0113314447592068,0.0028328611898017,0.0,0.0,0.0009442870632672332,0.0,0.0,0.0028328611898017,0.0,0.0009442870632672332,0.0018885741265344664,0.0,0.0,0.0009442870632672332,0.0028328611898017,0.04438149197355997,0.0056657223796034,0.0,0.0018885741265344664,0.0,0.004721435316336166,0.0009442870632672332,0.0009442870632672332,0.0018885741265344664,0.0056657223796034,0.0,0.0009442870632672332,0.009442870632672332,0.0018885741265344664,0.0,0.0,0.0009442870632672332,0.0,0.0,0.012275731822474031,0.0037771482530689327,0.0,0.0,0.0,0.0009442870632672332,0.0,0.0028328611898017,0.0,0.0066100094428706326,0.0037771482530689327,0.0056657223796034,0.0028328611898017,0.0037771482530689327,0.0,0.0084985835694051
SKBTI.1305.1246664,0.009316770186335404,0.0,0.0,0.0,0.0,0.0,0.0,0.0,0.006211180124223602,0.0,0.0,0.003105590062111801,0.0,0.018633540372670808,0.003105590062111801,0.0,0.012422360248447204,0.003105590062111801,0.0,0.009316770186335404,0.0,0.0,0.0,0.0,0.003105590062111801,0.0,0.006211180124223602,0.003105590062111801,0.003105590062111801,0.0,0.06211180124223601,0.0,0.015527950310559006,0.0,0.009316770186335404,0.0,0.003105590062111801,0.003105590062111801,0.009316770186335404,0.0,0.009316770186335404,0.0,0.0,0.006211180124223602,0.006211180124223602,0.0,0.006211180124223602,0.012422360248447204,0.0,0.006211180124223602
SKBTI.1276.1246123,0.02363636363636364,0.0,0.0,0.0,0.0018181818181818184,0.0,0.0018181818181818184,0.0,0.0,0.0,0.0,0.0018181818181818184,0.0,0.0,0.0,0.0,0.0018181818181818184,0.0,0.0,0.0,0.0,0.0,0.0,0.0,0.0,0.0,0.0,0.0,0.0,0.003636363636363637,0.0018181818181818184,0.0,0.0,0.0018181818181818184,0.005454545454545455,0.0,0.0,0.0018181818181818184,0.0,0.0,0.0,0.0,0.003636363636363637,0.0018181818181818184,0.0,0.0,0.0018181818181818184,0.0,0.0,0.0
SKBTI.1205.1247372,0.002816901408450705,0.0,0.0,0.0,0.0014084507042253524,0.0014084507042253524,0.0,0.0014084507042253524,0.0,0.0,0.0,0.0,0.0,0.0,0.0,0.0014084507042253524,0.0,0.0,0.03943661971830986,0.0,0.004225352112676056,0.0,0.0,0.0,0.0,0.0,0.0,0.0,0.0,0.0,0.0,0.0,0.01126760563380282,0.0,0.002816901408450705,0.0014084507042253524,0.0014084507042253524,0.0,0.01126760563380282,0.0,0.01971830985915493,0.0,0.0014084507042253524,0.0,0.0014084507042253524,0.0,0.0014084507042253524,0.002816901408450705,0.0,0.004225352112676056
SKBTI.1353.1247119,0.12653061224489795,0.0,0.0,0.0,0.0020408163265306124,0.0,0.0,0.0,0.06938775510204083,0.0,0.0,0.0,0.0,0.0,0.0,0.0,0.0020408163265306124,0.0,0.004081632653061225,0.0,0.004081632653061225,0.0,0.0,0.0,0.0,0.0,0.0,0.0,0.0,0.0,0.0,0.0,0.028571428571428567,0.0,0.0020408163265306124,0.0020408163265306124,0.004081632653061225,0.0061224489795918356,0.0,0.0,0.0,0.004081632653061225,0.0,0.0020408163265306124,0.004081632653061225,0.0020408163265306124,0.0020408163265306124,0.0,0.0,0.0
SKBTI.1351.1246314,0.01243781094527363,0.0,0.0,0.0049751243781094535,0.0,0.0,0.0,0.0,0.0,0.00746268656716418,0.0,0.0,0.0,0.0,0.0049751243781094535,0.0,0.0,0.0049751243781094535,0.0,0.0,0.0,0.0049751243781094535,0.0,0.0,0.0,0.0,0.0,0.0,0.0,0.0024875621890547268,0.16417910447761194,0.0,0.0,0.0024875621890547268,0.0,0.0,0.0,0.01990049751243781,0.01492537313432836,0.0,0.01243781094527363,0.0,0.0024875621890547268,0.0024875621890547268,0.0,0.0,0.0,0.0,0.0,0.0
SKBTI.1104.1246588,0.028673835125448032,0.003584229390681004,0.0,0.0,0.0,0.0,0.0,0.0,0.0,0.0,0.0,0.0,0.0,0.0,0.0,0.007168458781362006,0.0,0.053763440860215055,0.0,0.0,0.0,0.0,0.003584229390681004,0.0,0.007168458781362006,0.0,0.0,0.0,0.007168458781362006,0.003584229390681004,0.04301075268817205,0.0,0.007168458781362006,0.0,0.0,0.0,0.0,0.0,0.003584229390681004,0.0,0.0,0.0,0.010752688172043013,0.0,0.021505376344086027,0.007168458781362006,0.0,0.017921146953405017,0.025089605734767026,0.007168458781362006
SKBTI.1072.1247135,0.017094017094017096,0.0,0.0,0.0,0.0,0.0,0.0,0.008547008547008548,0.0,0.008547008547008548,0.0,0.0,0.0,0.0,0.0,0.0,0.0,0.0,0.0,0.0,0.0,0.0,0.0,0.0,0.0,0.0,0.0,0.0,0.0,0.11965811965811965,0.0,0.008547008547008548,0.0,0.0,0.0,0.0,0.0,0.0,0.0,0.0,0.0,0.0,0.0,0.0,0.0,0.0,0.0,0.0,0.0,0.008547008547008548
SKBTI.1025.1247303,0.00975609756097561,0.0,0.0,0.0,0.0,0.0,0.0024390243902439024,0.0,0.0,0.0,0.0,0.0,0.0,0.0,0.014634146341463415,0.0,0.0,0.0,0.0,0.0,0.0,0.0,0.0,0.0,0.0,0.0024390243902439024,0.0,0.0,0.0024390243902439024,0.0,0.0,0.0,0.0,0.004878048780487805,0.0,0.0,0.0,0.0,0.0,0.0,0.0,0.0,0.0,0.0,0.0,0.0,0.0,0.0,0.0,0.0
SKBTI.1141.1246341,0.0141643059490085,0.0056657223796034,0.0,0.0,0.0,0.0,0.0,0.0,0.0,0.0,0.0,0.0,0.0,0.0056657223796034,0.0,0.0,0.0,0.0,0.0,0.0,0.0,0.0,0.0028328611898017,0.0,0.0084985835694051,0.0,0.0,0.0,0.0,0.0,0.0339943342776204,0.0028328611898017,0.0028328611898017,0.0,0.0,0.0,0.0084985835694051,0.0028328611898017,0.0,0.0028328611898017,0.0,0.0,0.0,0.0169971671388102,0.0,0.0113314447592068,0.0,0.0028328611898017,0.0056657223796034,0.0
SKBTI.1180.1246130,0.04404145077720207,0.0025906735751295338,0.0,0.0,0.0,0.0,0.01813471502590673,0.0,0.0,0.0,0.0,0.0,0.0,0.01295336787564767,0.0,0.0,0.01813471502590673,0.0,0.0,0.0,0.0,0.0,0.0,0.0,0.0,0.0,0.0,0.0,0.0,0.0,0.0,0.0,0.0,0.0,0.0,0.0,0.0,0.0,0.0,0.0,0.0,0.0,0.015544041450777204,0.0,0.010362694300518135,0.0,0.0,0.0,0.054404145077720206,0.0
SKBTI.1015.1246193,0.007444168734491316,0.0,0.0,0.0,0.0,0.0,0.0,0.0,0.007444168734491316,0.0,0.0,0.0,0.0024813895781637717,0.0024813895781637717,0.0,0.0,0.0049627791563275426,0.0,0.0,0.0024813895781637717,0.0024813895781637717,0.0,0.0,0.0,0.01240694789081886,0.0,0.0,0.0049627791563275426,0.0,0.0,0.0,0.0,0.0,0.0,0.0,0.0,0.0,0.0024813895781637717,0.007444168734491316,0.0,0.0,0.0049627791563275426,0.0,0.0,0.0,0.0,0.0,0.007444168734491316,0.0049627791563275426,0.0
SKBTI.1009.1246428,0.011494252873563218,0.0,0.0,0.0,0.002298850574712644,0.0,0.0,0.0,0.0,0.002298850574712644,0.0,0.002298850574712644,0.0,0.004597701149425286,0.0,0.0,0.0,0.10114942528735632,0.0,0.0,0.0,0.0,0.0,0.0,0.0,0.002298850574712644,0.0,0.0,0.0,0.0,0.057471264367816084,0.0,0.0,0.0,0.002298850574712644,0.004597701149425286,0.0,0.002298850574712644,0.0,0.0,0.02298850574712644,0.0,0.0,0.0,0.0,0.004597701149425286,0.0,0.0,0.029885057471264367,0.004597701149425286
SKBTI.1335.1246899,0.02601156069364162,0.0,0.0,0.0,0.0,0.0,0.0,0.0,0.0,0.0028901734104046237,0.0,0.0,0.0028901734104046237,0.0,0.0,0.0,0.0,0.12427745664739885,0.0,0.0028901734104046237,0.0,0.0,0.0028901734104046237,0.0,0.011560693641618495,0.0,0.005780346820809247,0.0,0.0,0.0,0.017341040462427744,0.0,0.01445086705202312,0.0,0.0,0.0,0.0,0.0,0.0028901734104046237,0.0,0.0,0.0,0.0,0.0028901734104046237,0.0,0.005780346820809247,0.0,0.005780346820809247,0.0,0.0
SKBTI.1270.1246946,0.02318840579710145,0.0,0.0,0.0,0.0,0.0,0.0,0.0,0.0,0.0,0.0,0.0,0.011594202898550723,0.0,0.0,0.0,0.008695652173913044,0.0,0.0028985507246376808,0.0,0.0,0.0,0.0,0.0,0.0,0.0,0.0,0.026086956521739132,0.0,0.008695652173913044,0.0,0.0028985507246376808,0.0,0.0028985507246376808,0.0,0.0,0.0,0.0,0.0028985507246376808,0.0,0.0,0.0,0.0028985507246376808,0.0,0.011594202898550723,0.0,0.0028985507246376808,0.0,0.0,0.0
SKBTI.1251.1247304,0.07653061224489796,0.0,0.0,0.0,0.0,0.0,0.0,0.0,0.030612244897959183,0.0,0.0025510204081632647,0.0,0.05357142857142857,0.0,0.005102040816326529,0.0,0.0,0.0,0.0,0.0025510204081632647,0.0025510204081632647,0.0,0.0025510204081632647,0.0,0.0,0.0,0.0025510204081632647,0.0,0.0,0.0,0.0,0.0,0.0025510204081632647,0.0,0.020408163265306117,0.0,0.0,0.010204081632653059,0.0025510204081632647,0.0,0.0,0.0,0.005102040816326529,0.0025510204081632647,0.007653061224489796,0.0,0.0025510204081632647,0.005102040816326529,0.0025510204081632647,0.005102040816326529
SKBTI.1168.1247199,0.018604651162790697,0.0,0.0,0.0,0.0,0.0031007751937984496,0.006201550387596899,0.0,0.0,0.0,0.0,0.0,0.0,0.0,0.006201550387596899,0.0,0.0,0.0,0.0015503875968992248,0.0031007751937984496,0.0,0.0031007751937984496,0.0015503875968992248,0.0,0.0,0.0031007751937984496,0.0,0.0,0.0,0.0,0.0,0.0,0.0,0.0015503875968992248,0.0,0.0,0.0,0.0,0.0,0.006201550387596899,0.05116279069767442,0.0015503875968992248,0.0,0.0,0.0,0.0,0.0,0.0015503875968992248,0.0,0.0015503875968992248
SKBTI.1086.1246708,0.010912698412698412,0.0,0.0,0.0,0.0,0.0,0.001984126984126984,0.0,0.0,0.0,0.0,0.0,0.0,0.0,0.003968253968253968,0.001984126984126984,0.0,0.0,0.011904761904761904,0.0,0.000992063492063492,0.0,0.000992063492063492,0.0,0.0,0.003968253968253968,0.007936507936507936,0.0,0.001984126984126984,0.0,0.10714285714285714,0.0,0.008928571428571428,0.0,0.005952380952380952,0.001984126984126984,0.0,0.0,0.0,0.003968253968253968,0.0,0.001984126984126984,0.00496031746031746,0.001984126984126984,0.003968253968253968,0.02083333333333333,0.00496031746031746,0.0,0.0,0.003968253968253968
SKBTI.1099.1247163,0.0,0.0,0.0,0.0,0.0,0.0,0.0,0.0,0.0,0.0,0.013812154696132596,0.0,0.0,0.0,0.0,0.0,0.0,0.0,0.0,0.0,0.0,0.011049723756906077,0.0,0.0,0.0,0.0,0.0,0.0,0.0,0.1160220994475138,0.0,0.0027624309392265192,0.0,0.008287292817679558,0.0,0.0,0.0027624309392265192,0.0,0.0,0.0,0.0,0.0,0.0,0.0,0.0,0.0,0.0,0.0,0.09944751381215468,0.0
SKBTI.1225.1246395,0.06496519721577726,0.0,0.011600928074245941,0.004640371229698376,0.0,0.0,0.004640371229698376,0.0,0.0,0.0,0.002320185614849188,0.0,0.0,0.0,0.0,0.0,0.0,0.0,0.0,0.0,0.0,0.011600928074245941,0.0,0.006960556844547564,0.0,0.0,0.0,0.0,0.0,0.14385150812064965,0.0,0.0,0.009280742459396751,0.011600928074245941,0.0,0.004640371229698376,0.0,0.009280742459396751,0.0,0.0,0.013921113689095129,0.03016241299303944,0.004640371229698376,0.002320185614849188,0.0,0.0,0.0,0.10440835266821344,0.023201856148491882,0.002320185614849188
SKBTI.1041.1246755,0.002726281352235551,0.0016357688113413304,0.0,0.0,0.010359869138495093,0.0,0.0,0.0,0.0010905125408942203,0.0005452562704471102,0.0,0.0,0.0038167938931297713,0.0,0.0005452562704471102,0.05452562704471101,0.0,0.0,0.0,0.002726281352235551,0.008178844056706653,0.0,0.0010905125408942203,0.0005452562704471102,0.0010905125408942203,0.0,0.0016357688113413304,0.0010905125408942203,0.013631406761177751,0.0,0.047982551799345685,0.0,0.009814612868047985,0.0,0.0059978189749182115,0.0,0.0010905125408942203,0.003271537622682661,0.0010905125408942203,0.002726281352235551,0.05725190839694656,0.0010905125408942203,0.0005452562704471102,0.0010905125408942203,0.0016357688113413304,0.012540894220283531,0.009269356597600873,0.03107960741548528,0.0016357688113413304,0.0005452562704471102
SKBTI.1129.1246576,0.006269592476489028,0.0,0.0,0.0,0.0,0.0,0.0,0.0,0.0,0.0,0.0,0.0,0.0,0.0,0.0,0.0,0.0,0.13479623824451412,0.0,0.0,0.0,0.0,0.0,0.0,0.0,0.003134796238244514,0.0,0.0,0.0,0.0,0.0,0.003134796238244514,0.0,0.0,0.0,0.0,0.0,0.003134796238244514,0.0,0.0,0.0,0.0,0.0,0.0,0.0,0.0,0.0,0.0,0.01567398119122257,0.0
SKBTI.1324.1246819,0.0,0.0,0.0,0.0,0.0,0.0,0.005405405405405407,0.0,0.0,0.0,0.0,0.0,0.0,0.0,0.0,0.0,0.0,0.0,0.0,0.0,0.0,0.0,0.0,0.0,0.0,0.0,0.0,0.0,0.0,0.0,0.0,0.0,0.0,0.0,0.0,0.0,0.010810810810810813,0.0,0.0,0.0,0.0,0.0,0.0,0.0,0.0,0.0,0.0,0.0,0.4648648648648649,0.0
SKBTI.1260.1246828,0.02669902912621359,0.0,0.0,0.0,0.0,0.0,0.0,0.0,0.0,0.0,0.0,0.0,0.0,0.0024271844660194173,0.0,0.0,0.0,0.0,0.0,0.0,0.0,0.0,0.0024271844660194173,0.0,0.0,0.0,0.0,0.0024271844660194173,0.0,0.0,0.0,0.0,0.0,0.0,0.0,0.0024271844660194173,0.0,0.0024271844660194173,0.0,0.0,0.0,0.0,0.0,0.0072815533980582535,0.0048543689320388345,0.0,0.0,0.0,0.0072815533980582535,0.0
SKBTI.1033.1246475,0.0,0.0,0.0,0.0,0.0,0.0,0.0,0.0,0.0,0.0,0.0,0.0,0.2246376811594203,0.0,0.0,0.0,0.0,0.0,0.0,0.0,0.0,0.0,0.0,0.0,0.0,0.0,0.0,0.0,0.0,0.0,0.014492753623188406,0.0,0.0,0.0,0.0,0.0,0.0,0.0,0.0,0.0,0.0,0.0,0.0,0.0,0.0,0.0,0.0,0.007246376811594203,0.3623188405797101,0.0
SKBTI.1106.1246873,0.044673539518900345,0.0,0.0,0.0,0.005154639175257732,0.0,0.0,0.0,0.0,0.001718213058419244,0.01718213058419244,0.0,0.0,0.0,0.0,0.0,0.0,0.08075601374570447,0.0,0.001718213058419244,0.001718213058419244,0.0,0.0,0.001718213058419244,0.0,0.001718213058419244,0.0,0.0,0.001718213058419244,0.0,0.044673539518900345,0.0,0.003436426116838488,0.001718213058419244,0.003436426116838488,0.001718213058419244,0.0,0.0,0.00859106529209622,0.001718213058419244,0.006872852233676976,0.0,0.001718213058419244,0.006872852233676976,0.001718213058419244,0.001718213058419244,0.0,0.0,0.07216494845360824,0.005154639175257732
SKBTI.1087.1247320,0.012944983818770229,0.0,0.0,0.0,0.0,0.0032362459546925572,0.0,0.0,0.0,0.0,0.0,0.0,0.12297734627831715,0.0,0.0,0.0,0.0,0.0,0.0,0.0,0.0,0.0064724919093851144,0.0032362459546925572,0.0032362459546925572,0.0,0.0,0.0,0.0032362459546925572,0.0,0.0,0.0,0.009708737864077669,0.0,0.0,0.0,0.0,0.0032362459546925572,0.0,0.0906148867313916,0.0,0.0,0.0,0.0,0.0,0.0,0.0,0.0,0.0032362459546925572,0.1812297734627832,0.0032362459546925572
SKBTI.1182.1247072,0.015779092702169626,0.005917159763313609,0.0,0.0,0.0,0.0,0.0,0.0,0.0,0.0,0.0019723865877712037,0.0,0.0019723865877712037,0.0,0.0,0.0,0.0,0.0,0.0,0.0019723865877712037,0.0019723865877712037,0.0019723865877712037,0.0,0.0,0.0,0.0,0.01183431952662722,0.0019723865877712037,0.0019723865877712037,0.0,0.01972386587771203,0.0,0.10059171597633136,0.015779092702169626,0.0,0.0,0.015779092702169626,0.0019723865877712037,0.01380670611439842,0.0,0.07889546351084813,0.0019723865877712037,0.0,0.009861932938856016,0.0019723865877712037,0.003944773175542407,0.003944773175542407,0.02564102564102564,0.0,0.01183431952662722
SKBTI.1188.1246977,0.03225806451612903,0.0,0.0,0.0,0.004608294930875576,0.0,0.0,0.0,0.0,0.0,0.0,0.0,0.0,0.0069124423963133645,0.0,0.0,0.0,0.0,0.0,0.002304147465437788,0.0,0.0,0.0,0.0,0.0,0.004608294930875576,0.0,0.002304147465437788,0.0,0.0,0.0,0.0,0.0,0.0,0.016129032258064516,0.0,0.0,0.0,0.0,0.0069124423963133645,0.002304147465437788,0.0,0.0,0.009216589861751152,0.004608294930875576,0.01152073732718894,0.0,0.0,0.0,0.002304147465437788
SKBTI.0999.1246492,0.022641509433962263,0.0,0.0,0.0,0.0025157232704402514,0.0,0.0012578616352201255,0.0,0.0012578616352201255,0.0,0.0,0.0012578616352201255,0.03270440251572327,0.0012578616352201255,0.0,0.0,0.005031446540880503,0.0,0.0,0.0,0.0,0.0,0.0012578616352201255,0.0,0.0,0.0,0.0012578616352201255,0.0,0.0025157232704402514,0.005031446540880503,0.17484276729559747,0.0,0.0,0.0,0.0,0.0012578616352201255,0.0,0.011320754716981131,0.006289308176100629,0.0012578616352201255,0.0,0.0012578616352201255,0.0012578616352201255,0.0,0.0,0.0025157232704402514,0.0,0.007547169811320755,0.0,0.0012578616352201255
SKBTI.1109.1247174,0.02427184466019417,0.0,0.0,0.0,0.0,0.0,0.0,0.0,0.009708737864077669,0.0,0.0,0.0,0.0,0.0,0.0,0.0,0.0048543689320388345,0.0,0.0048543689320388345,0.0,0.0,0.0,0.0,0.0048543689320388345,0.0,0.0,0.0,0.0048543689320388345,0.0,0.0,0.0,0.0,0.0,0.0,0.0,0.0,0.0,0.0,0.0,0.0,0.0,0.0,0.0,0.0,0.0,0.019417475728155338,0.009708737864077669,0.033980582524271837,0.0048543689320388345,0.0
SKBTI.1117.1247057,0.010204081632653059,0.0,0.020408163265306117,0.0,0.0,0.0,0.0,0.0,0.0,0.0,0.07142857142857142,0.0,0.0,0.0,0.0,0.0,0.0,0.0,0.0,0.010204081632653059,0.0,0.0,0.0,0.0,0.0,0.0,0.0,0.0,0.0,0.0,0.0,0.09183673469387756,0.0,0.0,0.0,0.010204081632653059,0.0,0.0,0.0,0.0,0.0,0.0,0.0,0.0,0.0,0.0,0.020408163265306117,0.0,0.3673469387755102,0.0
SKBTI.1320.1246552,0.02333333333333333,0.0,0.006666666666666667,0.0,0.0,0.0,0.0,0.0,0.0,0.0,0.0,0.0,0.0,0.0,0.0,0.0,0.0,0.0,0.0,0.0,0.0,0.0,0.0,0.0,0.0,0.0,0.0,0.0,0.0,0.006666666666666667,0.0,0.0,0.0,0.0,0.0,0.0,0.0,0.0,0.0,0.0,0.013333333333333334,0.0,0.0033333333333333327,0.0,0.0,0.0,0.0,0.0,0.01,0.0
SKBTI.1194.1246932,0.011389521640091115,0.002277904328018223,0.0,0.0,0.0,0.0,0.0,0.0,0.029612756264236907,0.0,0.03416856492027335,0.0,0.0,0.0,0.0,0.05694760820045557,0.0,0.0,0.015945330296127564,0.002277904328018223,0.0,0.0,0.0,0.002277904328018223,0.0,0.004555808656036446,0.0,0.0,0.0,0.0,0.06378132118451026,0.0,0.027334851936218683,0.0,0.009111617312072893,0.0,0.0,0.004555808656036446,0.0,0.004555808656036446,0.027334851936218683,0.0,0.004555808656036446,0.0,0.009111617312072893,0.004555808656036446,0.0,0.04328018223234624,0.0,0.002277904328018223
SKBTI.1280.1246994,0.1851851851851852,0.0,0.0,0.0,0.0,0.0,0.0,0.0,0.0,0.0,0.0,0.0,0.0,0.0,0.007407407407407408,0.0,0.0,0.0,0.0,0.0,0.0,0.0,0.0,0.0,0.0,0.0,0.0,0.0,0.0,0.0,0.0,0.0,0.0,0.0,0.0,0.0,0.0,0.0,0.0,0.0,0.0,0.0,0.0,0.0,0.0,0.0,0.0,0.0,0.007407407407407408,0.0
SKBTI.1207.1246567,0.0,0.0,0.029821073558648114,0.0,0.0,0.0019880715705765406,0.0,0.0,0.0,0.0,0.0,0.19681908548707752,0.0,0.0,0.0,0.0,0.0,0.0,0.0,0.0,0.0,0.017892644135188866,0.0,0.0,0.0,0.0,0.0,0.0,0.0,0.0,0.0,0.015904572564612324,0.0,0.02783300198807157,0.0,0.0,0.003976143141153081,0.0,0.0,0.0,0.0,0.0,0.0,0.0,0.0,0.0,0.0,0.0,0.007952286282306162,0.0
SKBTI.1124.1246490,0.0025062656641604013,0.0,0.0025062656641604013,0.0,0.0,0.0,0.0,0.0,0.0,0.0,0.0,0.13283208020050125,0.0,0.0,0.0,0.0,0.0,0.12280701754385966,0.0,0.0,0.0,0.0,0.0,0.0,0.0,0.0,0.0,0.0,0.0,0.0025062656641604013,0.0,0.0,0.0,0.0,0.0,0.0,0.0075187969924812035,0.0,0.0,0.017543859649122806,0.012531328320802004,0.0,0.0,0.0,0.0,0.0,0.0,0.0,0.0,0.0
SKBTI.1052.1246226,0.019693654266958426,0.01312910284463895,0.0,0.0,0.002188183807439825,0.002188183807439825,0.0,0.0,0.0,0.0,0.0,0.0,0.0,0.0,0.0,0.0087527352297593,0.0,0.0,0.002188183807439825,0.002188183807439825,0.0,0.002188183807439825,0.002188183807439825,0.0,0.0,0.0,0.0,0.0,0.0,0.002188183807439825,0.0,0.0,0.006564551422319475,0.002188183807439825,0.0,0.00437636761487965,0.0,0.002188183807439825,0.0,0.0,0.019693654266958426,0.0,0.0,0.0,0.0,0.0,0.00437636761487965,0.02188183807439825,0.0,0.0
SKBTI.1342.1246211,0.0021691973969631237,0.0021691973969631237,0.0,0.0,0.0,0.0,0.0,0.0,0.0,0.0,0.0,0.0,0.0,0.0,0.0,0.006507592190889371,0.0,0.060737527114967466,0.0,0.0,0.0021691973969631237,0.0,0.0,0.0,0.0,0.0,0.0,0.0,0.006507592190889371,0.0,0.0,0.0,0.03253796095444685,0.006507592190889371,0.0021691973969631237,0.0021691973969631237,0.0021691973969631237,0.0021691973969631237,0.0,0.0,0.0,0.0,0.0,0.0,0.0,0.0,0.0,0.01735357917570499,0.0,0.0
SKBTI.1023.1246119,0.013210039630118893,0.0,0.002642007926023778,0.0,0.0,0.0,0.0,0.0,0.0,0.0,0.001321003963011889,0.0,0.0,0.002642007926023778,0.0,0.0,0.0,0.1571994715984148,0.0,0.0,0.0,0.034346103038309116,0.0,0.0,0.0,0.0,0.002642007926023778,0.001321003963011889,0.0,0.0,0.0,0.0,0.0,0.0,0.0,0.0,0.002642007926023778,0.0,0.0,0.001321003963011889,0.0,0.001321003963011889,0.001321003963011889,0.0,0.0,0.0,0.0,0.0,0.009247027741083224,0.002642007926023778
SKBTI.1201.1246480,0.024074074074074074,0.0,0.0,0.0,0.0,0.0,0.001851851851851852,0.005555555555555557,0.003703703703703704,0.0,0.001851851851851852,0.0,0.0,0.0,0.0,0.001851851851851852,0.0,0.0,0.0,0.0,0.0,0.0,0.0,0.001851851851851852,0.003703703703703704,0.0,0.0,0.0,0.0,0.014814814814814815,0.0,0.0,0.04074074074074074,0.0,0.0,0.005555555555555557,0.0,0.0,0.0,0.0,0.037037037037037035,0.001851851851851852,0.009259259259259259,0.0,0.011111111111111113,0.0,0.0,0.007407407407407408,0.0,0.0
SKBTI.1224.1246466,0.0273972602739726,0.0,0.003424657534246575,0.0,0.0,0.051369863013698634,0.017123287671232876,0.0,0.0,0.0,0.0,0.0,0.0,0.0,0.0,0.0,0.0,0.0,0.0,0.0,0.0,0.00684931506849315,0.0,0.010273972602739724,0.0,0.0,0.0,0.0,0.0,0.003424657534246575,0.0,0.0,0.0,0.0136986301369863,0.0,0.0,0.003424657534246575,0.0,0.0,0.0,0.0,0.0,0.0,0.0,0.0,0.0,0.0,0.0,0.0,0.0
SKBTI.1014.1247306,0.04166666666666666,0.0018939393939393942,0.0,0.0,0.0,0.0,0.0018939393939393942,0.007575757575757577,0.0018939393939393942,0.08901515151515152,0.0,0.0,0.0,0.0018939393939393942,0.0,0.005681818181818182,0.0,0.0,0.0037878787878787884,0.0,0.0037878787878787884,0.0,0.0,0.0018939393939393942,0.0037878787878787884,0.0,0.0,0.0,0.0,0.011363636363636364,0.0,0.0,0.0,0.0,0.0,0.0,0.0,0.0018939393939393942,0.01893939393939394,0.0,0.0,0.00946969696969697,0.0,0.0,0.0,0.0,0.0,0.0,0.03409090909090909,0.0
SKBTI.1068.1246950,0.02031602708803612,0.0,0.0,0.0,0.0,0.0,0.0,0.002257336343115124,0.0,0.0,0.0,0.0,0.004514672686230248,0.0,0.002257336343115124,0.0,0.0,0.0,0.0067720090293453715,0.0,0.0,0.0,0.002257336343115124,0.002257336343115124,0.002257336343115124,0.0,0.0,0.0,0.0,0.0,0.0,0.0,0.0,0.0,0.0,0.009029345372460496,0.002257336343115124,0.01580135440180587,0.002257336343115124,0.0,0.0,0.002257336343115124,0.0067720090293453715,0.0,0.0,0.0,0.0,0.0,0.009029345372460496,0.0
SKBTI.1195.1247299,0.04154302670623145,0.0,0.0,0.002967359050445104,0.0,0.0,0.002967359050445104,0.0,0.0,0.0,0.0,0.0,0.0,0.0,0.0,0.0,0.0,0.0,0.032640949554896145,0.0,0.0,0.0,0.0,0.0,0.0,0.0,0.0,0.002967359050445104,0.0,0.017804154302670624,0.0,0.0,0.0,0.0,0.0,0.0,0.0,0.0,0.0,0.0,0.0,0.0,0.0,0.0,0.008902077151335312,0.0,0.0,0.0,0.04747774480712166,0.0
SKBTI.1090.1246539,0.018648018648018648,0.0,0.002331002331002331,0.0,0.0,0.0,0.002331002331002331,0.0,0.0,0.002331002331002331,0.023310023310023312,0.0,0.002331002331002331,0.0,0.0,0.0,0.009324009324009324,0.0,0.0,0.006993006993006993,0.0,0.0,0.0,0.0,0.0,0.002331002331002331,0.0,0.0,0.0,0.002331002331002331,0.0,0.0,0.0,0.002331002331002331,0.0,0.004662004662004662,0.05594405594405594,0.002331002331002331,0.07692307692307693,0.0,0.0,0.0,0.002331002331002331,0.002331002331002331,0.0,0.0,0.009324009324009324,0.0,0.037296037296037296,0.0
SKBTI.1000.1246231,0.03791469194312797,0.0,0.0,0.0,0.0,0.0,0.0,0.014218009478672985,0.0,0.0,0.0047393364928909965,0.0,0.0,0.0,0.0,0.0,0.0,0.07109004739336493,0.0,0.0,0.0,0.0,0.0,0.0,0.0,0.0,0.0047393364928909965,0.0,0.0,0.0,0.0,0.0,0.0,0.0,0.0,0.0,0.009478672985781993,0.0,0.0,0.0,0.0,0.0,0.009478672985781993,0.0,0.0,0.0,0.0,0.0,0.014218009478672985,0.0
SKBTI.1186.1247395,0.07780979827089338,0.0,0.0,0.008645533141210375,0.0,0.0,0.0,0.0,0.0,0.0,0.0,0.0,0.0,0.0,0.0,0.0,0.0,0.0,0.0,0.0,0.0,0.0,0.0,0.0,0.0,0.0,0.0,0.0,0.0,0.002881844380403458,0.0,0.0,0.0,0.0,0.0,0.0,0.002881844380403458,0.0,0.0,0.0,0.0,0.002881844380403458,0.0,0.0,0.0,0.0,0.0,0.0,0.02881844380403458,0.0
SKBTI.1085.1247412,0.0,0.0,0.0,0.006896551724137931,0.0,0.0,0.003448275862068965,0.0,0.05172413793103448,0.0,0.0,0.003448275862068965,0.0,0.0,0.0,0.010344827586206895,0.0,0.0,0.03793103448275862,0.0,0.003448275862068965,0.0,0.0,0.0,0.0,0.0,0.0,0.0,0.0,0.006896551724137931,0.0,0.0,0.0,0.0,0.0,0.003448275862068965,0.0,0.0,0.0,0.0,0.003448275862068965,0.0,0.006896551724137931,0.0,0.003448275862068965,0.0,0.1724137931034483,0.0,0.0,0.0
SKBTI.0991.1247254,0.008333333333333333,0.0,0.0,0.0,0.0,0.0,0.0,0.0,0.016666666666666666,0.025,0.05833333333333333,0.0,0.0,0.0,0.0,0.008333333333333333,0.0,0.008333333333333333,0.0,0.0,0.0,0.0,0.0,0.0,0.008333333333333333,0.0,0.0,0.0,0.0,0.0,0.03333333333333333,0.025,0.0,0.0,0.0,0.0,0.0,0.0,0.0,0.008333333333333333,0.0,0.0,0.0,0.0,0.05,0.0,0.0,0.0,0.0,0.0
SKBTI.1261.1246687,0.031746031746031744,0.0,0.0,0.0,0.0,0.0,0.01058201058201058,0.005291005291005291,0.0,0.007936507936507936,0.0,0.002645502645502645,0.0,0.0,0.026455026455026454,0.0,0.0,0.0,0.0,0.0,0.0,0.002645502645502645,0.0,0.0,0.0,0.0,0.0,0.0,0.005291005291005291,0.002645502645502645,0.0,0.0,0.0,0.0,0.0,0.0,0.0,0.0,0.0,0.002645502645502645,0.0,0.0,0.01058201058201058,0.0,0.002645502645502645,0.0,0.0,0.0,0.002645502645502645,0.0
SKBTI.1308.1246296,0.011041009463722398,0.0,0.0,0.0,0.0,0.0,0.0,0.0015772870662460567,0.0,0.0,0.0,0.017350157728706624,0.0,0.0,0.006309148264984227,0.0,0.00473186119873817,0.006309148264984227,0.0,0.0,0.0,0.0,0.0,0.0,0.0,0.0,0.0015772870662460567,0.0,0.003154574132492113,0.0,0.0,0.003154574132492113,0.0,0.0,0.003154574132492113,0.0,0.0,0.007886435331230283,0.0,0.0,0.0,0.0015772870662460567,0.0015772870662460567,0.0,0.0015772870662460567,0.01577287066246057,0.0015772870662460567,0.0,0.011041009463722398,0.0
SKBTI.1084.1247144,0.022935779816513763,0.0,0.0,0.0,0.0,0.0,0.0,0.009174311926605505,0.01834862385321101,0.0,0.0,0.0,0.0,0.0,0.004587155963302753,0.0,0.0,0.0,0.0,0.0,0.0,0.0,0.0,0.0,0.004587155963302753,0.0,0.004587155963302753,0.0,0.0,0.0,0.14220183486238533,0.0,0.0,0.0,0.0,0.004587155963302753,0.0,0.0,0.0,0.0,0.0,0.0,0.004587155963302753,0.0,0.0,0.0,0.0,0.004587155963302753,0.01834862385321101,0.0
SKBTI.1230.1246913,0.0,0.0,0.0198019801980198,0.0,0.0,0.0,0.0,0.0,0.0,0.0,0.0,0.0,0.0,0.0,0.0,0.0,0.0,0.0,0.0,0.0,0.0,0.0,0.0,0.0,0.0,0.0,0.0,0.0,0.0,0.0,0.0,0.10396039603960396,0.0,0.0,0.0,0.0,0.0,0.0,0.0,0.0,0.0,0.0,0.0,0.0,0.0,0.0,0.0,0.0,0.0,0.0
SKBTI.1029.1246449,0.005504587155963303,0.0018348623853211012,0.012844036697247707,0.0,0.0,0.009174311926605505,0.0,0.0018348623853211012,0.0,0.0,0.0,0.0018348623853211012,0.0018348623853211012,0.0,0.0,0.005504587155963303,0.0,0.0,0.009174311926605505,0.0018348623853211012,0.0,0.005504587155963303,0.0,0.0018348623853211012,0.0,0.0018348623853211012,0.027522935779816515,0.0,0.0,0.0018348623853211012,0.0,0.012844036697247707,0.0,0.012844036697247707,0.0,0.0,0.0,0.0,0.0,0.0,0.0018348623853211012,0.0018348623853211012,0.0,0.0,0.0,0.0,0.0,0.005504587155963303,0.0,0.011009174311926606
SKBTI.1265.1246692,0.014285714285714284,0.0,0.0,0.0,0.0,0.0,0.0,0.0017857142857142854,0.0,0.0,0.0,0.0,0.026785714285714284,0.0,0.014285714285714284,0.0,0.0,0.0,0.0,0.0017857142857142854,0.0017857142857142854,0.0,0.0,0.0,0.0,0.0,0.0,0.0,0.0,0.0071428571428571435,0.0,0.014285714285714284,0.0,0.0,0.0,0.0035714285714285718,0.0,0.0,0.0,0.0,0.0,0.0,0.0017857142857142854,0.005357142857142857,0.0,0.0,0.0,0.0,0.0,0.0
SKBTI.1269.1247030,0.0,0.0,0.008908685968819599,0.0,0.0,0.0,0.0,0.0,0.0,0.0,0.0,0.0,0.0,0.0,0.0,0.0,0.0066815144766147,0.0,0.0066815144766147,0.0,0.0022271714922049,0.0,0.0,0.0,0.0,0.0,0.0,0.0,0.0,0.0,0.0155902004454343,0.0,0.0,0.0022271714922049,0.0,0.0,0.0,0.0,0.0,0.0022271714922049,0.0,0.0022271714922049,0.0,0.0,0.0022271714922049,0.0,0.0,0.004454342984409799,0.0,0.0
SKBTI.1287.1246942,0.01183431952662722,0.0,0.0,0.0,0.0,0.0,0.008875739644970414,0.0,0.0,0.002958579881656805,0.005917159763313609,0.0,0.0,0.0,0.0,0.0,0.0,0.0,0.0,0.0,0.0,0.0,0.0,0.0,0.0,0.0,0.0,0.0,0.0,0.0,0.0,0.0,0.0,0.0,0.0,0.0,0.002958579881656805,0.0,0.0,0.002958579881656805,0.0,0.0,0.0,0.0,0.0,0.0,0.0,0.0,0.08284023668639054,0.0
SKBTI.1239.1246712,0.025936599423631124,0.0,0.001440922190201729,0.0,0.0,0.0,0.002881844380403458,0.0,0.0,0.001440922190201729,0.0,0.027377521613832854,0.0,0.005763688760806916,0.0,0.0,0.0,0.0,0.0,0.0,0.001440922190201729,0.001440922190201729,0.0,0.0,0.001440922190201729,0.0,0.002881844380403458,0.0,0.0,0.001440922190201729,0.0,0.0,0.0,0.001440922190201729,0.001440922190201729,0.0,0.001440922190201729,0.001440922190201729,0.0,0.0043227665706051886,0.053314121037463975,0.001440922190201729,0.0,0.0,0.0,0.001440922190201729,0.007204610951008645,0.0,0.023054755043227664,0.001440922190201729
SKBTI.1050.1246293,0.007575757575757577,0.0,0.0,0.0037878787878787884,0.0037878787878787884,0.0,0.0,0.0,0.0,0.0,0.0,0.0,0.0,0.0,0.0,0.0,0.0,0.0,0.0,0.0,0.0,0.0,0.0037878787878787884,0.0,0.0,0.0,0.0,0.0,0.0037878787878787884,0.0,0.0,0.0,0.0,0.0,0.0,0.0,0.0,0.0,0.0,0.0,0.0,0.0,0.0,0.0,0.0037878787878787884,0.022727272727272728,0.007575757575757577,0.0,0.030303030303030307,0.0
SKBTI.1210.1246931,0.00954653937947494,0.0,0.0,0.0,0.0,0.0,0.0,0.0,0.0,0.002386634844868735,0.002386634844868735,0.0,0.0,0.0,0.0,0.0,0.0,0.0,0.0,0.0,0.0,0.0,0.0,0.002386634844868735,0.0,0.0,0.0,0.0,0.0,0.002386634844868735,0.0,0.0,0.0,0.002386634844868735,0.0,0.002386634844868735,0.0,0.0,0.0,0.0,0.0,0.0,0.0,0.002386634844868735,0.0,0.0,0.0,0.0,0.021479713603818614,0.00477326968973747
SKBTI.1317.1247132,0.03501945525291829,0.0,0.0,0.019455252918287938,0.0,0.0,0.0,0.0,0.0,0.0,0.0,0.01556420233463035,0.0,0.0,0.0,0.0,0.0,0.01556420233463035,0.0,0.0,0.0,0.0,0.0,0.0,0.0,0.0,0.0038910505836575885,0.0,0.0,0.0,0.0,0.0038910505836575885,0.0,0.007782101167315175,0.0038910505836575885,0.0,0.0038910505836575885,0.0038910505836575885,0.0,0.0,0.02334630350194553,0.0,0.0,0.0,0.0,0.0038910505836575885,0.0,0.0,0.03891050583657588,0.0
SKBTI.1089.1246274,0.027247956403269755,0.0,0.0,0.0,0.005449591280653951,0.0,0.0,0.0,0.04632152588555858,0.0,0.0,0.0,0.010899182561307902,0.0,0.0,0.0027247956403269754,0.0,0.0,0.0,0.0,0.0,0.0,0.0,0.0,0.0,0.0,0.0027247956403269754,0.0027247956403269754,0.008174386920980926,0.0,0.038147138964577665,0.005449591280653951,0.010899182561307902,0.0,0.0,0.0,0.0,0.0,0.0,0.0,0.0,0.0,0.0027247956403269754,0.0,0.0,0.005449591280653951,0.0,0.013623978201634877,0.0,0.005449591280653951
SKBTI.0998.1247434,0.01072961373390558,0.0,0.0,0.0,0.0,0.0,0.0,0.0,0.0,0.0,0.0,0.0,0.015021459227467813,0.002145922746781116,0.0,0.0,0.0,0.0,0.0,0.0,0.0,0.0,0.0,0.0,0.0,0.0,0.004291845493562232,0.002145922746781116,0.0,0.0,0.0,0.0,0.0,0.0,0.0,0.0,0.0,0.0,0.07081545064377683,0.002145922746781116,0.017167381974248927,0.0,0.0,0.0,0.0,0.0,0.0,0.0,0.0,0.002145922746781116
SKBTI.1042.1246604,0.002873563218390805,0.0,0.0,0.005747126436781609,0.0,0.002873563218390805,0.0,0.0,0.002873563218390805,0.0,0.0,0.0,0.0,0.002873563218390805,0.0,0.0,0.0,0.0,0.0,0.0,0.0,0.0,0.0,0.0,0.002873563218390805,0.0,0.0,0.0,0.002873563218390805,0.0,0.09770114942528736,0.0,0.0,0.0,0.0,0.0,0.002873563218390805,0.0,0.0,0.0,0.0,0.0,0.0,0.0,0.0,0.0,0.002873563218390805,0.0,0.1724137931034483,0.0
SKBTI.1241.1247284,0.002352941176470588,0.0,0.0,0.0,0.0,0.0,0.0,0.0,0.0,0.0,0.0,0.0,0.0,0.0,0.0,0.0,0.0,0.0,0.002352941176470588,0.0,0.0,0.0,0.002352941176470588,0.0,0.0,0.0,0.0,0.0,0.0,0.004705882352941176,0.0,0.0,0.0,0.0,0.002352941176470588,0.0,0.0,0.0,0.0,0.0,0.0,0.0,0.004705882352941176,0.0,0.0,0.023529411764705882,0.0,0.004705882352941176,0.007058823529411766,0.0
SKBTI.1114.1246342,0.010067114093959731,0.0,0.0,0.0302013422818792,0.0,0.0,0.0,0.0,0.0,0.0,0.0,0.0,0.003355704697986577,0.0,0.0,0.0,0.0,0.0,0.0,0.0,0.0,0.003355704697986577,0.0,0.0,0.0,0.0,0.0,0.0,0.0,0.02348993288590604,0.0,0.0,0.0,0.020134228187919462,0.0,0.0,0.0,0.0,0.0,0.0,0.0,0.0,0.0,0.0,0.0,0.0,0.0,0.0,0.18791946308724836,0.0
SKBTI.1232.1247225,0.00546448087431694,0.0,0.0036429872495446266,0.009107468123861569,0.0,0.0,0.0,0.0,0.0,0.0,0.0273224043715847,0.0,0.0,0.0,0.0,0.0,0.0036429872495446266,0.0,0.0,0.0,0.0,0.0018214936247723133,0.0,0.0018214936247723133,0.0,0.0,0.0,0.00546448087431694,0.0,0.12204007285974498,0.0,0.0,0.0,0.0036429872495446266,0.0,0.0,0.0036429872495446266,0.0,0.0,0.0,0.0,0.0,0.0,0.0,0.0,0.0,0.0,0.014571948998178506,0.06557377049180327,0.0
SKBTI.1078.1246823,0.0,0.0,0.0,0.002444987775061125,0.0,0.0,0.0,0.002444987775061125,0.0,0.022004889975550126,0.022004889975550126,0.0,0.0,0.0,0.0,0.0,0.0,0.0,0.0,0.004889975550122249,0.0,0.0,0.0,0.0,0.0,0.0,0.0,0.0,0.0,0.0,0.14180929095354522,0.007334963325183373,0.0,0.002444987775061125,0.0,0.0,0.0,0.0,0.0,0.0,0.0,0.002444987775061125,0.0,0.0,0.0,0.0,0.0,0.0,0.0,0.007334963325183373
SKBTI.1214.1246879,0.005714285714285714,0.0,0.011428571428571429,0.0,0.0,0.0,0.0,0.0,0.0,0.0,0.0,0.0,0.0,0.0,0.0,0.0,0.0,0.0,0.0,0.0,0.0,0.0,0.0,0.005714285714285714,0.0,0.0,0.0,0.0,0.0,0.0,0.0,0.057142857142857134,0.0,0.017142857142857144,0.0,0.0,0.0,0.0,0.0,0.0,0.0,0.0,0.0,0.0,0.0,0.0,0.0,0.0,0.7257142857142858,0.0
SKBTI.1020.1246239,0.0,0.0,0.0,0.0,0.0,0.0,0.0,0.0,0.0,0.0,0.0,0.0,0.0,0.0,0.0,0.0,0.0,0.0,0.0,0.0,0.0,0.0,0.0,0.0,0.0,0.0,0.0,0.0,0.0,0.0,0.0,0.0,0.0,0.0,0.0,0.0,0.00625,0.0,0.0,0.0,0.0,0.0,0.0,0.0,0.0,0.0,0.0,0.0,0.0,0.0
SKBTI.1173.1247321,0.0,0.0,0.0,0.01492537313432836,0.0,0.0,0.0,0.0,0.0,0.0,0.0,0.0,0.0,0.0,0.0,0.0,0.0,0.0,0.0,0.0,0.0,0.0,0.0,0.0,0.0,0.0,0.0,0.0,0.0,0.00373134328358209,0.0,0.0,0.0,0.00373134328358209,0.0,0.0,0.0,0.0,0.0,0.0,0.0,0.0,0.0,0.0,0.0,0.0,0.0,0.0,0.5783582089552238,0.0
SKBTI.1055.1247319,0.02120141342756184,0.0,0.0,0.0,0.0,0.0,0.0,0.0,0.0,0.0,0.0,0.0,0.0,0.0,0.0,0.0,0.0,0.00706713780918728,0.0,0.0,0.0,0.0,0.0,0.0,0.0,0.0,0.0,0.0,0.0,0.0,0.0,0.0,0.0,0.0,0.0,0.0,0.0,0.0,0.00706713780918728,0.0,0.0,0.0,0.0,0.0,0.0,0.0,0.0,0.0,0.6325088339222615,0.0
SKBTI.1340.1247165,0.0,0.0,0.0034965034965034965,0.0,0.0,0.0034965034965034965,0.0,0.0,0.0,0.0,0.0,0.0,0.0,0.0,0.0,0.0,0.0,0.0,0.0,0.0,0.0,0.0034965034965034965,0.0,0.0,0.0,0.0,0.0,0.0,0.0,0.0034965034965034965,0.0,0.12937062937062938,0.0,0.0,0.0,0.0,0.0034965034965034965,0.0,0.0,0.0,0.0,0.0,0.0,0.0,0.0,0.0,0.0,0.0,0.0944055944055944,0.0
SKBTI.1076.1246152,0.014084507042253518,0.0,0.0,0.035211267605633804,0.0,0.0,0.011737089201877934,0.002347417840375587,0.0,0.0,0.0,0.0,0.0,0.0,0.007042253521126761,0.0,0.002347417840375587,0.0,0.0,0.0,0.0,0.002347417840375587,0.0,0.0,0.0,0.0,0.0,0.0,0.0,0.025821596244131457,0.0,0.014084507042253518,0.0,0.011737089201877934,0.0,0.0,0.0,0.0,0.0,0.0,0.002347417840375587,0.0,0.02112676056338028,0.0,0.0,0.0,0.004694835680751174,0.0,0.01643192488262911,0.0
SKBTI.1336.1246442,0.002136752136752137,0.0,0.05128205128205128,0.0,0.0,0.0,0.0,0.0,0.0,0.002136752136752137,0.0,0.1688034188034188,0.0,0.0,0.002136752136752137,0.0,0.0,0.0,0.0,0.0,0.0,0.0,0.0,0.0,0.0,0.0,0.0,0.0,0.0,0.0,0.0,0.034188034188034185,0.0,0.004273504273504274,0.0,0.0,0.002136752136752137,0.0,0.0,0.002136752136752137,0.02991452991452992,0.0,0.0,0.0,0.002136752136752137,0.0,0.0,0.0,0.047008547008547015,0.0
SKBTI.1256.1246243,0.030303030303030307,0.0,0.0,0.0,0.0,0.0033670033670033673,0.0,0.0,0.0,0.02356902356902357,0.0,0.0,0.0,0.0,0.0033670033670033673,0.0,0.0033670033670033673,0.0,0.030303030303030307,0.0,0.0,0.0033670033670033673,0.0,0.0,0.0,0.0,0.0,0.0,0.0,0.006734006734006735,0.0,0.010101010101010102,0.0,0.006734006734006735,0.0033670033670033673,0.0,0.006734006734006735,0.0,0.0,0.006734006734006735,0.0,0.0,0.0033670033670033673,0.0033670033670033673,0.0,0.0033670033670033673,0.0,0.006734006734006735,0.0,0.0
SKBTI.1257.1247275,0.016666666666666666,0.0,0.005555555555555557,0.005555555555555557,0.0,0.0,0.0,0.0,0.0,0.0,0.0,0.016666666666666666,0.0,0.0,0.0,0.0,0.0,0.0,0.0,0.0,0.005555555555555557,0.0,0.005555555555555557,0.0,0.0,0.0,0.0,0.0,0.0,0.0,0.34444444444444444,0.0,0.0,0.0,0.0,0.0,0.0,0.0,0.0,0.0,0.0,0.0,0.0,0.0,0.0,0.0,0.0,0.005555555555555557,0.0,0.0
SKBTI.1279.1246495,0.004123711340206186,0.0,0.012371134020618556,0.0,0.0,0.0,0.0,0.0,0.0,0.002061855670103093,0.0,0.0,0.0,0.0,0.0,0.0,0.0,0.01855670103092784,0.0,0.0,0.0,0.0,0.0,0.0,0.0,0.0,0.0,0.0,0.0,0.0,0.0,0.002061855670103093,0.0,0.0,0.0,0.0,0.0,0.002061855670103093,0.0,0.0,0.0,0.002061855670103093,0.0,0.0,0.0,0.0,0.0,0.0,0.020618556701030927,0.0
SKBTI.1281.1246303,0.0039603960396039604,0.0,0.027722772277227727,0.0,0.0,0.031683168316831684,0.0,0.0,0.0,0.0019801980198019802,0.0,0.023762376237623763,0.0,0.0,0.0,0.0,0.0,0.0,0.0,0.0,0.0,0.005940594059405941,0.0,0.0,0.0,0.0,0.0,0.0,0.0,0.015841584158415842,0.0,0.04158415841584159,0.0,0.0,0.0,0.0,0.0099009900990099,0.0,0.0,0.0,0.0039603960396039604,0.0,0.0,0.0,0.0,0.0,0.0,0.0,0.0,0.0
SKBTI.1301.1247194,0.007326007326007327,0.0,0.0,0.0,0.0,0.0,0.0,0.0,0.0036630036630036634,0.0,0.0,0.01098901098901099,0.0,0.0,0.0,0.0,0.0036630036630036634,0.0,0.0,0.0,0.0036630036630036634,0.0,0.01098901098901099,0.0,0.0036630036630036634,0.0,0.0036630036630036634,0.0,0.0,0.0,0.0,0.0,0.0,0.0,0.0,0.0036630036630036634,0.0036630036630036634,0.0,0.0,0.0,0.0,0.0,0.0,0.007326007326007327,0.0,0.0,0.007326007326007327,0.0,0.01098901098901099,0.0
SKBTI.1249.1246317,0.0,0.0,0.003154574132492113,0.0,0.0,0.0,0.0,0.0,0.0,0.0,0.0,0.0,0.003154574132492113,0.0,0.0,0.0,0.0,0.0,0.0,0.0,0.0,0.05362776025236593,0.0,0.0,0.0,0.0,0.0,0.0,0.0,0.0,0.0,0.0,0.0,0.13564668769716087,0.0,0.003154574132492113,0.006309148264984227,0.0,0.0,0.0,0.003154574132492113,0.0,0.0,0.0,0.0,0.0,0.0,0.006309148264984227,0.10725552050473186,0.0
SKBTI.1007.1246208,0.032352941176470584,0.0,0.0,0.014705882352941175,0.0,0.0029411764705882357,0.0,0.0,0.0,0.0,0.0,0.0029411764705882357,0.0,0.0,0.029411764705882356,0.0,0.0,0.0,0.0,0.0,0.0,0.0,0.0,0.0,0.0,0.0,0.0,0.0029411764705882357,0.0,0.0,0.023529411764705882,0.0,0.0,0.0,0.0,0.0,0.0,0.0,0.0,0.0,0.0,0.0,0.0,0.0,0.0,0.0,0.0,0.0,0.0,0.0
SKBTI.1121.1246265,0.0032679738562091504,0.0,0.0,0.0,0.0,0.0,0.0,0.0,0.0,0.029411764705882356,0.0,0.0,0.0,0.0,0.0,0.0,0.0,0.0,0.0,0.0,0.0,0.0,0.0,0.0,0.0,0.0,0.0196078431372549,0.0,0.0,0.026143790849673203,0.0,0.0032679738562091504,0.0,0.00980392156862745,0.0,0.0,0.006535947712418301,0.0,0.0,0.0,0.00980392156862745,0.0,0.006535947712418301,0.0,0.0,0.0,0.0,0.0,0.016339869281045753,0.0
SKBTI.1303.1246234,0.004597701149425286,0.0,0.0,0.0,0.0,0.002298850574712644,0.011494252873563218,0.0,0.0,0.0,0.0,0.0,0.0,0.0,0.016091954022988506,0.0,0.0,0.0,0.0,0.002298850574712644,0.0,0.0,0.0,0.0,0.0,0.0,0.0,0.0,0.0,0.011494252873563218,0.0,0.0367816091954023,0.0,0.0,0.0,0.002298850574712644,0.0,0.0,0.0,0.002298850574712644,0.0,0.0,0.0,0.0,0.0,0.002298850574712644,0.011494252873563218,0.0,0.011494252873563218,0.0
SKBTI.1112.1247280,0.015503875968992246,0.0,0.0,0.0,0.0,0.0,0.0,0.00516795865633075,0.0,0.0,0.0,0.0,0.0,0.0,0.0,0.0,0.0,0.0,0.0,0.0,0.0,0.0,0.0,0.0,0.0,0.0,0.002583979328165375,0.0,0.0,0.007751937984496123,0.07751937984496124,0.0,0.0,0.0,0.0,0.0,0.0,0.00516795865633075,0.0,0.00516795865633075,0.012919896640826873,0.0,0.0,0.0,0.0,0.0,0.0,0.0,0.5555555555555556,0.0
SKBTI.1175.1246501,0.0,0.0,0.0,0.0,0.0,0.0,0.0,0.0,0.0,0.0,0.0,0.0,0.0,0.0,0.0,0.0,0.0,0.0,0.0,0.0,0.0,0.0,0.0,0.0,0.0,0.0,0.0,0.0,0.0,0.0,0.0,0.009615384615384616,0.0,0.0,0.0,0.0,0.0,0.0,0.0,0.0,0.0,0.0,0.0,0.0,0.009615384615384616,0.0,0.0,0.0,0.9134615384615384,0.0
SKBTI.1255.1246440,0.04106280193236715,0.0,0.0,0.0,0.0,0.004830917874396135,0.0,0.0,0.0,0.0,0.0,0.0024154589371980675,0.0,0.0,0.0024154589371980675,0.024154589371980683,0.0,0.15942028985507245,0.016908212560386472,0.0,0.0,0.0,0.0,0.0024154589371980675,0.0,0.0,0.0,0.0,0.0,0.0,0.0821256038647343,0.014492753623188406,0.07004830917874398,0.0,0.0,0.0024154589371980675,0.0,0.0024154589371980675,0.007246376811594203,0.0,0.0,0.004830917874396135,0.004830917874396135,0.0,0.01932367149758454,0.0,0.014492753623188406,0.0,0.0,0.007246376811594203
SKBTI.1314.1246910,0.011820330969267141,0.0,0.0,0.09692671394799053,0.0,0.0,0.0,0.0,0.0,0.0,0.0,0.0047281323877068565,0.0,0.0,0.0,0.0,0.0,0.06855791962174941,0.0,0.0,0.0,0.0023640661938534283,0.0,0.0,0.0,0.0023640661938534283,0.0,0.009456264775413713,0.0,0.0047281323877068565,0.0,0.0023640661938534283,0.0,0.0,0.0,0.0,0.0,0.0,0.0047281323877068565,0.0047281323877068565,0.0,0.0023640661938534283,0.0,0.0,0.0,0.0,0.0,0.0,0.014184397163120569,0.0
SKBTI.1017.1246799,0.009615384615384616,0.0,0.0,0.01730769230769231,0.0,0.0,0.0019230769230769234,0.0,0.0,0.0,0.0,0.026923076923076925,0.0,0.0,0.030769230769230767,0.0,0.0,0.0,0.0,0.0,0.0,0.0,0.0,0.0,0.0,0.0019230769230769234,0.0,0.0,0.0,0.0,0.061538461538461535,0.015384615384615384,0.0,0.003846153846153847,0.0,0.0,0.0,0.0019230769230769234,0.0,0.0019230769230769234,0.01153846153846154,0.00576923076923077,0.0,0.0019230769230769234,0.0,0.0,0.0,0.007692307692307694,0.015384615384615384,0.0
SKBTI.1183.1246467,0.035422343324250684,0.0,0.0,0.0,0.0,0.0,0.0,0.0,0.0,0.0,0.0,0.0,0.0,0.0,0.07629427792915533,0.0,0.0,0.0,0.008174386920980926,0.0,0.0,0.0,0.0,0.0,0.0,0.0027247956403269754,0.0,0.0,0.0,0.0653950953678474,0.0,0.0,0.0,0.0,0.005449591280653951,0.0,0.0,0.0,0.0,0.0,0.008174386920980926,0.0,0.008174386920980926,0.0,0.0,0.0,0.0,0.0,0.043596730245231606,0.0
SKBTI.1138.1247238,0.00879765395894428,0.0,0.0,0.0,0.0,0.0,0.0029325513196480943,0.0,0.0,0.0,0.0,0.0029325513196480943,0.0,0.0,0.0,0.0,0.0029325513196480943,0.0967741935483871,0.0,0.0,0.0,0.0029325513196480943,0.0,0.0,0.0,0.0029325513196480943,0.0,0.0,0.0,0.0,0.0058651026392961885,0.0469208211143695,0.0,0.0029325513196480943,0.0,0.0,0.0029325513196480943,0.0,0.0,0.0,0.0,0.0058651026392961885,0.0029325513196480943,0.0,0.0,0.0,0.0,0.0,0.05865102639296187,0.0
SKBTI.1333.1246382,0.0,0.0,0.006134969325153374,0.0,0.0,0.0,0.0,0.0,0.0,0.0,0.0,0.0,0.0,0.0,0.0,0.0,0.0,0.0,0.0,0.0,0.0,0.0,0.0,0.0,0.0,0.0,0.0,0.0,0.0,0.0,0.0,0.0,0.0,0.006134969325153374,0.0,0.0,0.0,0.0,0.0,0.0,0.0,0.0,0.0,0.0,0.0,0.0,0.0,0.0,0.7975460122699386,0.0
SKBTI.1310.1247461,0.00967741935483871,0.0,0.0,0.0,0.0,0.0,0.016129032258064516,0.0,0.0,0.0,0.0,0.3935483870967742,0.0,0.0,0.0,0.0,0.0,0.0032258064516129032,0.0,0.0,0.0,0.0064516129032258064,0.0,0.0,0.0,0.0,0.016129032258064516,0.0,0.0,0.012903225806451613,0.0,0.05161290322580645,0.0,0.0,0.0,0.0,0.0032258064516129032,0.0,0.0,0.00967741935483871,0.03225806451612903,0.0,0.0032258064516129032,0.0,0.0,0.0,0.00967741935483871,0.0,0.03225806451612903,0.0
SKBTI.1231.1246660,0.028125,0.0,0.0,0.0,0.0,0.0,0.0,0.0,0.0,0.0,0.0,0.0,0.0015625,0.003125,0.0,0.0,0.0,0.078125,0.0,0.0,0.0,0.0,0.0,0.0,0.003125,0.003125,0.0,0.0,0.0,0.0,0.0125,0.0,0.0,0.0,0.0,0.003125,0.0,0.0,0.0,0.0,0.0,0.0,0.0,0.0015625,0.0,0.0,0.0,0.0,0.0109375,0.0
SKBTI.1302.1246218,0.0,0.0,0.011428571428571429,0.0,0.0,0.011428571428571429,0.0,0.0,0.0,0.0,0.0,0.028571428571428567,0.0,0.0,0.0,0.0,0.0,0.06285714285714286,0.0,0.0,0.0,0.0,0.0,0.0,0.0,0.0,0.0,0.0,0.0,0.0,0.0,0.022857142857142857,0.0,0.0,0.0,0.0,0.0,0.0,0.0,0.0,0.0,0.0,0.0,0.0,0.0,0.0,0.0,0.0,0.6514285714285715,0.0
SKBTI.1177.1246155,0.05725190839694656,0.0,0.0,0.06870229007633588,0.0,0.0,0.022900763358778626,0.0,0.0,0.0,0.0,0.0,0.0,0.0,0.03053435114503817,0.0,0.0,0.0,0.0,0.0,0.07251908396946563,0.0038167938931297713,0.0,0.0076335877862595426,0.0,0.0,0.0,0.0,0.0,0.0076335877862595426,0.0,0.019083969465648856,0.0,0.022900763358778626,0.0,0.0,0.0038167938931297713,0.0,0.0,0.0,0.0,0.0,0.03816793893129771,0.0,0.0,0.0,0.0,0.0,0.049618320610687015,0.0
SKBTI.1296.1247105,0.0,0.0,0.0,0.0,0.0,0.0,0.0,0.0,0.0,0.008333333333333333,0.0,0.0,0.0,0.0,0.0,0.0,0.0,0.0,0.0,0.0,0.0,0.008333333333333333,0.0,0.0,0.0,0.0,0.0,0.0,0.0,0.0,0.0,0.0,0.0,0.016666666666666666,0.0,0.0,0.008333333333333333,0.0,0.0,0.0,0.0,0.0,0.0,0.0,0.0,0.0,0.0,0.0,0.6083333333333333,0.0
SKBTI.1091.1247164,0.0,0.0,0.01492537313432836,0.0,0.0,0.0,0.0,0.0,0.0,0.0,0.0,0.30970149253731344,0.0,0.0,0.0,0.0,0.0,0.16791044776119404,0.0,0.0,0.0,0.0,0.0,0.0,0.0,0.0,0.0,0.0,0.0,0.0,0.0,0.011194029850746268,0.0,0.00373134328358209,0.0,0.0,0.0,0.0,0.0,0.0,0.00746268656716418,0.0,0.0,0.0,0.0,0.0,0.0,0.0,0.0,0.0
SKBTI.1299.1247431,0.016453382084095063,0.0,0.0,0.0018281535648994515,0.0,0.0018281535648994515,0.0,0.0,0.0,0.0,0.07861060329067641,0.0,0.007312614259597806,0.0,0.0,0.0,0.0,0.0,0.0,0.0,0.0,0.0018281535648994515,0.0,0.016453382084095063,0.0,0.0,0.0,0.003656307129798903,0.0,0.0018281535648994515,0.0,0.010968921389396707,0.0,0.0,0.0,0.0,0.007312614259597806,0.0,0.0,0.0,0.0,0.0,0.0,0.0,0.0,0.0,0.0,0.0,0.01828153564899452,0.0
SKBTI.1338.1247013,0.0,0.0,0.0,0.0,0.0,0.0,0.0,0.0,0.0,0.0,0.0,0.0,0.0,0.0,0.0,0.0,0.0,0.0,0.0,0.0,0.0,0.00373134328358209,0.0,0.0,0.0,0.0,0.001865671641791045,0.0,0.0,0.0,0.0,0.001865671641791045,0.0,0.005597014925373134,0.0,0.0,0.0,0.00373134328358209,0.0,0.0,0.0,0.024253731343283583,0.0,0.0,0.0,0.0,0.0,0.0,0.037313432835820885,0.0
SKBTI.1313.1246920,0.0196078431372549,0.0,0.0,0.00980392156862745,0.0,0.0,0.0,0.0,0.0,0.0,0.0392156862745098,0.0196078431372549,0.0,0.0,0.0,0.0,0.0,0.05882352941176471,0.0,0.0,0.0,0.0,0.0,0.00980392156862745,0.0,0.0,0.0,0.0,0.0,0.0,0.0,0.0,0.0,0.0196078431372549,0.0,0.0,0.00980392156862745,0.00980392156862745,0.0,0.0,0.0,0.0,0.0,0.0,0.0,0.0,0.0,0.0,0.0,0.0
SKBTI.1346.1247074,0.006069802731411229,0.0,0.03945371775417299,0.11077389984825492,0.0,0.013657056145675266,0.0,0.0,0.0,0.0,0.0,0.2094081942336874,0.0,0.0,0.0,0.0015174506828528073,0.0,0.18968133535660087,0.0,0.0,0.0,0.0409711684370258,0.0,0.0015174506828528073,0.0,0.0,0.0,0.0,0.0,0.0075872534142640375,0.0,0.0030349013657056147,0.0,0.07435508345978756,0.0,0.0,0.0,0.0,0.0,0.0,0.006069802731411229,0.0,0.0,0.0,0.0,0.0,0.0,0.0,0.015174506828528072,0.0
SKBTI.1026.1246716,0.017699115044247787,0.0,0.0,0.0,0.0,0.0,0.0,0.0,0.0,0.0,0.0,0.0,0.0,0.008849557522123894,0.0,0.0,0.0,0.0,0.0,0.008849557522123894,0.0,0.0,0.0,0.0,0.0,0.0,0.0,0.0,0.0,0.0,0.0,0.0,0.0,0.0,0.0,0.0,0.0,0.0,0.0,0.0,0.0,0.0,0.0,0.0,0.0,0.008849557522123894,0.0,0.0,0.0,0.0
